,Category,date,Date_Num
0,['Historical Archive/PD'],2015-09-30,1879
1,"['Dismemberment', 'Mental Illness', 'Music', 'NSFW']",2017-01-11,2348
2,"['Mental Illness', 'Monsters', 'Science']",2013-05-28,1024
3,['Ghosts'],2019-11-13,3384
4,"['Nature', 'Reality', 'Videos', 'Killahawke1']",2015-10-07,1886
5,"['Weird', 'Tewahway', 'Videos']",2022-01-09,4172
6,"['Beings', 'Diary/Journal']",2019-09-17,3327
7,"['Floyd Pinkerton', 'Monsters', 'NSFW', 'We Go Bump']",2013-01-05,881
8,['Animals'],2015-01-06,1612
9,"['Books', 'WriterJosh', 'Beings', 'Mental Illness', 'Photography', 'Computers and Internet']",2014-04-28,1359
10,"['Beings', 'Items/Objects', 'Books']",2014-08-14,1467
11,['Historical Archive/PD'],2012-03-24,594
12,"['Items/Objects', 'Computers and Internet', 'Video Games']",2017-01-28,2365
13,"['Animals', 'Dismemberment', 'Dreams/Sleep']",2014-06-04,1396
14,"['Demon/Devil', 'Disappearances', 'Mental Illness', 'Places']",2017-03-14,2410
15,['Beings'],2015-02-15,1652
16,"['HPL', 'Reality', 'History']",2017-08-20,2569
17,"['Monsters', 'Nature']",2021-06-25,3974
18,"['Animals', 'Reality']",2020-11-15,3752
19,['Items/Objects'],2018-06-25,2878
20,"['Ghosts', 'Mental Illness']",2013-10-13,1162
21,"['Dismemberment', 'Mental Illness', 'Demon/Devil']",2017-03-22,2418
22,"['Beings', 'Dreams/Sleep']",2018-01-16,2718
23,['Beings'],2012-11-08,823
24,"['Computers and Internet', 'Mental Illness', 'PotM']",2011-09-21,409
25,"['Disappearances', 'Reality', 'Theory', 'Micropasta']",2011-01-21,166
26,"['Ghosts', 'Ritual']",2012-10-03,787
27,['Monsters'],2014-05-27,1388
28,"['Historical Archive', 'Dreams/Sleep', 'Monsters']",2011-04-23,258
29,"['Demon/Devil', 'Places', 'Longpasta']",2015-09-12,1861
30,"['Television', 'Mental Illness', 'Dismemberment', 'PotM', 'Suggested Reading', 'Historical Archive']",2012-01-27,537
31,"['Ritual', 'Beings']",2017-08-09,2558
32,"['Beings', 'Historical Archive', 'Places']",2010-11-17,101
33,"['Reality', 'Theory', 'Historical Archive', 'Micropasta']",2010-08-18,10
34,"['Reality', 'History', 'Disappearances', 'Dreams/Sleep']",2017-12-18,2689
35,"['Space', 'History', 'Reality', 'Beings']",2014-08-09,1462
36,"['Palaeontologica', 'Monsters', 'Computers and Internet']",2021-10-26,4097
37,"['History', 'Mental Illness', 'Weird', 'Disappearances']",2023-03-14,4601
38,"['Mental Illness', 'Places', 'Disappearances', 'Diary/Journal']",2021-02-07,3836
39,"['Monsters', 'Military', 'Places', 'Mental Illness', 'History', 'Nature']",2015-08-08,1826
40,"['Lost Episodes', 'Television', 'History', 'Vehicles']",2023-07-03,4712
41,['Disappearances'],2013-12-11,1221
42,"['Gods', 'Weird']",2014-01-25,1266
43,"['Vehicles', 'Weird']",2023-03-23,4610
44,"['Computers and Internet', 'Ghosts', 'Diary/Journal', 'Dismemberment', 'Historical Archive']",2011-10-28,446
45,"['Military', 'Monsters', 'Places']",2016-03-30,2061
46,"['MJTR', 'Beings', 'Items/Objects']",2012-11-13,828
47,['Science'],2012-12-11,856
48,"['Computers and Internet', 'Beings']",2014-07-25,1447
49,['Reality'],2013-04-16,982
50,"['Mental Illness', 'Dreams/Sleep', 'Dismemberment']",2019-11-18,3389
51,"['Diary/Journal', 'Reality']",2013-10-25,1174
52,"['Beings', 'Mmpratt99 deviantart', 'Places']",2016-05-01,2093
53,"['Mental Illness', 'Reality', 'Horror Holiday 2015', 'Christmas']",2015-12-18,1958
54,"['Monsters', 'Dismemberment']",2019-07-28,3276
55,"['Beings', 'Disappearances', 'PotM']",2012-03-08,578
56,"['Items/Objects', 'Dreams/Sleep']",2014-06-10,1402
57,['Science'],2016-02-04,2006
58,"['Diary/Journal', 'Weird']",2017-01-16,2353
59,"['Diary/Journal', 'Beings']",2012-11-17,832
60,"['Beings', 'Reality']",2012-11-30,845
61,"['TheDoctorFF', 'Videos', 'Longpasta']",2018-10-02,2977
62,"['Places', 'Ghosts']",2012-10-23,807
63,['Monsters'],2012-02-27,568
64,"['Computers and Internet', 'Noctevoire', 'Beings', 'Disappearances']",2017-03-24,2420
65,"['Beings', 'Items/Objects', 'Weird']",2012-01-04,514
66,"['Diary/Journal', 'Mental Illness']",2017-09-26,2606
67,"['Dreams/Sleep', 'Beings', 'Micropasta']",2012-09-17,771
68,"['Dreams/Sleep', 'Dismemberment']",2014-11-20,1565
69,"['Places', 'Mental Illness']",2013-12-07,1217
70,"['Beings', 'Diary/Journal', 'Dreams/Sleep']",2013-01-08,884
71,"['Weird', 'Reality']",2015-03-20,1685
72,"['Ritual', 'Weird']",2023-03-28,4615
73,"['NSFW', 'Dismemberment', 'Disappearances', 'Diary/Journal', 'Weird']",2017-04-09,2436
74,"['Beings', 'Mirrors']",2012-11-15,830
75,"['Beings', 'Weird']",2023-03-29,4616
76,"['Mental Illness', 'Beings', 'Suggested Reading', 'NSFW', 'Military', 'Longpasta']",2014-07-18,1440
77,"['Ghosts', 'Places', 'Military', 'Suggested Reading', 'Longpasta']",2013-01-06,882
78,"['Mental Illness', 'Suggested Reading', 'NSFW', 'Military', 'Beings', 'Longpasta']",2014-07-16,1438
79,"['Ghosts', 'Places', 'Military', 'NSFW', 'Suggested Reading', 'Longpasta']",2013-04-14,980
80,"['Military', 'NSFW', 'Mental Illness', 'Beings', 'Suggested Reading', 'Longpasta']",2014-07-01,1423
81,"['Items/Objects', 'Beings', 'Dismemberment', 'Postuhenin']",2020-08-13,3658
82,"['Ghosts', 'Places']",2013-11-16,1196
83,['Reality'],2014-02-23,1295
84,['Weird'],2014-01-19,1260
85,"['Alparos-Lilah', 'Mental Illness']",2023-04-27,4645
86,"['Beings', 'Places']",2016-10-28,2273
87,"['Ghosts', 'Places']",2012-05-20,651
88,"['Mental Illness', 'Beings', 'Disappearances']",2012-03-02,572
89,"['Beings', 'Places']",2013-03-10,945
90,"['Demon/Devil', 'Halloween', 'Places', 'Ritual']",2012-04-12,613
91,"['Reality', 'Theory', 'Micropasta']",2012-05-18,649
92,"['Diary/Journal', 'Beings', 'Mental Illness', 'Computers and Internet']",2013-07-21,1078
93,"['DFPC15', 'Monsters', 'Reality', 'Lovecraftian']",2014-08-27,1480
94,"['Beings', 'Diary/Journal']",2011-05-16,281
95,"['Beings', 'Weird', 'Television']",2020-10-17,3723
96,['Mental Illness'],2012-08-10,733
97,"['Reality', 'Science', 'Diary/Journal']",2013-02-15,922
98,"['Military', 'Diary/Journal']",2013-10-19,1168
99,"['Military', 'Diary/Journal', 'Cryptids']",2013-10-21,1170
100,"['Military', 'Diary/Journal']",2013-10-19,1168
101,['Lost Episodes'],2013-04-25,991
102,"['Troll Pasta', 'Memes', 'Micropasta']",2010-08-19,11
103,"['Beings', 'Crime', 'Mental Illness', 'Videos']",2018-05-10,2832
104,"['Mental Illness', 'Dismemberment']",2014-06-22,1414
105,"['AGB', 'Ghosts']",2012-05-30,661
106,"['Mental Illness', 'Crime']",2015-02-20,1657
107,"['Science', 'Disappearances', 'Videos', 'Shadowswimmer77']",2015-02-20,1657
108,"['AGB', 'Military']",2012-06-19,681
109,"['Ghosts', 'Places']",2012-07-14,706
110,"['REH', 'Poetry']",2018-01-12,2714
111,['Weird'],2017-08-08,2557
112,"['Poetry', 'Weird', 'Banned In CP']",2018-04-12,2804
113,"['Monsters', 'Dismemberment', 'The Hooded Werewolf']",2012-05-06,637
114,"['Poetry', 'Reality']",2022-07-07,4351
115,"['Ghosts', 'Items/Objects', 'Postuhenin']",2020-05-15,3568
116,['Mental Illness'],2015-10-11,1890
117,"['GreyOwl', 'Beings', 'Videos', 'Books', 'Vehicles']",2015-08-31,1849
118,"['Monsters', ""The Vesper's Bell""]",2022-06-11,4325
119,"['History', 'Military', 'Reality']",2011-12-10,489
120,"['Ghosts', 'Jdeschene', 'Videos']",2018-06-14,2867
121,['Mental Illness'],2016-08-16,2200
122,"['AGB', 'Military']",2012-06-20,682
123,"['Animals', 'Monsters', 'Nature']",2022-06-08,4322
124,['Television'],2021-05-08,3926
125,"['Monsters', ""The Vesper's Bell""]",2022-07-28,4372
126,['AGB'],2018-07-10,2893
127,"['Mental Illness', 'Halloween']",2018-10-18,2993
128,"['Lovecraftian', 'Monsters']",2014-03-25,1325
129,['Monsters'],2014-02-04,1276
130,"['Items/Objects', 'Beings', 'Mental Illness', 'Dreams/Sleep']",2012-03-29,599
131,"['Hospitals', 'Ghosts', 'MalumLibrum958']",2022-11-24,4491
132,"['Places', 'Mental Illness']",2015-10-02,1881
133,"['Items/Objects', 'Television', 'Micropasta']",2011-06-13,309
134,['Animals'],2013-11-02,1182
135,['Beings'],2014-02-03,1275
136,"['Nature', 'Ghosts', 'Dismemberment']",2013-07-19,1076
137,"['Beings', ""The Vesper's Bell""]",2022-09-10,4416
138,"['Items/Objects', 'Ghosts', 'Disappearances']",2014-03-21,1321
139,"['Mirrors', 'Dreams/Sleep', 'Demon/Devil']",2011-05-28,293
140,"['Cryptids', 'Disappearances']",2015-05-19,1745
141,"['Beings', 'Books', 'Mirrors']",2021-11-04,4106
142,"['Food', 'Mental Illness']",2023-11-22,4854
143,"['Icydice', 'Beings', 'Christmas']",2017-12-24,2695
144,"['DrBobSmith', 'Beings', 'Christmas']",2018-11-29,3035
145,"['Disappearances', 'Christmas', 'PotM']",2014-01-06,1247
146,"['Demon/Devil', 'Dismemberment', 'Dreams/Sleep', 'Christmas']",2019-11-28,3399
147,"['AGB', 'Ghosts']",2012-06-21,683
148,"['ExRwood', 'Gods', 'Nature', 'Videos']",2020-08-30,3675
149,"['Dreams/Sleep', 'Mental Illness', 'Reality']",2014-10-09,1523
150,"['Places', 'Beings', 'Disappearances']",2012-11-05,820
151,"['William See', 'Monsters', 'Animals', 'Mental Illness', 'Science', 'Dismemberment', 'Items/Objects', 'Micropasta']",2020-03-30,3522
152,['Dreams/Sleep'],2012-05-16,647
153,"['Beings', 'Theory']",2011-12-29,508
154,"['Dismemberment', 'Kafka', 'Music', 'NSFW', 'Reality', 'Weird']",2017-09-15,2595
155,"['Monsters', 'Weird']",2020-02-06,3469
156,"['History', 'Demon/Devil']",2021-07-20,3999
157,"['Dreams/Sleep', 'Ghosts']",2012-12-20,865
158,"['Mental Illness', 'Longpasta']",2017-05-24,2481
159,"['Demon/Devil', 'Mental Illness']",2012-07-19,711
160,"['HPL', 'Poetry', 'Gods']",2017-10-06,2616
161,['Poetry'],2012-05-31,662
162,"['Mental Illness', 'Reality']",2013-11-24,1204
163,"['Beings', 'Dismemberment']",2013-11-08,1188
164,"['Books', 'Beings']",2014-06-04,1396
165,"['Military', 'Diary/Journal']",2016-03-25,2056
166,"['Animals', 'Beings']",2013-07-14,1071
167,"['Ghosts', 'Mental Illness']",2017-12-09,2680
168,"['Weird', 'Fairly7Local']",2019-03-24,3150
169,['Mental Illness'],2015-07-30,1817
170,"['Reality', 'Dreams/Sleep']",2016-07-30,2183
171,['Weird'],2023-11-16,4848
172,"['Beings', 'Disappearances']",2014-02-02,1274
173,"['Lost Episodes', 'Historical Archive']",2011-10-10,428
174,"['Gods', 'Lovecraftian', 'Space', 'Diary/Journal']",2012-01-27,537
175,"['Videos', 'Historical Archive/PD']",2018-08-13,2927
176,"['AltLang', 'Crime', 'History']",2023-07-22,4731
177,"['Ritual', 'Items/Objects', 'FearAddict']",2015-01-20,1626
178,['Demon/Devil'],2018-05-18,2840
179,"['Demon/Devil', 'Crime', 'Longpasta', 'NSFW']",2022-10-16,4452
180,"['Dreams/Sleep', 'Mental Illness', 'Beings', 'Diary/Journal']",2014-05-12,1373
181,['EAP'],2012-04-24,625
182,"['Computers and Internet', 'Ghosts', 'Video Games']",2014-09-19,1503
183,"['AGB', 'Beings']",2012-05-23,654
184,"['Diary/Journal', 'Disappearances', 'Places']",2011-12-12,491
185,"['Places', 'Dreams/Sleep', 'Ghosts', 'Jdeschene']",2018-08-29,2943
186,"['Lovecraftian', 'Beings', 'Weird']",2016-02-18,2020
187,"['Mental Illness', 'Micropasta']",2015-07-08,1795
188,['PokéMon'],2012-03-15,585
189,['Mental Illness'],2012-09-30,784
190,['Mental Illness'],2014-05-11,1372
191,"['Reality', 'Weird']",2018-04-08,2800
192,"['Reddit Pastas', 'Animals', 'Weird']",2017-03-07,2403
193,"['Animals', 'Cryptids']",2017-10-08,2618
194,"['We Go Bump 2', 'Animals', 'Monsters']",2012-11-10,825
195,"['EmpyrealInvective', 'Mental Illness']",2015-10-31,1910
196,"['EAP', 'Poetry']",2012-05-01,632
197,"['Poetry', 'Beings', 'Weird', 'EtherBot']",2017-11-20,2661
198,"['Dorkpool', 'Dreams/Sleep', 'Monsters', 'Videos']",2023-11-03,4835
199,"['Animals', 'Beings', 'Lovecraftian', 'Reality', 'Wheel of Misfortune 2022']",2022-04-30,4283
200,['Dreams/Sleep'],2012-05-07,638
201,"['Dreams/Sleep', 'Theory']",2015-01-29,1635
202,"['EAP', 'Poetry']",2012-05-01,632
203,"['Beings', 'Micropasta']",2012-09-17,771
204,"['Beings', 'Theory', 'Micropasta']",2013-04-03,969
205,"['Dreams/Sleep', 'Diary/Journal', 'Mental Illness']",2013-03-09,944
206,"['Weird', 'Mental Illness', 'Hospitals', 'Micropasta']",2012-01-17,527
207,"['Ritual', 'Items/Objects']",2023-08-02,4742
208,"['We Go Bump 2', 'Mental Illness', 'Dreams/Sleep']",2012-12-11,856
209,['Weird'],2016-08-15,2199
210,"['STTWC15', 'Contest Winner', 'PotM', 'Suggested Reading', 'Beings', 'Places', 'Shadowswimmer77', 'Videos', 'Longpasta']",2015-04-16,1712
211,"['Disappearances', 'Reality', 'CPWSong2015']",2015-05-26,1752
212,"['Icydice', 'Monsters']",2024-02-22,4946
213,"['Ghosts', 'Dismemberment', 'Dourdan', 'Items/Objects', 'Longpasta']",2020-06-22,3606
214,['Beings'],2014-09-30,1514
215,"['Weird', 'History']",2015-06-25,1782
216,"['Beings', 'History']",2012-12-06,851
217,['Monsters'],2013-05-18,1014
218,"['Ghosts', 'Dreams/Sleep']",2014-03-10,1310
219,"['Monsters', 'Umbrello', 'Videos']",2015-11-05,1915
220,"['Ritual', 'Memes', 'Troll Pasta', 'Television', 'Micropasta']",2010-08-25,17
221,"['Demon/Devil', 'Disappearances']",2013-08-18,1106
222,"['Books', 'Places', 'Monsters', 'History', 'Ritual']",2014-08-27,1480
223,"['Ghosts', 'Dreams/Sleep', 'Mental Illness', 'Diary/Journal', 'Disappearances']",2017-12-11,2682
224,"['AGB', 'Ghosts', 'Places', 'Reality']",2017-09-13,2593
225,"['Monsters', 'Mental Illness', 'Dismemberment']",2012-05-16,647
226,"['Disappearances', 'Diary/Journal']",2016-09-30,2245
227,['Beings'],2015-02-07,1644
228,"['Reality', 'Weird', 'NSFW']",2014-09-03,1487
229,['Weird'],2015-06-08,1765
230,"['Disappearances', 'Beings']",2012-08-30,753
231,['Disappearances'],2013-10-07,1156
232,"['CWWriting15', 'Mental Illness', 'Beings']",2015-04-21,1717
233,"['Beings', 'Computers and Internet', 'PotM']",2017-05-01,2458
234,"['HPL', 'Poetry', 'Nature']",2012-04-10,611
235,"['Ghosts', 'Mental Illness']",2016-03-20,2051
236,"['Items/Objects', 'Cornconic', 'Videos']",2020-08-03,3648
237,"['Diary/Journal', 'Demon/Devil', 'Disappearances']",2014-09-15,1499
238,['Historical Archive/PD'],2015-10-14,1893
239,"['GreyOwl', 'Mental Illness', 'Demon/Devil']",2014-09-05,1489
240,"['DFPC15', 'Demon/Devil', 'Books']",2014-06-25,1417
241,"['ClericofMadness', 'Mental Illness']",2011-02-15,191
242,"['Items/Objects', 'Dismemberment']",2013-04-05,971
243,"['Mental Illness', 'Gomez Capulet', 'Videos']",2015-04-15,1711
244,['Mental Illness'],2017-02-20,2388
245,['Mental Illness'],2012-10-11,795
246,['Demon/Devil'],2017-07-30,2548
247,"['Dgrady237', 'Ritual', 'Halloween']",2023-01-14,4542
248,"['Mental Illness', 'Suggested Reading']",2012-05-22,653
249,"['Items/Objects', 'Diary/Journal']",2014-06-26,1418
250,"['Animals', 'CertainShadows', 'Dreams/Sleep', 'Videos']",2020-04-28,3551
251,"['Places', 'Ritual']",2011-12-04,483
252,['Dreams/Sleep'],2022-01-16,4179
253,"['Beings', 'Reality', 'Jdeschene', 'Videos']",2020-07-30,3644
254,"['Dreams/Sleep', 'Micropasta']",2012-05-14,645
255,"['Videos', 'Reddit Pastas', 'NSFW', 'Computers and Internet', 'Places']",2018-06-23,2876
256,['Weird'],2015-05-28,1754
257,"['Monsters', 'Weird']",2021-12-05,4137
258,"['RedNovaTyrant', 'Halloween', 'Reality', 'Videos']",2019-10-04,3344
259,"['Beings', 'Halloween']",2012-11-01,816
260,"['Beings', 'Reality', 'Halloween']",2011-11-01,450
261,"['Ghosts', 'Mental Illness', 'Micropasta']",2012-08-19,742
262,"['Mental Illness', 'Crime', 'Diary/Journal', 'Computers and Internet', 'Monsters', 'Historical Archive']",2010-08-15,7
263,['Weird'],2016-06-24,2147
264,['Items/Objects'],2015-10-16,1895
265,"['Ghosts', 'Places']",2016-10-23,2268
266,"['Troll Pasta', 'Video Games']",2011-12-21,500
267,"['Demon/Devil', 'Dreams/Sleep']",2013-09-18,1137
268,['Beings'],2014-04-27,1358
269,"['Items/Objects', 'Monsters', 'Jollytime Murderfest 2016', 'Christmas']",2016-12-24,2330
270,"['Beings', 'Icydice', 'Videos', 'Micropasta']",2018-01-19,2721
271,"['Beings', 'Places']",2015-12-29,1969
272,['AGB'],2018-07-10,2893
273,['Beings'],2014-06-23,1415
274,['AGB'],2018-07-10,2893
275,"['Mental Illness', 'History', 'Places', 'Longpasta']",2021-03-28,3885
276,"['Mental Illness', 'Television']",2012-12-18,863
277,"['DFPC15', 'History', 'Music', 'Videos', 'Places', 'FlakyPorcupine']",2013-11-16,1196
278,"['Animals', 'Items/Objects', 'Kafka', 'Reality', 'Ritual']",2017-09-14,2594
279,['Weird'],2020-05-07,3560
280,"['Diary/Journal', 'Beings', 'Reality']",2014-07-15,1437
281,['Beings'],2014-09-26,1510
282,"['Mental Illness', 'AGB']",2012-05-27,658
283,['Video Games'],2013-01-01,877
284,"['Mental Illness', 'Micropasta']",2014-03-26,1326
285,['Weird'],2018-05-04,2826
286,['Reality'],2012-10-08,792
287,['Beings'],2012-06-16,678
288,"['Beings', 'Diary/Journal']",2012-06-27,689
289,"['Beings', 'Christmas']",2018-12-03,3039
290,"['AGB', 'Diary/Journal', 'Mental Illness', 'Beings', 'Disappearances']",2017-09-13,2593
291,"['Ghosts', 'Historical Archive', 'Vehicles', 'Micropasta']",2010-08-10,2
292,['Monsters'],2012-09-27,781
293,"['Beings', 'Places']",2012-12-26,871
294,"['Animals', 'Cruel Fate 2020']",2020-02-11,3474
295,"['Demon/Devil', 'Micropasta']",2013-10-19,1168
296,"['MakRalston', 'Reality', 'Science']",2021-05-05,3923
297,"['Items/Objects', 'Reality']",2013-12-06,1216
298,"['L0CKED334', 'Beings', 'Videos']",2018-09-19,2964
299,['Beings'],2013-11-29,1209
300,"['Historical Archive', 'Mental Illness', 'Micropasta']",2010-08-19,11
301,['Beings'],2012-06-13,675
302,"['Reddit Pastas', 'Animals', 'Disappearances', 'Nature']",2023-04-05,4623
303,['Dreams/Sleep'],2020-11-09,3746
304,"['Animals', 'Poetry']",2015-11-21,1931
305,"['Beings', 'Dreams/Sleep']",2015-02-19,1656
306,"['Ritual', 'Places', 'Beings']",2012-10-01,785
307,"['Music', 'Demon/Devil']",2013-10-23,1172
308,"['Dreams/Sleep', 'Mental Illness']",2014-05-06,1367
309,"['AGB', 'Military']",2012-06-22,684
310,['Poetry'],2020-04-30,3553
311,"['Military', 'Nature', 'Science', 'Cornconic', 'Videos']",2019-02-14,3112
312,"['Beings', 'Photography', 'Places']",2014-07-13,1435
313,"['Gods', 'Places', 'Lovecraftian']",2016-04-09,2071
314,"['Beings', 'Micropasta']",2011-03-11,215
315,"['Science', 'Weird']",2016-11-18,2294
316,['Demon/Devil'],2013-08-06,1094
317,"['Mental Illness', 'RQMystery2015']",2015-08-30,1848
318,['Monsters'],2014-04-12,1343
319,['Demon/Devil'],2012-06-20,682
320,"['Dismemberment', 'Micropasta']",2014-05-27,1388
321,"['Monsters', 'Nature', 'Items/Objects']",2011-03-24,228
322,"['Dreams/Sleep', 'Beings']",2013-07-29,1086
323,"['Monsters', 'Jollytime Murderfest 2016', 'Christmas']",2016-12-23,2329
324,"['Mental Illness', 'Demon/Devil']",2015-03-12,1677
325,['Mental Illness'],2013-01-20,896
326,"['ZugZuwang', 'Mental Illness', 'Weird']",2023-01-04,4532
327,"['Reddit Pastas', 'Dreams/Sleep', 'Beings', 'Places', 'Reality']",2017-12-20,2691
328,"['Beings', 'Mental Illness']",2013-12-06,1216
329,"['AGB', 'Military']",2017-10-28,2638
330,"['Ghosts', 'Military', 'Micropasta']",2011-05-26,291
331,"['PokéMon', 'FlakyPorcupine']",2013-11-01,1181
332,['Beings'],2014-01-21,1262
333,"['Diary/Journal', 'Mental Illness']",2015-03-24,1689
334,"['Historical Archive', 'Beings', 'Dreams/Sleep']",2010-11-07,91
335,"['Computers and Internet', 'Mental Illness', 'NSFW']",2014-06-27,1419
336,"['Dreams/Sleep', ""The Vesper's Bell""]",2023-07-15,4724
337,['Beings'],2012-04-24,625
338,"['Doom Vroom', 'Items/Objects', 'Videos']",2017-02-08,2376
339,"['Diary/Journal', 'Mental Illness']",2015-10-31,1910
340,"['Mirrors', 'Beings', 'Micropasta']",2012-07-11,703
341,"['HopelessNightOwl', 'Dreams/Sleep', 'History', 'Military', 'Nature', 'Places', 'Wheel of Misfortune 2022']",2022-05-01,4284
342,"['Suggested Reading', 'Historical Archive/PD']",2012-05-22,653
343,['Animals'],2013-08-27,1115
344,"['Reality', 'Historical Archive', 'Mental Illness']",2010-11-07,91
345,"['Disappearances', 'Cryptids']",2013-11-11,1191
346,"['Beings', 'Dismemberment', 'Mental Illness']",2012-02-20,561
347,"['Mental Illness', 'Crime', 'PotM']",2018-03-26,2787
348,"['Places', 'Science', 'Animals', 'Nature', 'Weird', 'HopelessNightOwl']",2018-02-12,2745
349,['Monsters'],2015-10-28,1907
350,"['Music', 'Items/Objects']",2012-06-30,692
351,"['Weird', 'Micropasta']",2019-08-18,3297
352,"['Dreams/Sleep', 'Reality', 'Mental Illness', 'FlakyPorcupine']",2014-05-07,1368
353,"['Beings', 'Music']",2014-06-19,1411
354,"['Disappearances', 'Items/Objects']",2019-01-04,3071
355,"['Beings', 'Nature']",2018-10-06,2981
356,['Beings'],2021-05-17,3935
357,"['Animals', 'Dreams/Sleep']",2014-07-02,1424
358,['Monsters'],2014-02-19,1291
359,"['Mental Illness', 'Mirrors']",2014-01-27,1268
360,"['Crime', 'Dismemberment', 'Beings', 'WaveDivisionMultiplexer']",2013-09-27,1146
361,"['Alparos-Lilah', 'Places', 'Items/Objects']",2023-06-17,4696
362,"['Disappearances', 'EmpyrealInvective', 'Hospitals', 'Mental Illness', 'Videos']",2014-06-22,1414
363,"['Beings', 'Nature']",2021-11-18,4120
364,"['Demon/Devil', 'Hospitals']",2012-11-22,837
365,['Monsters'],2013-08-05,1093
366,"['Monsters', 'Nature', 'We Go Bump', 'Places']",2012-11-06,821
367,"['Dreams/Sleep', 'Mental Illness', 'Disappearances']",2012-03-22,592
368,"['Dreams/Sleep', 'Mental Illness', 'Monsters']",2012-05-30,661
369,"['Christmas', 'Contest Winner', 'Dismemberment', 'HumboldtLycanthrope', 'Monsters', 'NSFW', 'Places', 'Weird', 'Horror Holiday 2015']",2015-12-17,1957
370,['Halloween'],2014-08-21,1474
371,['Reality'],2020-03-13,3505
372,"['Dismemberment', 'Mental Illness', 'Weird']",2015-06-19,1776
373,"['Items/Objects', 'Reality']",2014-07-10,1432
374,[],2017-03-19,2415
375,"['Mental Illness', 'Micropasta']",2012-08-01,724
376,"['Christmas', 'Beings', 'Places', 'Historical Archive']",2010-11-07,91
377,['Items/Objects'],2012-01-17,527
378,"['Mental Illness', 'Diary/Journal', 'William See']",2022-09-24,4430
379,"['Diary/Journal', 'Space', 'Nature', 'Lovecraftian']",2018-06-21,2874
380,"['Ghosts', 'Reddit Pastas']",2018-07-20,2903
381,['Demon/Devil'],2012-10-15,799
382,"['Places', 'Reddit Pastas']",2017-02-18,2386
383,['Mental Illness'],2015-04-17,1713
384,['Mental Illness'],2010-12-23,137
385,"['Beings', 'History', 'Reality']",2020-10-17,3723
386,"['Items/Objects', 'Disappearances', 'Cryptids']",2018-04-04,2796
387,"['Items/Objects', 'Photography', 'Disappearances', 'Historical Archive', 'Micropasta']",2010-08-09,1
388,"['Monsters', 'Items/Objects', 'Mental Illness']",2011-06-18,314
389,"[""The Vesper's Bell"", 'Beings']",2023-07-29,4738
390,"['Halloween', 'Items/Objects', 'MakRalston', 'Weird']",2021-08-17,4027
391,"[""The Vesper's Bell""]",2023-01-22,4550
392,['Poetry'],2015-05-09,1735
393,['Nature'],2015-06-24,1781
394,['EAP'],2012-05-01,632
395,"['Military', 'Monsters']",2012-05-09,640
396,"['Ghosts', 'Micropasta']",2013-01-15,891
397,"['CharminglyShallow', 'Poetry', 'Videos']",2014-08-20,1473
398,['Beings'],2017-02-06,2374
399,"['AGB', 'Reality']",2012-06-02,664
400,"['EAP', 'Poetry', 'Music']",2017-10-24,2634
401,"['Lovecraftian', 'Longpasta']",2014-12-25,1600
402,['Beings'],2012-05-18,649
403,"['Beings', 'Dreams/Sleep']",2017-05-13,2470
404,"['Animals', 'Beings', 'Dismemberment']",2013-01-25,901
405,"['Animals', 'Mental Illness', 'Micropasta']",2012-04-28,629
406,['Mental Illness'],2014-01-02,1243
407,"['Ritual', 'Demon/Devil', 'Books']",2012-07-10,702
408,"['Historical Archive', 'Books', 'Ritual', 'Micropasta']",2011-04-22,257
409,"['Disappearances', 'Diary/Journal', 'Mental Illness', 'Space', 'Beings', 'We Go Bump 3']",2015-01-09,1615
410,['HPL'],2012-04-04,605
411,"['Dreams/Sleep', 'Mental Illness']",2021-10-08,4079
412,"['Kafka', 'Animals', 'Reality', 'Science', 'Music', 'Weird']",2017-09-15,2595
413,"['Ritual', 'Items/Objects', 'Beings']",2018-04-27,2819
414,"['StalkerShrike', 'Weird']",2022-10-05,4441
415,"['Places', 'Beings']",2012-11-30,845
416,"['AGB', 'Ghosts']",2012-05-29,660
417,"['Lovecraftian', 'Monsters', 'Places', 'Reddit Pastas']",2019-08-05,3284
418,"['Dismemberment', 'Gods']",2015-08-20,1838
419,['Items/Objects'],2012-03-04,574
420,"['Ritual', 'Beings', 'History', 'Tewahway', 'Food']",2022-02-17,4211
421,"['Monsters', 'Television', 'Demon/Devil']",2022-12-23,4520
422,"['Dreams/Sleep', 'Places', 'Beings', 'PotM', 'Mental Illness', 'Longpasta']",2011-07-15,341
423,"['Dreams/Sleep', 'Mental Illness', 'Reality', 'Cornconic', 'Longpasta']",2022-09-12,4418
424,"['Historical Archive/PD', 'Videos']",2014-05-13,1374
425,"['Music', 'Nature', 'Ghosts', 'Jdeschene', 'Videos']",2018-04-17,2809
426,"['Ghosts', 'Places', 'Jdeschene']",2018-07-28,2911
427,['Beings'],2013-12-03,1213
428,"['Places', 'Micropasta']",2013-06-23,1050
429,"['Historical Archive/PD', 'Videos']",2018-06-19,2872
430,"['Places', 'Reality']",2014-09-30,1514
431,"['Places', 'Weird']",2023-04-18,4636
432,"['Beings', 'CharminglyShallow', 'Reality']",2014-08-11,1464
433,['Dreams/Sleep'],2016-03-06,2037
434,"['Dreams/Sleep', 'Mirrors', 'Gods']",2015-04-04,1700
435,"['Animals', 'Beings', 'Nature', 'Cornconic', 'Wheel of Misfortune 2022']",2022-04-30,4283
436,"['Computers and Internet', 'Disappearances']",2015-08-05,1823
437,"['Mental Illness', 'Reality']",2011-04-27,262
438,"['Monsters', 'Mental Illness', 'Dismemberment', 'MakRalston']",2022-04-04,4257
439,"['Appealed Spinoffs', 'Video Games']",2013-04-03,969
440,"['Weird', 'Jdeschene', 'Videos']",2018-10-24,2999
441,"['Ghosts', 'Dreams/Sleep', 'Micropasta']",2014-02-13,1285
442,"['Animals', 'HLWerewolf2017', 'Icydice', 'Monsters', 'Videos']",2017-10-21,2631
443,"['Beings', 'Disappearances']",2011-12-15,494
444,"['Gods', 'Nature', 'Places', 'Tewahway', 'Food']",2022-05-25,4308
445,['Beings'],2013-12-29,1239
446,['Weird'],2023-07-12,4721
447,"['Beings', 'NSFW']",2014-05-23,1384
448,"['Mirrors', 'Beings', 'Reality']",2014-07-09,1431
449,"['Theory', 'Dreams/Sleep', 'Micropasta']",2012-10-07,791
450,"['Dismemberment', 'Disappearances', 'Mental Illness']",2017-05-26,2483
451,"['Nature', 'Disappearances', 'RTWC23']",2023-08-28,4768
452,['Beings'],2013-01-22,898
453,"['Gods', 'Reddit Pastas', 'Places', 'History']",2023-03-20,4607
454,"['Disappearances', 'Items/Objects']",2020-04-27,3550
455,"['Mental Illness', 'Diary/Journal', 'NSFW']",2012-09-11,765
456,"['Diary/Journal', 'Mental Illness', 'NSFW']",2012-09-12,766
457,"['EmpyrealInvective', 'Ghosts', 'PotM']",2015-01-16,1622
458,"['Ritual', 'Halloween', 'Items/Objects', 'Beings']",2013-08-06,1094
459,['AGB'],2018-07-10,2893
460,"['RTWC23', 'Music', 'Mental Illness']",2023-08-04,4744
461,"['Floyd Pinkerton', 'Monsters', 'Diary/Journal']",2018-04-27,2819
462,"['Space', 'Weird', 'Parlour']",2020-01-13,3445
463,['History'],2014-04-17,1348
464,"['Crime', 'Places']",2022-12-17,4514
465,"['Weird', 'Beings']",2015-01-23,1629
466,"['Reality', 'Mental Illness']",2011-11-18,467
467,"['Diary/Journal', 'Beings', 'Dismemberment', 'Mental Illness']",2012-12-04,849
468,"['Animals', 'Disappearances', 'Dreams/Sleep', 'Nature', 'Theory', 'Reality']",2018-05-12,2834
469,"['Items/Objects', 'Photography']",2014-10-27,1541
470,['Beings'],2011-12-26,505
471,"['Computers and Internet', 'Dismemberment', 'Mental Illness', 'Suggested Reading']",2014-11-06,1551
472,"['Halloween', 'Vehicles', 'Mental Illness']",2020-10-11,3717
473,"['Beings', 'Disappearances']",2013-04-06,972
474,['Weird'],2017-07-06,2524
475,['Computers and Internet'],2014-07-04,1426
476,"['Ghosts', 'Nature', 'EtherBot']",2017-10-01,2611
477,"['Beings', 'Places']",2015-08-27,1845
478,"['Beings', 'Dreams/Sleep', ""The Vesper's Bell""]",2022-06-09,4323
479,"['Ghosts', 'History', 'Military', 'Diary/Journal', 'Suggested Reading']",2012-04-17,618
480,"['RedNovaTyrant', 'Places', 'Dismemberment', 'Weird', 'Videos']",2020-01-27,3459
481,"['Diary/Journal', 'EmpyrealInvective', 'Mental Illness']",2016-10-16,2261
482,"['Poetry', 'Ghosts', 'Kolpik', 'Videos']",2018-04-17,2809
483,"['Nature', 'Places']",2014-06-09,1401
484,"['Mental Illness', 'Reality']",2015-04-09,1705
485,"['Places', 'Disappearances']",2018-01-18,2720
486,"['Dreams/Sleep', 'Dismemberment']",2012-02-17,558
487,['EAP'],2012-05-01,632
488,"['Beings', 'Space', 'Longpasta']",2016-01-05,1976
489,['EAP'],2012-05-01,632
490,"['Beings', 'Lovecraftian', 'Mental Illness', 'Reality']",2011-01-31,176
491,"['Disappearances', 'Weird', 'Beings', 'Memes']",2013-08-18,1106
492,"['Appealed Stories', 'Diary/Journal', 'Photography', 'Places', 'Beings']",2013-02-20,927
493,"['Weird', 'Umbrello', 'Mental Illness', 'Dismemberment']",2018-02-19,2752
494,"['Places', 'Books']",2017-12-30,2701
495,"['Items/Objects', 'Mental Illness', 'Dreams/Sleep']",2015-06-11,1768
496,"['MLycantrope', 'Dreams/Sleep', 'Weird', 'Dismemberment']",2021-05-16,3934
497,"['Items/Objects', 'Disappearances', 'History']",2012-10-20,804
498,"['Demon/Devil', 'Mirrors']",2013-03-15,950
499,"['Mental Illness', 'Science', 'Reality']",2015-08-04,1822
500,['Beings'],2014-12-21,1596
501,"['Reality', 'Mental Illness', 'Videos']",2013-01-03,879
502,"['Disappearances', 'Food', 'Micropasta']",2011-08-20,377
503,"['Beings', 'Dismemberment', 'Dreams/Sleep']",2014-12-14,1589
504,"['Mental Illness', 'AGB']",2012-05-24,655
505,"['Places', 'Reality', 'Photography']",2014-07-15,1437
506,"['Beings', 'Places', 'Lovecraftian']",2016-10-18,2263
507,"['Science', 'Places', 'Space']",2021-09-26,4067
508,"['Dreams/Sleep', 'Dismemberment', 'Monsters']",2013-09-29,1148
509,['Demon/Devil'],2012-11-20,835
510,['Ghosts'],2013-10-27,1176
511,"['Mental Illness', 'Theory', 'Weird']",2017-06-23,2511
512,['Weird'],2014-05-28,1389
513,['Mental Illness'],2013-12-07,1217
514,"['History', 'Micropasta']",2013-06-03,1030
515,"['Reality', 'Micropasta']",2015-03-28,1693
516,"['CharminglyShallow', 'Books', 'Mental Illness', 'Reality', 'We Go Bump 3']",2014-09-29,1513
517,['Gods'],2013-10-26,1175
518,"['EAP', 'Poetry']",2020-05-22,3575
519,"['Beings', 'Dismemberment', 'NSFW', 'Jdeschene']",2020-04-18,3541
520,"['Beings', 'Mental Illness']",2015-10-20,1899
521,"['Mental Illness', 'NSFW', 'Places', 'Longpasta']",2019-02-20,3118
522,"['Dreams/Sleep', 'Memes', 'Mental Illness']",2012-07-04,696
523,['Computers and Internet'],2021-05-18,3936
524,"['AGB', 'Items/Objects']",2012-06-16,678
525,"['Glisario', 'Items/Objects', 'Places']",2018-09-02,2947
526,"['Nature', 'Weird', 'WaveDivisionMultiplexer']",2014-08-23,1476
527,"['Cryptids', 'Nature']",2015-05-06,1732
528,['Beings'],2014-02-14,1286
529,"['Computers and Internet', 'Reality', 'Disappearances', 'Historical Archive']",2010-11-07,91
530,"['Reddit Pastas', 'NSFW', 'Computers and Internet', 'Dismemberment']",2017-10-08,2618
531,['AGB'],2012-06-15,677
532,"['Places', 'Historical Archive']",2011-03-24,228
533,['Monsters'],2021-12-18,4150
534,"['EmpyrealInvective', 'Science', 'Videos']",2014-03-30,1330
535,"['Beings', 'Items/Objects', 'Disappearances']",2016-08-02,2186
536,['AGB'],2018-07-10,2893
537,['Weird'],2020-02-05,3468
538,['Weird'],2023-08-17,4757
539,"['Reality', 'Lovecraftian', 'Beings']",2020-09-25,3701
540,['Mental Illness'],2017-04-04,2431
541,"['AltLang', 'Mental Illness']",2013-11-24,1204
542,['Video Games'],2012-08-31,754
543,['Military'],2015-09-01,1850
544,['Ghosts'],2014-10-24,1538
545,"['Places', 'Ritual', 'Micropasta']",2011-09-02,390
546,"['Ritual', 'Places', 'Items/Objects']",2013-05-01,997
547,"['PokéMon', 'Items/Objects', 'Historical Archive']",2011-09-05,393
548,['Video Games'],2011-12-15,494
549,['Diary/Journal'],2021-12-07,4139
550,"['Monsters', 'Diary/Journal']",2015-03-16,1681
551,"['Theory', 'Micropasta']",2014-06-27,1419
552,"['Beings', 'Dreams/Sleep']",2013-06-19,1046
553,"['Science', 'Weird']",2023-01-28,4556
554,"['Beings', 'Military']",2013-03-01,936
555,[],2015-02-21,1658
556,"['Food', 'Weird', 'Suggested Reading', 'Historical Archive']",2013-01-29,905
557,"['Places', 'Ghosts']",2016-02-19,2021
558,['Disappearances'],2017-01-01,2338
559,"['CWWriting15', 'Contest Winner', 'Ghosts', 'Mental Illness', 'Dismemberment', 'Music']",2015-04-27,1723
560,"['Computers and Internet', 'Dismemberment', 'Mental Illness', 'Reality', 'Reddit Pastas']",2017-08-31,2580
561,"['Reddit Pastas', 'Dismemberment', 'Computers and Internet', 'Reality', 'Mental Illness']",2017-08-31,2580
562,"['Reddit Pastas', 'Dismemberment', 'Computers and Internet', 'Reality', 'Mental Illness']",2017-08-31,2580
563,"['Beings', 'EmpyrealInvective', 'Videos']",2015-08-12,1830
564,"['Science', 'Reality', 'Theory']",2011-12-30,509
565,['PokéMon'],2012-09-23,777
566,"['Demon/Devil', 'Places']",2017-03-31,2427
567,"['Ritual', 'Beings']",2015-05-31,1757
568,"['Mirrors', 'Beings']",2014-09-22,1506
569,"['Lovecraftian', 'Science']",2020-06-11,3595
570,['Beings'],2015-03-24,1689
571,"['Wheel of Misfortune 2022', 'StalkerShrike', 'Beings', 'Places', 'History', 'Diary/Journal']",2022-04-24,4277
572,"['Places', 'Beings', 'Dismemberment']",2011-07-13,339
573,['History'],2016-05-10,2102
574,"['Items/Objects', 'Beings']",2013-02-28,935
575,"['Monsters', 'Items/Objects']",2021-05-16,3934
576,"['Crime', 'Mental Illness', 'RQMystery2015']",2015-09-08,1857
577,"['Dismemberment', 'Historical Archive', 'Micropasta']",2010-08-20,12
578,['Historical Archive/PD'],2018-06-19,2872
579,"['Items/Objects', 'Micropasta']",2013-02-04,911
580,"['Weird', 'Micropasta']",2015-08-19,1837
581,"['Nature', 'Historical Archive']",2011-03-23,227
582,['Mental Illness'],2013-05-28,1024
583,['Mental Illness'],2013-08-16,1104
584,"['EmpyrealInvective', 'Ghosts', 'Lovecraftian', 'Videos', 'We Go Bump 3', 'Longpasta']",2013-12-15,1225
585,"['Ritual', 'Animals', 'Monsters', 'Places', 'Micropasta']",2011-09-30,418
586,"['NSFW', 'Dismemberment', 'Jdeschene', 'Mental Illness', 'Videos']",2018-08-14,2928
587,"['History', 'Monsters']",2014-05-30,1391
588,"['Beings', 'Mental Illness']",2013-06-07,1034
589,"['GreyOwl', 'Dismemberment', 'Monsters', 'Reality', 'Spotlighted Pastas']",2014-09-26,1510
590,"['Demon/Devil', 'Theory', 'Micropasta']",2012-04-25,626
591,"['Icydice', 'Beings']",2018-11-23,3029
592,['Reality'],2017-03-29,2425
593,"['Ghosts', 'Dreams/Sleep']",2013-12-04,1214
594,"['Space', 'Diary/Journal']",2011-10-18,436
595,"['Ghosts', 'Mental Illness', 'Dismemberment']",2018-02-05,2738
596,"['Beings', 'Places']",2014-03-26,1326
597,"['Weird', 'Nature', 'Reality', 'Micropasta']",2013-02-23,930
598,"['L0CKED334', 'Military', 'Nature', 'Reality', 'Longpasta']",2018-10-11,2986
599,['Dismemberment'],2010-12-21,135
600,"['Television', 'Places']",2016-02-15,2017
601,"['Reality', 'Beings', 'Dreams/Sleep']",2013-02-05,912
602,['Television'],2013-06-05,1032
603,"['Theory', 'Reality']",2018-02-13,2746
604,['Monsters'],2014-04-05,1336
605,"['Items/Objects', 'Reddit Pastas', 'Spotlighted Pastas']",2017-06-01,2489
606,"['Mental Illness', 'Nature', 'Ghosts']",2011-04-15,250
607,"['Mental Illness', 'Micropasta']",2021-01-21,3819
608,"['Dreams/Sleep', 'Diary/Journal']",2012-05-11,642
609,"['Dismemberment', 'Micropasta']",2017-04-25,2452
610,"['History', 'Science', 'Dismemberment', 'Disappearances', 'Military', 'Diary/Journal', 'Noctevoire', 'Nature']",2017-01-08,2345
611,"['Items/Objects', 'Beings', 'Dismemberment', 'Historical Archive']",2010-12-05,119
612,"['Crime', 'Mental Illness', 'Dismemberment', 'Longpasta']",2015-06-22,1779
613,['Mental Illness'],2013-07-23,1080
614,"['Places', 'Beings', 'Hospitals']",2014-02-26,1298
615,"['Ghosts', 'Items/Objects']",2013-01-04,880
616,"['Video Games', 'Videos']",2011-03-23,227
617,['Ghosts'],2014-05-29,1390
618,"['DFPC15', 'Beings', 'Places']",2014-07-06,1428
619,['Video Games'],2013-02-09,916
620,"['Demon/Devil', 'Poetry']",2014-10-29,1543
621,"['EAP', 'Poetry']",2017-10-04,2614
622,['Ghosts'],2014-08-03,1456
623,"['Disappearances', 'Dreams/Sleep', 'Ritual', 'Dismemberment']",2013-05-07,1003
624,"['Weird', 'Items/Objects', 'Micropasta']",2022-05-21,4304
625,"['Photography', 'Reality', 'HopelessNightOwl', 'History', 'Micropasta']",2018-07-04,2887
626,['Demon/Devil'],2018-01-07,2709
627,"['Dismemberment', 'Videos', 'Disappearances', 'Vehicles']",2013-03-25,960
628,['Weird'],2019-07-15,3263
629,"['Dreams/Sleep', 'Demon/Devil']",2012-03-26,596
630,"['Places', 'Diary/Journal']",2014-01-02,1243
631,"['Dreams/Sleep', 'Lovecraftian']",2013-07-07,1064
632,"['Weird', 'Monsters']",2015-06-04,1761
633,['Items/Objects'],2014-12-12,1587
634,"['Monsters', 'Space', 'Micropasta']",2012-06-20,682
635,"['Beings', 'Dismemberment', 'Science']",2013-08-15,1103
636,"['Reality', 'Theory']",2013-04-09,975
637,['Science'],2014-11-03,1548
638,"['Science', 'Monsters']",2013-05-13,1009
639,"['Gods', 'Places', 'Beings']",2023-07-19,4728
640,['Weird'],2017-09-05,2585
641,"['Crime', 'Dismemberment', 'Mental Illness']",2016-05-30,2122
642,"['Mental Illness', 'Micropasta']",2014-07-25,1447
643,"['Dreams/Sleep', ""The Vesper's Bell""]",2022-11-20,4487
644,"['Science', 'Mental Illness', 'MakRalston']",2022-01-01,4164
645,['Weird'],2016-12-16,2322
646,['Beings'],2012-11-11,826
647,"['Weird', 'Items/Objects', 'Reddit Pastas']",2019-08-17,3296
648,"['Lovecraftian', 'Monsters', 'Weird', 'Places']",2015-07-02,1789
649,"['Reality', 'Mental Illness']",2012-01-03,513
650,"['Computers and Internet', 'Reality', 'Gods', 'PotM', 'Suggested Reading', 'Icydice', 'Videos']",2018-01-03,2705
651,['Weird'],2021-04-21,3909
652,"['Mental Illness', 'NSFW']",2015-06-03,1760
653,"['Animals', 'Beings', 'Disappearances', 'Dismemberment', 'Ritual']",2022-10-12,4448
654,"['DFPC15', 'Diary/Journal', 'Dreams/Sleep']",2014-08-15,1468
655,"['Theory', 'Videos']",2012-06-28,690
656,"['Mental Illness', 'Jdeschene', 'Videos']",2020-04-07,3530
657,"['Gods', 'Jollytime Murderfest 2016', 'Christmas']",2016-12-22,2328
658,"['Beings', 'Diary/Journal', 'Mental Illness', 'Longpasta']",2017-03-17,2413
659,"['Halloween', 'Halloween 2021', 'Mental Illness', 'Beings']",2021-10-10,4081
660,['Ghosts'],2014-01-07,1248
661,['Gods'],2014-02-26,1298
662,['Ghosts'],2017-03-07,2403
663,"['Beings', 'Places', 'Nature']",2016-09-06,2221
664,"['Computers and Internet', 'Disappearances', 'Reality']",2022-12-10,4507
665,"['Television', 'Animals', 'Dismemberment', 'Weird']",2012-02-25,566
666,['Mental Illness'],2014-12-22,1597
667,"['Beings', 'Disappearances', 'Reality']",2016-12-14,2320
668,"['Mental Illness', 'Nature']",2014-07-04,1426
669,"['Science', 'Items/Objects']",2014-01-04,1245
670,"['Beings', 'Disappearances', 'Videos']",2011-03-21,225
671,"['Reality', 'Micropasta']",2012-01-03,513
672,['Monsters'],2022-11-25,4492
673,"['FearAddict', 'Dismemberment', 'Mental Illness']",2015-02-10,1647
674,"['Poetry', 'EAP']",2013-02-11,918
675,"['Disappearances', 'Monsters', 'RTWC23']",2023-08-24,4764
676,"['Mental Illness', 'Dreams/Sleep']",2013-09-07,1126
677,"['Reality', 'Micropasta']",2013-04-29,995
678,"['Places', 'Demon/Devil']",2014-10-04,1518
679,"['Banned In CP', 'Science', 'Space']",2019-02-20,3118
680,"['Diary/Journal', 'Mental Illness', 'Science']",2013-07-10,1067
681,"['Halloween', 'Ghosts']",2020-10-23,3729
682,"['Beings', 'Dismemberment', 'Places']",2013-12-07,1217
683,"['Alparos-Lilah', 'Poetry', 'Beings', 'History']",2023-05-08,4656
684,['Monsters'],2012-08-23,746
685,"['Disappearances', 'Historical Archive', 'Computers and Internet']",2013-11-06,1186
686,"['Beings', 'Nature']",2012-12-17,862
687,"['MakRalston', 'Halloween', 'Weird', 'Items/Objects']",2021-10-01,4072
688,"['Cryptids', 'Dismemberment']",2017-09-26,2606
689,['Mental Illness'],2015-03-16,1681
690,['Beings'],2013-03-12,947
691,"['Monsters', 'Animals', 'Beings']",2020-01-27,3459
692,['Demon/Devil'],2016-12-30,2336
693,"['Dreams/Sleep', 'Mental Illness']",2013-02-12,919
694,"['Mental Illness', 'Beings']",2012-03-17,587
695,"['Reality', 'Beings', 'Historical Archive']",2010-08-16,8
696,"['Mental Illness', 'Monsters']",2012-01-09,519
697,['Monsters'],2014-11-16,1561
698,['Beings'],2013-05-30,1026
699,['Monsters'],2016-12-23,2329
700,"['Dorkpool', 'Poetry', 'Reality', 'Mental Illness']",2015-03-24,1689
701,['Computers and Internet'],2017-03-25,2421
702,['Mental Illness'],2018-07-15,2898
703,"['Animals', 'Nature']",2018-06-20,2873
704,"['Music', 'Beings', 'Videos']",2012-09-15,769
705,"['Mental Illness', 'Dreams/Sleep']",2014-07-23,1445
706,"['AGB', 'Micropasta']",2012-05-30,661
707,"['Dreams/Sleep', 'Mental Illness', 'Micropasta']",2012-07-22,714
708,['Science'],2011-10-27,445
709,"['RTWC23', ""The Vesper's Bell"", 'Cryptids', 'Food', 'Weird']",2023-08-19,4759
710,"['Ghosts', 'Dismemberment', 'Videos']",2015-07-22,1809
711,"['Beings', 'Dismemberment']",2020-06-04,3588
712,"['Ritual', 'Demon/Devil', 'AltLang']",2011-08-23,380
713,['Beings'],2013-06-18,1045
714,['Items/Objects'],2013-07-30,1087
715,"['Television', 'Mental Illness']",2011-07-28,354
716,"['Beings', 'Lovecraftian', ""The Vesper's Bell"", 'Weird']",2022-06-23,4337
717,['Places'],2013-08-12,1100
718,"['Poetry', 'EAP']",2012-05-01,632
719,"['AGB', 'Places', 'Mental Illness']",2017-08-20,2569
720,"['Space', 'Science', 'Theory', 'Reality']",2018-05-08,2830
721,"['Beings', 'Mirrors', 'Ritual', 'Micropasta']",2011-02-08,184
722,"['HPL', 'Poetry']",2012-04-10,611
723,['Beings'],2017-10-04,2614
724,"['Beings', 'Mental Illness', 'Dreams/Sleep']",2014-06-01,1393
725,"['TheDoctorFF', 'Items/Objects', 'Cryptids', 'Space', 'Animals', 'Reality']",2017-04-23,2450
726,"['Mental Illness', 'Micropasta']",2014-11-27,1572
727,"['DFPC15', 'Dismemberment', 'Beings', 'Ritual', 'Places', 'FlakyPorcupine']",2014-05-07,1368
728,"['History', 'Theory', 'Items/Objects', 'Beings', 'Historical Archive', 'Micropasta']",2010-08-20,12
729,"['Books', 'Weird', 'Dismemberment']",2015-07-16,1803
730,"['AGB', 'Dismemberment', 'Beings', 'Places']",2017-08-20,2569
731,"['Mental Illness', 'Dismemberment']",2013-07-11,1068
732,"['Dismemberment', 'Beings']",2014-08-21,1474
733,"['Mental Illness', 'Dismemberment', 'Beings']",2014-06-24,1416
734,"['NSFW', 'Mental Illness']",2014-06-12,1404
735,"['Weird', 'Micropasta']",2022-01-30,4193
736,"['Reality', 'Gods', 'Suggested Reading', 'Historical Archive']",2010-09-21,44
737,['Mental Illness'],2014-09-03,1487
738,"['Animals', 'Weird']",2013-09-07,1126
739,"['Beings', 'EmpyrealInvective', 'Videos']",2014-03-08,1308
740,"['EAP', 'Poetry']",2012-05-01,632
741,['Ghosts'],2012-05-16,647
742,"['Dreams/Sleep', 'Mental Illness']",2014-09-22,1506
743,['Beings'],2015-08-13,1831
744,"['Demon/Devil', 'SCAnti-Cliche2016']",2016-09-21,2236
745,"['Historical Archive', 'Dismemberment']",2010-08-16,8
746,"['Beings', 'Places', 'Spotlighted Pastas']",2015-08-16,1834
747,"['Floyd Pinkerton', 'Nature', 'We Go Bump']",2013-01-01,877
748,"['Reality', 'Disappearances', 'Places', 'Beings']",2011-08-24,381
749,"['Ritual', 'Weird']",2014-11-24,1569
750,"['Weird', 'Animals', 'Places']",2019-08-13,3292
751,"['AGB', 'Ghosts']",2012-06-09,671
752,"['Beings', 'Space']",2015-06-19,1776
753,"['Reality', 'Monsters', 'Theory']",2014-08-09,1462
754,"['Items/Objects', 'Micropasta']",2011-09-06,394
755,['Mental Illness'],2014-06-15,1407
756,"['Military', 'Dreams/Sleep', 'AGB']",2012-05-13,644
757,"['Mental Illness', 'Beings', 'History']",2015-05-25,1751
758,"['History', 'Vehicles', 'FlakyPorcupine']",2013-12-18,1228
759,"['Christmas', 'Disappearances']",2012-12-04,849
760,"['Dismemberment', 'Monsters', ""Hel's Bible Black 2019""]",2019-06-24,3242
761,"['Beings', 'Disappearances']",2012-02-15,556
762,"['Places', 'Ghosts', 'Micropasta']",2013-02-27,934
763,"['Demon/Devil', 'Books']",2013-01-06,882
764,"['Places', 'Disappearances', 'Monsters']",2015-06-19,1776
765,['Reality'],2013-12-28,1238
766,"['AustinDR', 'Beings']",2019-11-21,3392
767,['Mental Illness'],2019-07-23,3271
768,"['Mental Illness', 'Beings']",2020-11-05,3742
769,"['Reddit Pastas', 'Reality']",2017-10-15,2625
770,['Reality'],2013-03-12,947
771,"['Demon/Devil', 'Lovecraftian']",2016-10-06,2251
772,"['Disappearances', 'AGB']",2012-10-20,804
773,['Monsters'],2014-04-02,1333
774,"['Computers and Internet', 'Diary/Journal']",2013-05-27,1023
775,"['NSFW', 'Umbrello']",2015-11-21,1931
776,"['Computers and Internet', 'D. Compton Ambrose', 'Demon/Devil', 'Mental Illness', 'Reality', 'Longpasta']",2017-12-14,2685
777,"['Historical Archive', 'Suggested Reading', 'Cryptids', 'Nature']",2012-12-29,874
778,"['DFPC15', 'Dismemberment', 'Mental Illness', 'Animals']",2012-04-28,629
779,"['Diary/Journal', 'Beings', 'Science', 'Reality', 'William See']",2020-03-04,3496
780,"['History', 'Historical Archive']",2012-08-06,729
781,"['Monsters', 'Nature', 'Theory', 'Micropasta']",2012-05-16,647
782,['Beings'],2013-08-24,1112
783,['Beings'],2018-01-17,2719
784,['Dreams/Sleep'],2014-01-30,1271
785,"['Items/Objects', 'Dismemberment', 'Music']",2015-08-01,1819
786,['Diary/Journal'],2013-05-26,1022
787,['Dreams/Sleep'],2013-09-04,1123
788,"['Dismemberment', 'Weird']",2016-06-19,2142
789,"['Nature', 'Beings']",2014-01-18,1259
790,"['Monsters', 'HLWerewolf2017', 'Shadowswimmer77', 'Videos']",2017-10-25,2635
791,['Beings'],2014-02-16,1288
792,['Theory'],2013-07-15,1072
793,"['Places', 'NSFW', 'Science', 'Reality', 'Videos']",2015-02-18,1655
794,"['Crime', 'Dismemberment', 'History', 'Longpasta']",2013-05-01,997
795,['Beings'],2013-07-02,1059
796,"['Animals', 'Monsters']",2014-05-15,1376
797,"['Dreams/Sleep', 'Weird', 'Vehicles']",2015-01-01,1607
798,"['Demon/Devil', 'Dourdan']",2019-03-01,3127
799,"['Monsters', 'Dismemberment', 'Places']",2018-08-07,2921
800,['Demon/Devil'],2011-11-06,455
801,"['Places', 'Ghosts', 'Jdeschene', 'Nature', 'Videos']",2018-05-27,2849
802,"['CWWriting15', 'Demon/Devil']",2015-04-04,1700
803,"['Disappearances', 'Demon/Devil']",2014-07-01,1423
804,"['Monsters', 'Space']",2021-05-25,3943
805,"['DrBobSmith', 'Demon/Devil', 'Places', 'Nature']",2019-05-02,3189
806,"['Banned In CP', 'History', 'Mental Illness', 'Beings', 'Nature', 'Reality', 'Dreams/Sleep', 'Longpasta']",2019-02-06,3104
807,"['MLycantrope', 'Beings']",2022-04-02,4255
808,"['Disappearances', 'Places']",2016-03-21,2052
809,['Military'],2019-05-22,3209
810,['Monsters'],2013-06-24,1051
811,['Beings'],2012-03-26,596
812,"['Disappearances', 'Ghosts']",2018-01-14,2716
813,"['Dourdan', 'Military', 'Mental Illness']",2019-10-26,3366
814,"['DFPC15', 'Computers and Internet']",2014-07-22,1444
815,"['Cryptids', 'Nature', 'Jdeschene', 'NSFW', 'Videos']",2020-05-02,3555
816,"['Animals', 'Dismemberment', 'Mental Illness']",2014-03-13,1313
817,"['Monsters', 'Animals']",2018-07-25,2908
818,['History'],2018-01-14,2716
819,"['Disappearances', 'Dismemberment', 'Beings', 'Items/Objects', 'Diary/Journal', 'Ritual']",2011-07-13,339
820,"['Hospitals', 'Mental Illness']",2013-05-29,1025
821,"['Music', 'Crime', 'Demon/Devil', 'Books', 'Dismemberment']",2012-07-03,695
822,"['Computers and Internet', 'Weird']",2015-07-05,1792
823,['Poetry'],2012-05-01,632
824,"['Demon/Devil', 'Items/Objects', 'Historical Archive', 'History', 'Reality']",2012-02-24,565
825,['Ghosts'],2021-12-27,4159
826,['Mental Illness'],2014-10-07,1521
827,"['Places', 'Disappearances']",2018-01-18,2720
828,"['Disappearances', 'Weird']",2019-08-08,3287
829,"['Science', 'Mental Illness']",2014-11-19,1564
830,"['Disappearances', 'Dismemberment']",2013-04-07,973
831,"['Diary/Journal', 'Dreams/Sleep', 'Mental Illness', 'Animals']",2014-06-19,1411
832,['Mental Illness'],2015-08-31,1849
833,"['Beings', 'Computers and Internet', 'PotM']",2014-05-15,1376
834,"['Cornconic', 'Monsters', 'Vehicles', 'Weird', 'Videos']",2019-04-09,3166
835,"['Computers and Internet', 'Reality', 'Suggested Reading']",2014-07-05,1427
836,"['Television', 'Theory']",2015-05-22,1748
837,"['Beings', 'Hospitals', 'Places']",2015-07-06,1793
838,"['Weird', 'Animals', 'Nature', 'William See']",2019-06-16,3234
839,"['Historical Archive', 'Suggested Reading', 'Photography', 'Ghosts', 'Places', 'History', 'Disappearances', 'Mental Illness', 'Reality']",2012-12-14,859
840,"['FearAddict', 'Weird', 'Diary/Journal', 'Science', 'Computers and Internet']",2016-11-03,2279
841,"['Mental Illness', 'Lovecraftian', 'Dreams/Sleep', 'Monsters', 'We Go Bump 3']",2014-11-20,1565
842,"['Mental Illness', 'Reality', 'FlakyPorcupine', 'Christmas']",2013-12-09,1219
843,"['Food', 'Reality']",2022-10-09,4445
844,"['Dreams/Sleep', 'Beings']",2013-04-14,980
845,"['We Go Bump 2', 'Mental Illness', 'Hospitals']",2011-10-10,428
846,"['PotM', 'Monsters', 'Weird']",2018-08-05,2919
847,"['Disappearances', 'Killahawke1', 'Ritual', 'Videos']",2015-10-15,1894
848,['Mental Illness'],2015-06-08,1765
849,"['History', 'Diary/Journal', 'Military']",2014-08-21,1474
850,['Beings'],2011-07-09,335
851,"['Ritual', 'Demon/Devil', 'Icydice', 'Suggested Reading', 'SftSS18', 'Videos', 'PotM']",2018-06-15,2868
852,"['Ritual', 'Reality', 'Items/Objects']",2022-03-05,4227
853,"['DFPC15', 'Science', 'Military', 'Weird']",2014-07-25,1447
854,"['Historical Archive', 'Reality', 'Dreams/Sleep', 'Theory', 'Micropasta']",2010-08-08,0
855,['Monsters'],2012-05-07,638
856,"['Animals', 'Longpasta']",2023-02-26,4585
857,['Video Games'],2014-08-21,1474
858,"['Mental Illness', 'Weird']",2019-11-05,3376
859,"['Reality', 'Theory', 'Micropasta']",2012-07-04,696
860,"['Appealed Spinoffs', 'Computers and Internet', 'Demon/Devil']",2013-04-10,976
861,"['Mental Illness', 'Items/Objects']",2015-04-29,1725
862,"['Halloween 2021', 'Palaeontologica', 'Science', 'Monsters']",2021-10-14,4085
863,['Mental Illness'],2012-03-04,574
864,"['Beings', 'Disappearances']",2011-08-24,381
865,"['Animals', 'Dreams/Sleep', 'Places']",2020-12-09,3776
866,"['Beings', 'Mental Illness']",2019-06-11,3229
867,['Dreams/Sleep'],2014-03-31,1331
868,"['Reality', 'Micropasta']",2013-05-29,1025
869,['Beings'],2013-10-01,1150
870,"['Ghosts', 'Dismemberment']",2012-07-19,711
871,['Nature'],2016-04-21,2083
872,['Monsters'],2022-01-28,4191
873,"['Diary/Journal', 'Demon/Devil', 'Places']",2014-06-26,1418
874,"['Places', 'Mental Illness']",2012-05-22,653
875,"['Monsters', 'Places']",2015-03-02,1667
876,"['Dreams/Sleep', 'AltLang', 'Reality']",2012-01-22,532
877,['Dreams/Sleep'],2012-08-31,754
878,"['Monsters', 'Micropasta']",2012-09-24,778
879,"['Gods', 'Science', 'Space']",2015-06-04,1761
880,"['Dismemberment', 'Hospitals', 'Mental Illness', 'NSFW', 'Reality', 'Reddit Pastas', 'Science']",2017-08-22,2571
881,"['Beings', 'Science']",2019-03-03,3129
882,"['Dreams/Sleep', 'Mental Illness', 'Ghosts']",2013-06-29,1056
883,"['Ghosts', 'Ritual', 'Science', 'Dreams/Sleep']",2013-01-21,897
884,"['Dismemberment', 'Mental Illness']",2012-08-23,746
885,"['Computers and Internet', 'Places', 'Dismemberment', 'Vehicles']",2015-08-05,1823
886,"['Demon/Devil', 'Dreams/Sleep', 'Mental Illness']",2012-06-19,681
887,"['Dismemberment', 'MalumLibrum958']",2022-11-14,4481
888,"['Diary/Journal', 'Mental Illness', 'Science']",2014-07-10,1432
889,"['Cryptids', 'Mental Illness']",2014-01-22,1263
890,"['Dorkpool', 'Monsters']",2023-12-01,4863
891,"['Animals', 'Science']",2014-02-22,1294
892,"['Monsters', 'Computers and Internet', 'NSFW']",2013-02-08,915
893,"['Places', 'Monsters']",2012-12-24,869
894,"['Nature', 'Places']",2013-08-12,1100
895,"['Beings', 'JohnathanNash', 'Reality', 'Theory']",2015-06-09,1766
896,['Reality'],2015-05-23,1749
897,"['We Go Bump 2', 'Mental Illness', 'Dismemberment']",2013-02-14,921
898,['Dreams/Sleep'],2012-04-01,602
899,['Places'],2015-11-17,1927
900,['Ghosts'],2012-09-28,782
901,"['Places', 'Dismemberment', 'Beings']",2012-11-24,839
902,"['Weird', 'Micropasta']",2023-08-07,4747
903,['History'],2013-10-11,1160
904,"['Theory', 'Gods', 'Micropasta']",2012-10-24,808
905,"['Diary/Journal', 'Disappearances', 'Video Games', 'Photography']",2013-05-23,1019
906,"['Demon/Devil', 'Historical Archive', 'Places', 'Vehicles']",2011-02-10,186
907,"['Gods', 'Items/Objects']",2016-02-21,2023
908,"['Places', 'Micropasta']",2013-03-09,944
909,"['AltLang', 'Beings', 'Dreams/Sleep', 'Umbrello', 'Videos', 'We Go Bump 3']",2014-09-16,1500
910,"['Video Games', 'Historical Archive']",2010-08-18,10
911,['Places'],2012-04-10,611
912,['Beings'],2014-01-04,1245
913,['Mental Illness'],2014-11-18,1563
914,"['Music', 'Mental Illness']",2021-02-07,3836
915,"['Beings', 'Places']",2013-03-03,938
916,"['Beings', 'Diary/Journal', 'Dgrady237']",2015-04-12,1708
917,['Reality'],2011-10-16,434
918,"['Mental Illness', 'Historical Archive', 'Dismemberment']",2010-11-04,88
919,"['Science', 'Reality']",2013-12-04,1214
920,['Disappearances'],2017-09-19,2599
921,"['Animals', 'Micropasta']",2013-12-10,1220
922,['Beings'],2013-02-11,918
923,"[""The Vesper's Bell""]",2023-10-01,4802
924,"['Animals', 'ExRwood', 'Weird']",2021-06-09,3958
925,"['Beings', 'Dreams/Sleep', 'Items/Objects']",2014-10-20,1534
926,['Monsters'],2014-10-02,1516
927,['Places'],2016-02-25,2027
928,"['Items/Objects', 'Ritual', 'Dreams/Sleep', 'Beings']",2015-06-11,1768
929,"['Diary/Journal', 'Monsters']",2012-10-05,789
930,"['PokéMon', 'Theory', 'Historical Archive']",2011-09-12,400
931,"['Ritual', 'Poetry', 'Beings']",2012-11-01,816
932,['PokéMon'],2012-11-04,819
933,"['Beings', 'Dismemberment']",2013-06-04,1031
934,"['Ghosts', 'Photography', 'Places']",2014-09-16,1500
935,"['Historical Archive', 'Beings', 'Diary/Journal', 'Disappearances', 'Weird']",2010-08-16,8
936,"['Diary/Journal', 'EmpyrealInvective', 'Mental Illness', 'Military', 'Reality', 'Videos', 'We Go Bump 3']",2014-09-27,1511
937,"['Ghosts', 'Items/Objects', 'Places']",2013-08-28,1116
938,"['Places', 'Demon/Devil']",2015-09-23,1872
939,"['Items/Objects', 'Reality', 'Theory', 'Micropasta']",2010-10-01,54
940,"['Dismemberment', 'Dreams/Sleep', 'Ghosts']",2015-05-31,1757
941,"['Places', 'History']",2013-02-06,913
942,"['Food', 'NSFW', 'Weird']",2023-07-05,4714
943,"['Weird', 'Food', 'NSFW', 'Dismemberment', 'Crime']",2023-07-17,4726
944,['Weird'],2023-06-03,4682
945,"['Weird', 'ZugZuwang', 'Mental Illness', 'Nature', 'Videos']",2021-11-15,4117
946,"['Weird', 'Dreams/Sleep', 'AustinDR', 'Lovecraftian', 'Videos']",2020-02-12,3475
947,"['Beings', 'Lovecraftian', 'Reality', 'Space']",2018-09-07,2952
948,"['HPL', 'Poetry']",2012-04-10,611
949,['Demon/Devil'],2014-03-09,1309
950,"['Appealed Stories', 'Ghosts', 'Items/Objects', 'Longpasta']",2014-03-04,1304
951,"['Hospitals', 'Mental Illness', 'Reality', 'Places']",2011-11-09,458
952,"['Science', 'Computers and Internet', 'Reality']",2011-03-21,225
953,"['PotM', 'Dismemberment', 'EmpyrealInvective', 'Nature', 'Videos', 'Mental Illness', 'Vehicles', 'Diary/Journal']",2014-01-17,1258
954,"['AGB', 'Disappearances', 'Ghosts', 'Places']",2017-08-20,2569
955,"['NSFW', 'Beings', 'Dismemberment', 'Disappearances']",2014-10-28,1542
956,"['Monsters', 'Science', 'Videos']",2022-05-03,4286
957,"['REH', 'Poetry']",2018-01-12,2714
958,"['Nature', 'Lovecraftian', 'Beings', 'Jdeschene']",2021-04-14,3902
959,"['HWC23', 'Halloween', 'Nature', 'Places']",2023-10-28,4829
960,"['Reality', 'Mental Illness', 'Poetry']",2014-08-30,1483
961,"['Beings', 'CPWSong2016']",2016-01-13,1984
962,"['Dreams/Sleep', 'Science']",2017-03-06,2402
963,"['Dreams/Sleep', 'Beings']",2013-03-30,965
964,['Demon/Devil'],2013-02-18,925
965,"['Dreams/Sleep', 'History', 'Ghosts']",2015-05-22,1748
966,"['HPL', 'Monsters', 'Mental Illness', 'Longpasta']",2012-03-24,594
967,['Mental Illness'],2016-07-10,2163
968,"['Beings', 'Diary/Journal', 'Science']",2021-12-07,4139
969,[],2015-02-20,1657
970,"['Beings', 'Dreams/Sleep']",2014-05-19,1380
971,"['Weird', 'Gods']",2017-08-29,2578
972,['Mental Illness'],2014-01-06,1247
973,['Mental Illness'],2014-03-17,1317
974,"['Photography', 'Computers and Internet', 'Micropasta']",2019-09-11,3321
975,"['Ritual', 'Beings', 'Historical Archive', 'Micropasta']",2011-03-08,212
976,"['Items/Objects', 'Reality']",2012-06-30,692
977,"['Weird', 'Beings', 'Tewahway', 'Videos', 'NSFW']",2021-11-30,4132
978,"['NSFW', 'Animals', 'Weird']",2022-10-02,4438
979,['Items/Objects'],2013-03-02,937
980,['Diary/Journal'],2018-06-07,2860
981,['Beings'],2015-11-07,1917
982,"['History', 'Micropasta']",2015-01-13,1619
983,['Monsters'],2011-01-28,173
984,"['Monsters', 'History']",2020-10-26,3732
985,['Historical Archive/PD'],2018-04-15,2807
986,"['Mental Illness', 'Demon/Devil', 'Ritual', 'Places', 'NSFW']",2011-07-01,327
987,"['Monsters', 'Nature', 'Disappearances', 'Tewahway', 'Videos']",2021-09-16,4057
988,"['Animals', 'Beings', 'Nature', 'Places', 'Longpasta']",2016-05-03,2095
989,['Computers and Internet'],2012-11-28,843
990,"['Ghosts', 'Vehicles']",2012-12-25,870
991,['Beings'],2017-12-30,2701
992,"['Items/Objects', 'Mental Illness', 'Reality', 'Suggested Reading']",2013-03-09,944
993,['Science'],2014-02-17,1289
994,"['Mental Illness', 'Crime']",2017-10-31,2641
995,"['Items/Objects', 'Ghosts']",2014-04-23,1354
996,"['Disappearances', 'Military', 'Monsters']",2012-06-21,683
997,"['Beings', 'ZugZuwang', 'Weird']",2021-09-14,4055
998,"['Reddit Pastas', 'Items/Objects', 'Animals', 'Weird']",2017-08-30,2579
999,"['Gods', 'Reality']",2012-03-06,576
1000,"['Mental Illness', 'Diary/Journal']",2013-01-19,895
1001,"['Dismemberment', 'Hospitals']",2017-09-06,2586
1002,"['Items/Objects', 'Reality']",2013-09-22,1141
1003,"['Beings', 'Mental Illness']",2021-08-05,4015
1004,"['Beings', 'Dreams/Sleep', 'Historical Archive']",2010-08-09,1
1005,['Mental Illness'],2012-11-12,827
1006,"['Beings', 'Diary/Journal', 'Dreams/Sleep', 'Mental Illness']",2013-11-30,1210
1007,['Demon/Devil'],2012-05-03,634
1008,['Ghosts'],2016-07-25,2178
1009,['HPL'],2012-04-14,615
1010,"['Animals', 'Beings', 'Disappearances', 'History', 'Music', 'Ritual']",2014-05-22,1383
1011,"['Demon/Devil', 'Ritual', 'Computers and Internet']",2013-09-12,1131
1012,"['Zelda', 'Videos', 'Historical Archive', 'Memes', 'Longpasta']",2010-10-10,63
1013,"['Beings', 'Memes']",2011-07-09,335
1014,"['Dismemberment', 'Science', 'Monsters', 'William See']",2022-05-20,4303
1015,"['Science', 'Beings', 'Dismemberment', 'William See']",2021-11-23,4125
1016,"['Weird', 'Items/Objects', 'William See']",2019-11-15,3386
1017,"['Monsters', 'Science', 'Photography', 'William See']",2020-09-24,3700
1018,['Computers and Internet'],2015-02-07,1644
1019,['Nature'],2014-01-02,1243
1020,"['Items/Objects', 'Ghosts', 'Mental Illness', 'Historical Archive']",2010-08-16,8
1021,"[""The Vesper's Bell""]",2022-12-18,4515
1022,"['Dismemberment', 'Dreams/Sleep', 'Items/Objects']",2012-12-27,872
1023,"['L0CKED334', 'Mental Illness', 'Reality']",2018-10-24,2999
1024,"['Ghosts', 'Ritual', 'Micropasta']",2013-05-20,1016
1025,"['Items/Objects', 'Mental Illness', 'Historical Archive', 'Micropasta']",2010-08-19,11
1026,"['Computers and Internet', 'Dismemberment', 'Mental Illness']",2013-10-26,1175
1027,"['Reality', 'Poetry']",2024-02-11,4935
1028,"['Beings', 'Television', 'Items/Objects']",2015-09-16,1865
1029,"[""The Vesper's Bell"", 'Hospitals']",2023-05-13,4661
1030,"['Demon/Devil', 'Weird']",2023-05-28,4676
1031,"['History', 'Weird', 'Disappearances']",2020-09-03,3679
1032,['Dreams/Sleep'],2017-11-05,2646
1033,"['Demon/Devil', 'Dreams/Sleep']",2014-04-09,1340
1034,['Science'],2014-01-06,1247
1035,['Dismemberment'],2012-11-09,824
1036,"['Items/Objects', 'Mental Illness', 'Reality', 'NSFW']",2015-07-13,1800
1037,"['Beings', 'Items/Objects', 'Dgrady237']",2015-06-23,1780
1038,"['Cornconic', 'Mental Illness', 'Weird']",2019-07-03,3251
1039,['Mental Illness'],2014-12-22,1597
1040,"['Reality', 'Mental Illness', 'Historical Archive']",2010-08-18,10
1041,['Mental Illness'],2014-10-06,1520
1042,"['DFPC15', 'Ghosts', 'Mental Illness', 'Places']",2014-05-17,1378
1043,"['Diary/Journal', 'Monsters']",2016-08-30,2214
1044,"['Dreams/Sleep', 'Historical Archive', 'Monsters', 'Suggested Reading', 'Micropasta']",2010-08-20,12
1045,"['Ghosts', 'Historical Archive', 'Micropasta']",2010-08-19,11
1046,"['PotM', 'Dismemberment', 'Animals', 'Weird', 'Food', 'MakRalston']",2022-01-28,4191
1047,"['Diary/Journal', 'Disappearances', 'Places']",2013-10-27,1176
1048,"['RFCC15', 'Contest Winner', 'Mental Illness']",2015-04-20,1716
1049,"['Weird', 'Monsters', 'Gomez Capulet', 'Animals']",2018-05-25,2847
1050,"['ExRwood', 'Ghosts']",2020-11-22,3759
1051,"['MJTR', 'Reality', 'Mental Illness']",2012-01-16,526
1052,['Books'],2014-04-17,1348
1053,"['Beings', 'Reddit Pastas']",2021-01-08,3806
1054,"['Beings', 'Icydice', 'Disappearances', 'Places', 'Videos']",2018-03-07,2768
1055,"['Diary/Journal', 'Beings', 'WaveDivisionMultiplexer']",2013-11-10,1190
1056,"['Videos', 'Reality', 'RedNovaTyrant', 'Places']",2019-05-28,3215
1057,"['Places', 'Disappearances', 'Theory']",2015-01-21,1627
1058,['Beings'],2013-05-15,1011
1059,"['B4MV18', 'Monsters', 'Dismemberment', 'Contest Winner', 'Videos']",2018-02-22,2755
1060,"['Ghosts', 'Cryptids', 'Places', 'MakRalston']",2023-03-03,4590
1061,"['History', 'Monsters']",2020-10-01,3707
1062,"['Dismemberment', 'Weird']",2016-06-21,2144
1063,"['Beings', 'RCainTales']",2020-06-01,3585
1064,"['Places', 'Dismemberment']",2018-07-31,2914
1065,"['Dismemberment', 'Mental Illness', 'Micropasta', 'Food']",2011-12-22,501
1066,['Beings'],2014-06-15,1407
1067,"['Dreams/Sleep', 'Nature']",2018-06-01,2854
1068,"['Videos', 'Computers and Internet', 'Places', 'Historical Archive']",2010-08-17,9
1069,"['MJTR', 'Disappearances', 'Mental Illness']",2011-10-10,428
1070,"['RedNovaTyrant', 'Dismemberment', 'Monsters', 'Weird', 'Videos']",2020-02-18,3481
1071,"['Dismemberment', 'Dourdan', 'Hospitals', 'NSFW', 'Longpasta']",2020-01-16,3448
1072,"['Josef K.', 'Historical Archive', 'Mental Illness']",2011-03-20,224
1073,"['Dismemberment', 'Places', 'Science', 'History']",2020-06-04,3588
1074,"['Places', 'History', 'Dismemberment']",2012-05-24,655
1075,['Beings'],2015-03-23,1688
1076,"['Beings', 'Disappearances', 'Places', 'Mental Illness']",2014-02-28,1300
1077,"['Nature', 'Weird']",2017-07-03,2521
1078,"['Weird', 'Jdeschene']",2020-07-18,3632
1079,"['Mental Illness', 'Poetry']",2014-05-29,1390
1080,['Beings'],2014-07-15,1437
1081,"['PokéMon', 'Theory']",2012-03-14,584
1082,"['Items/Objects', 'Reality']",2014-05-19,1380
1083,"['Dreams/Sleep', 'History', 'Military']",2013-08-28,1116
1084,"['Places', 'Reddit Pastas', 'Mental Illness', 'Dismemberment', 'Disappearances']",2015-11-25,1935
1085,"['Computers and Internet', 'Disappearances', 'NSFW']",2016-05-26,2118
1086,"['L0CKED334', 'Places', 'Reality']",2018-11-12,3018
1087,"['Reality', 'Dismemberment']",2018-04-28,2820
1088,['Nature'],2018-03-07,2768
1089,"['Ghosts', 'Items/Objects']",2018-08-05,2919
1090,"['Reality', 'Beings', 'Micropasta']",2013-03-04,939
1091,"['Animals', 'Monsters']",2020-11-06,3743
1092,"['Cryptids', 'Dismemberment', 'History']",2021-12-18,4150
1093,['Reality'],2014-06-09,1401
1094,['Beings'],2014-10-18,1532
1095,"['Beings', 'Places', 'Ritual']",2012-04-01,602
1096,"['Mental Illness', 'Monsters', 'Dismemberment']",2012-06-06,668
1097,"['Gods', 'Dismemberment', 'Disappearances', 'Mental Illness']",2012-05-19,650
1098,"['Weird', 'Micropasta']",2013-08-18,1106
1099,"['Mental Illness', 'Diary/Journal']",2012-05-10,641
1100,"['Videos', 'Dismemberment']",2012-08-30,753
1101,"['Beings', 'Theory', 'Mental Illness', 'Dismemberment']",2012-04-10,611
1102,"['Weird', 'Micropasta']",2021-01-19,3817
1103,"['Beings', 'Micropasta']",2018-01-01,2703
1104,['Dismemberment'],2015-07-20,1807
1105,['Mental Illness'],2014-05-08,1369
1106,['Beings'],2015-02-10,1647
1107,"['Doom Vroom', 'Mental Illness', 'Videos', 'CPWSong2016']",2016-01-13,1984
1108,"['Beings', 'Mirrors']",2013-04-05,971
1109,"['Computers and Internet', 'Ghosts', 'Mental Illness']",2013-04-09,975
1110,"['Animals', 'Mental Illness', 'Weird']",2013-08-25,1113
1111,"['Demon/Devil', 'Reality', 'Raidra', 'Videos']",2017-06-19,2507
1112,"['Places', 'Science', 'Hospitals']",2014-11-13,1558
1113,"['Ritual', 'Items/Objects', 'Ghosts']",2014-05-31,1392
1114,['Beings'],2012-01-13,523
1115,"['Ghosts', 'Micropasta']",2013-01-04,880
1116,"['Dreams/Sleep', 'Ghosts']",2012-11-27,842
1117,"['Dreams/Sleep', 'Ghosts']",2012-11-28,843
1118,"['Dreams/Sleep', 'Ghosts']",2012-11-28,843
1119,['Ghosts'],2013-10-14,1163
1120,"['Dreams/Sleep', 'Ghosts']",2012-11-28,843
1121,"['Mental Illness', 'Dreams/Sleep']",2016-05-11,2103
1122,"['JohnathanNash', 'Monsters', 'Micropasta']",2015-10-15,1894
1123,"['Poetry', 'Demon/Devil']",2014-11-13,1558
1124,"['Science', 'Space', 'DrBobSmith', 'Halloween']",2018-07-21,2904
1125,"['Disappearances', 'Nature']",2012-11-14,829
1126,"['Reality', 'Animals', 'Micropasta']",2015-07-30,1817
1127,['Weird'],2015-03-26,1691
1128,"['Kafka', 'Reality', 'Beings']",2017-09-15,2595
1129,['Demon/Devil'],2013-08-03,1091
1130,"['Ghosts', 'Dreams/Sleep', 'Reality']",2012-10-24,808
1131,"['Dismemberment', 'Weird', 'Dreams/Sleep']",2011-08-15,372
1132,['Disappearances'],2012-12-10,855
1133,['Monsters'],2013-01-11,887
1134,"['Beings', 'Disappearances', 'Halloween', 'Mental Illness', 'Places']",2017-12-13,2684
1135,"['Places', 'Mental Illness', 'Disappearances']",2017-12-13,2684
1136,"['Beings', 'Micropasta']",2011-10-10,428
1137,['Ghosts'],2014-05-26,1387
1138,['Monsters'],2012-05-19,650
1139,"['Reality', 'Mental Illness', 'Mirrors']",2012-11-24,839
1140,"['Space', ""The Vesper's Bell"", 'Science']",2023-06-09,4688
1141,"['Dismemberment', 'Beings']",2011-11-20,469
1142,"['Beings', 'Reddit Pastas', 'Disappearances', 'Lovecraftian']",2023-03-18,4605
1143,"['Places', 'Beings', 'Computers and Internet']",2015-07-31,1818
1144,['Mental Illness'],2013-12-10,1220
1145,"['Beings', 'Weird']",2023-11-25,4857
1146,['Monsters'],2014-03-09,1309
1147,"['Poetry', 'Military', 'FlakyPorcupine']",2013-12-11,1221
1148,"['Beings', 'Places', 'Nature']",2012-12-17,862
1149,['Beings'],2012-08-15,738
1150,"['Beings', 'Jdeschene', 'Videos']",2021-02-08,3837
1151,['Animals'],2021-02-20,3849
1152,"['Mental Illness', 'Dismemberment', 'Beings']",2012-11-27,842
1153,['Ghosts'],2012-07-16,708
1154,"['Places', 'Micropasta']",2012-03-14,584
1155,"['Parlour', 'Weird', 'Beings']",2019-05-05,3192
1156,"['History', 'Disappearances']",2012-04-18,619
1157,['EAP'],2012-09-27,781
1158,"['Animals', 'PotM']",2019-06-18,3236
1159,"['Nature', 'Micropasta', 'Food']",2011-09-04,392
1160,"['Reality', 'Micropasta']",2012-02-01,542
1161,['Ritual '],2014-10-19,1533
1162,"['Ghosts', 'Items/Objects', 'Micropasta']",2012-03-17,587
1163,['Beings'],2014-09-22,1506
1164,['Items/Objects'],2014-01-04,1245
1165,"['Animals', 'Jdeschene']",2020-04-13,3536
1166,"['Beings', 'Disappearances', 'Dismemberment', 'PotM', 'Television', 'Mental Illness']",2014-08-11,1464
1167,['Beings'],2023-09-18,4789
1168,"['Beings', 'Ritual']",2016-09-19,2234
1169,['Lovecraftian'],2020-02-20,3483
1170,"['Tewahway', 'Books', 'Items/Objects', 'Videos']",2021-12-16,4148
1171,"['Beings', 'Computers and Internet', 'Theory', 'Mental Illness']",2011-09-28,416
1172,"['Lovecraftian', 'History', 'Beings', 'PotM']",2018-09-03,2948
1173,"['Dreams/Sleep', 'Beings']",2015-12-06,1946
1174,"['Computers and Internet', 'Dismemberment']",2013-03-02,937
1175,"['Animals', 'AustinDR', 'Cryptids', 'Dismemberment', 'Videos']",2019-12-03,3404
1176,"['Reality', 'Mental Illness']",2011-10-29,447
1177,"['Items/Objects', 'Weird', 'Places']",2013-01-01,877
1178,"['Beings', 'Dismemberment', 'NSFW']",2013-06-01,1028
1179,"['Nature', 'Mental Illness']",2013-07-06,1063
1180,"['Places', 'Mental Illness', 'Beings']",2012-04-28,629
1181,"['Mental Illness', 'Reality']",2023-02-21,4580
1182,"['Gods', 'Lovecraftian']",2017-05-15,2472
1183,['Beings'],2012-08-11,734
1184,"['Places', 'Beings', 'Theory']",2012-10-07,791
1185,"['Beings', 'Dreams/Sleep', 'Micropasta']",2014-05-12,1373
1186,"['Mental Illness', 'Vehicles']",2015-01-21,1627
1187,"['Beings', 'Mental Illness']",2016-01-18,1989
1188,"['Ghosts', 'Kolpik']",2018-07-18,2901
1189,"['AGB', 'Ghosts']",2012-06-01,663
1190,"['Beings', 'HPL', 'Dreams/Sleep']",2012-03-20,590
1191,"['Places', 'Beings']",2018-03-14,2775
1192,"['Television', 'Dismemberment']",2013-11-21,1201
1193,"['Stormlilly', 'History', 'Nature', 'Military']",2013-09-30,1149
1194,['Items/Objects'],2013-11-09,1189
1195,"['Ghosts', 'Nature', 'Vehicles']",2013-03-30,965
1196,"['Mental Illness', 'Demon/Devil', 'Dismemberment']",2011-05-25,290
1197,"['Cryptids', 'Nature', 'Places']",2020-06-06,3590
1198,"['Beings', 'ZugZuwang']",2021-09-30,4071
1199,['Beings'],2014-06-10,1402
1200,"['Animals', 'Mental Illness']",2020-05-20,3573
1201,['Weird'],2016-09-15,2230
1202,"['Ritual', 'Places']",2013-07-31,1088
1203,['Places'],2012-04-14,615
1204,['Dismemberment'],2013-12-27,1237
1205,['Beings'],2013-07-09,1066
1206,"['Reality', 'Theory', 'Micropasta']",2012-08-08,731
1207,['Mental Illness'],2017-10-09,2619
1208,"['Beings', 'Dismemberment']",2020-08-21,3666
1209,['Beings'],2014-06-04,1396
1210,"['Computers and Internet', 'Dismemberment', 'Historical Archive', 'PotM', 'Reality', 'Science', 'Videos', 'Memes']",2010-08-08,0
1211,"['Monsters', 'Reality', 'Raidra', 'Videos']",2013-10-05,1154
1212,"['Disappearances', 'Beings', 'Television', 'Reality', 'Tewahway']",2023-04-07,4625
1213,"['Disappearances', 'Beings', 'Nature', 'Parlour', 'Places', 'Science']",2018-04-21,2813
1214,"['Palaeontologica', 'Science', 'Monsters']",2022-03-21,4243
1215,"['Demon/Devil', 'Ghosts', 'Places']",2014-06-25,1417
1216,['Mental Illness'],2015-02-28,1665
1217,"['Books', 'History', 'Music', 'Demon/Devil']",2011-12-11,490
1218,['Computers and Internet'],2017-05-11,2468
1219,['Mental Illness'],2012-07-21,713
1220,"['Historical Archive', 'Places', 'Ritual', 'Micropasta']",2010-12-31,145
1221,"['Dismemberment', 'Mental Illness']",2013-06-23,1050
1222,"['Dismemberment', 'Mental Illness', 'Poetry']",2011-12-05,484
1223,"['Mental Illness', 'Dismemberment', 'Computers and Internet', 'Vehicles']",2014-06-19,1411
1224,"['Places', 'Ghosts', 'Nature', 'Items/Objects', 'Ghosts', 'Disappearances', 'Items/Objects', 'Places']",2020-06-02,3586
1225,"['Historical Archive', 'Reality', 'Micropasta']",2010-08-19,11
1226,['Historical Archive/PD'],2018-08-31,2945
1227,"['Places', 'Beings', 'History']",2013-05-08,1004
1228,"['History', 'Animals', 'Tewahway', 'Videos']",2021-12-02,4134
1229,"['Beings', 'Dismemberment', 'Places', 'Weird', 'MakRalston']",2022-02-16,4210
1230,"['Halloween', 'Animals', 'Dreams/Sleep', 'Kolpik', 'Places', 'Ghosts', 'Videos']",2018-10-16,2991
1231,"['Nature', 'Weird', 'Jdeschene', 'Videos']",2018-05-27,2849
1232,"['ExRwood', 'Weird']",2020-12-17,3784
1233,"['Weird', 'Ghosts']",2020-08-12,3657
1234,"['Reality', 'Beings']",2013-04-22,988
1235,"['AustinDR', 'Christmas']",2019-12-12,3413
1236,['Beings'],2011-04-22,257
1237,"['Beings', 'Reality']",2011-04-21,256
1238,"['History', 'Ghosts', 'Historical Archive']",2013-04-05,971
1239,"['Weird', 'Mental Illness', 'Places']",2017-09-18,2598
1240,['Monsters'],2012-09-17,771
1241,['Places'],2013-04-05,971
1242,['Historical Archive/PD'],2018-06-26,2879
1243,['Ghosts'],2013-11-24,1204
1244,"['Disappearances', 'Videos']",2012-06-08,670
1245,['Beings'],2016-11-17,2293
1246,['Beings'],2014-02-15,1287
1247,['Beings'],2013-06-30,1057
1248,"['Animals', 'Micropasta']",2012-11-24,839
1249,"['Items/Objects', 'Disappearances']",2022-01-18,4181
1250,"['Animals', 'EmpyrealInvective', 'Mental Illness', 'Videos']",2014-06-15,1407
1251,"['REH', 'Cryptids', 'Demon/Devil', 'Dismemberment']",2017-09-25,2605
1252,"['Mental Illness', 'Beings']",2014-06-19,1411
1253,"['Gods', 'Lovecraftian', 'Mental Illness']",2015-08-28,1846
1254,['Monsters'],2019-05-19,3206
1255,['Photography'],2013-03-11,946
1256,['Lost Episodes'],2014-04-29,1360
1257,['Items/Objects'],2014-02-13,1285
1258,['Weird'],2017-01-21,2358
1259,['History'],2013-05-13,1009
1260,"['Mental Illness', 'Animals', 'NSFW', 'Dismemberment']",2013-01-17,893
1261,"['Diary/Journal', 'Dreams/Sleep', 'Beings']",2013-05-29,1025
1262,"['Nature', 'Places']",2017-07-09,2527
1263,['Beings'],2011-02-28,204
1264,"['Beings', 'Reality']",2016-12-09,2315
1265,"['Mental Illness', 'Dreams/Sleep', 'The Hooded Werewolf']",2014-09-27,1511
1266,"['Animals', 'Monsters', 'Disappearances', 'Dismemberment']",2014-08-06,1459
1267,"['Places', 'Disappearances']",2014-02-19,1291
1268,['Mental Illness'],2014-04-30,1361
1269,['Gods'],2020-07-23,3637
1270,"['Dismemberment', 'Mental Illness', 'Vehicles']",2015-06-19,1776
1271,['Beings'],2015-03-21,1686
1272,"['Lovecraftian', 'Monsters', 'Reality']",2011-12-27,506
1273,['Places'],2012-05-18,649
1274,"['DFPC15', 'Reality', 'Beings']",2014-08-28,1481
1275,"['Beings', 'Dismemberment', 'Places']",2013-07-20,1077
1276,"['MJTR', 'Beings']",2014-05-22,1383
1277,"['Memes', 'Places', 'Beings']",2012-07-14,706
1278,['History'],2014-01-02,1243
1279,['Beings'],2011-10-18,436
1280,['Beings'],2016-05-11,2103
1281,"['Beings', 'Dismemberment', 'Lovecraftian']",2016-02-07,2009
1282,['Reality'],2013-03-12,947
1283,"['Books', 'Memes', 'Historical Archive']",2012-08-22,745
1284,"['Mental Illness', 'Dismemberment', 'Ritual', 'Places']",2014-08-16,1469
1285,"['Monsters', 'Videos']",2013-09-29,1148
1286,['Reality'],2011-12-20,499
1287,"['Diary/Journal', 'Beings', 'Science']",2012-10-31,815
1288,"['Dreams/Sleep', 'Dismemberment', 'Places']",2011-07-26,352
1289,"[""The Vesper's Bell""]",2023-08-14,4754
1290,"['Dismemberment', 'Mental Illness']",2013-07-09,1066
1291,"['Beings', 'Micropasta']",2014-09-28,1512
1292,"['Beings', 'Space', 'Micropasta']",2014-04-23,1354
1293,['Beings'],2015-11-09,1919
1294,['Ghosts'],2013-09-16,1135
1295,"['We Go Bump 2', 'Dismemberment', 'Mental Illness', 'NSFW', 'Beings', 'Reality']",2012-11-11,826
1296,"['Ghosts', 'Computers and Internet']",2014-09-25,1509
1297,"['Monsters', 'Dismemberment']",2014-04-03,1334
1298,"['Computers and Internet', 'Dismemberment', 'Ghosts', 'PotM', 'Reality', 'Ritual']",2014-09-06,1490
1299,"['Ritual', 'Beings']",2012-11-05,820
1300,['Mental Illness'],2012-12-14,859
1301,"['Beings', 'Space']",2017-03-13,2409
1302,"['Mental Illness', 'Beings']",2013-10-06,1155
1303,['Mental Illness'],2014-08-06,1459
1304,['Dreams/Sleep'],2022-12-22,4519
1305,"['Monsters', 'Places', 'Dismemberment', 'Vehicles']",2012-11-04,819
1306,"['Beings', 'Items/Objects']",2013-10-15,1164
1307,['Dreams/Sleep'],2015-03-01,1666
1308,"['Reality', 'Vehicles', 'Weird']",2023-06-12,4691
1309,"['Beings', 'Mental Illness', 'Diary/Journal']",2012-11-24,839
1310,"['History', 'Military']",2013-05-19,1015
1311,"['JohnathanNash', 'Monsters', 'Science', 'Summer Creative Writing 2016']",2016-06-23,2146
1312,"['Monsters', 'Dreams/Sleep']",2013-08-01,1089
1313,['Video Games'],2016-12-20,2326
1314,"['RedNovaTyrant', 'Items/Objects', 'Weird']",2020-04-28,3551
1315,"['History', 'Monsters', 'Science', 'Military', 'Videos']",2012-05-19,650
1316,"['Gods', ""The Vesper's Bell""]",2022-10-08,4444
1317,"['History', 'Ghosts', 'Items/Objects', 'Dreams/Sleep']",2017-11-19,2660
1318,"['Gods', 'ExRwood', 'Weird']",2021-10-14,4085
1319,"['NSFW', 'Items/Objects', 'Mental Illness', 'Dismemberment']",2013-10-18,1167
1320,['Monsters'],2012-07-27,719
1321,['Military'],2013-01-13,889
1322,"['Dismemberment', 'Animals']",2015-09-04,1853
1323,"['Gods', 'Theory']",2013-11-23,1203
1324,"['Demon/Devil', 'Animals']",2014-10-07,1521
1325,"['Mental Illness', 'Places']",2015-08-26,1844
1326,"['History', 'Videos', 'Dismemberment', 'FlakyPorcupine']",2013-12-18,1228
1327,"['Beings', 'Mental Illness']",2016-07-19,2172
1328,['Music'],2017-03-25,2421
1329,"['Dreams/Sleep', 'Disappearances', 'Demon/Devil']",2013-12-15,1225
1330,['Weird'],2012-09-06,760
1331,"['Ritual', 'Mirrors', 'Ghosts']",2011-10-25,443
1332,"['Mirrors', 'Ghosts']",2012-07-04,696
1333,"['Places', 'Vehicles', 'Ghosts']",2018-09-10,2955
1334,['Animals'],2013-02-19,926
1335,"['Ghosts', 'Items/Objects']",2013-06-29,1056
1336,"['DFPC15', 'Monsters', 'Diary/Journal']",2014-07-01,1423
1337,['Beings'],2011-08-04,361
1338,"['Cryptids', 'Reality', 'Science', 'Micropasta']",2012-10-24,808
1339,"['Monsters', 'Science']",2017-04-05,2432
1340,"['Weird', 'Mental Illness']",2012-08-26,749
1341,['Diary/Journal'],2013-04-12,978
1342,"['Disappearances', 'Vehicles']",2015-08-19,1837
1343,['Places'],2013-01-25,901
1344,['Mental Illness'],2012-07-06,698
1345,['Beings'],2014-07-23,1445
1346,"['Mental Illness', 'Items/Objects']",2013-07-11,1068
1347,"['Places', 'Demon/Devil', 'Historical Archive']",2010-08-19,11
1348,"['Dismemberment', 'History', 'Reality', 'Science']",2015-02-10,1647
1349,"['Disappearances', 'Monsters']",2015-12-14,1954
1350,['Beings'],2012-09-02,756
1351,"['STTWC15', 'Ritual', 'Beings', 'Places']",2015-04-11,1707
1352,"['Books', 'Animals', 'Computers and Internet', 'Mental Illness']",2013-10-20,1169
1353,['PokéMon'],2011-07-08,334
1354,['Historical Archive/PD'],2018-08-31,2945
1355,"['Mental Illness', 'Items/Objects', 'Weird']",2011-03-23,227
1356,['Mental Illness'],2013-05-06,1002
1357,"['Monsters', 'Places']",2015-08-13,1831
1358,['Beings'],2011-03-23,227
1359,"['Disappearances', 'Places', 'Nature']",2018-01-27,2729
1360,"['Dismemberment', 'Mental Illness', 'Dark Humour 2017']",2017-02-14,2382
1361,['Science'],2017-03-19,2415
1362,"['Crime', 'RTWC23', 'Beings']",2023-08-28,4768
1363,['Beings'],2012-06-28,690
1364,"['Mental Illness', 'Dismemberment', 'Micropasta']",2015-03-15,1680
1365,"['Dismemberment', 'Dreams/Sleep', 'Monsters']",2012-04-11,612
1366,"['Places', 'Longpasta']",2014-10-31,1545
1367,['Monsters'],2012-04-14,615
1368,"['Dreams/Sleep', 'Items/Objects', 'Monsters']",2013-12-11,1221
1369,"['Gods', 'Ritual', 'History', 'Places', 'Reality']",2013-12-27,1237
1370,"['Places', 'Ghosts', 'Ritual', 'Historical Archive', 'Micropasta']",2010-08-19,11
1371,"['Dgrady237', 'Cruel Fate 2020', 'Contest Winner', 'Dismemberment', 'Weird']",2020-02-08,3471
1372,"['Animals', 'Diary/Journal', 'Mental Illness', 'TheWizardOfTheWoods', 'Science']",2019-06-26,3244
1373,"['History', 'EAP']",2012-04-20,621
1374,"['Mental Illness', 'Videos', 'Micropasta']",2015-04-01,1697
1375,"['Monsters', 'Weird']",2023-04-25,4643
1376,['Mental Illness'],2015-01-05,1611
1377,['Weird'],2015-01-14,1620
1378,"['DFPC15', 'Beings', 'Animals']",2014-08-26,1479
1379,"['Appealed Stories', 'DFPC15', 'Beings', 'Computers and Internet']",2014-08-14,1467
1380,"['Computers and Internet', 'Ghosts']",2014-06-13,1405
1381,"['Dreams/Sleep', 'Monsters', 'Micropasta']",2011-01-17,162
1382,"['Beings', 'Dismemberment', 'Disappearances']",2011-10-01,419
1383,['Books'],2012-07-12,704
1384,"['Reality', 'Videos', 'Reddit Pastas']",2014-04-18,1349
1385,['Mental Illness'],2016-05-18,2110
1386,"['Reality', 'Science', 'Theory', 'Mental Illness']",2013-08-23,1111
1387,"['Beings', 'Micropasta']",2018-05-02,2824
1388,['Theory'],2012-07-10,702
1389,"['Dourdan', 'NSFW', 'Weird']",2019-04-09,3166
1390,['Beings'],2014-09-25,1509
1391,"['Computers and Internet', 'D. Compton Ambrose']",2018-07-31,2914
1392,['Demon/Devil'],2013-11-30,1210
1393,"['Demon/Devil', 'Poetry']",2017-10-18,2628
1394,"['Beings', 'Weird']",2015-03-26,1691
1395,"['HPL', 'Mental Illness', 'Places', 'Beings', 'Military', 'Dreams/Sleep', 'Longpasta']",2017-10-05,2615
1396,"['Items/Objects', 'Monsters', 'Weird', 'Historical Archive']",2010-11-07,91
1397,"['Weird', 'Mental Illness']",2023-12-14,4876
1398,"['Nature', 'Disappearances']",2012-08-11,734
1399,"['History', 'Weird', 'Animals', 'Dismemberment', ""Hel's Bible Black 2019""]",2019-06-25,3243
1400,"['Doom Vroom', 'Ghosts', 'Mental Illness', 'Crime', 'Places', 'Videos']",2015-04-30,1726
1401,"['Reality', 'Beings', 'Micropasta']",2012-09-24,778
1402,"['Poetry', 'Beings', 'Reality', 'Nature', 'Videos', 'Kolpik']",2018-06-23,2876
1403,"['Reddit Pastas', 'Places', 'Beings']",2018-08-06,2920
1404,"['Beings', 'Places', 'Mental Illness', 'The Hooded Werewolf']",2012-06-27,689
1405,['Ghosts'],2013-01-01,877
1406,['PokéMon'],2012-05-26,657
1407,['Science'],2017-04-01,2428
1408,['Dreams/Sleep'],2013-07-08,1065
1409,"['Monsters', 'Diary/Journal', 'Dismemberment']",2015-07-26,1813
1410,"['Suggested Reading', 'Historical Archive/PD']",2012-11-22,837
1411,['Article Subpages'],2012-11-23,838
1412,['Article Subpages'],2012-11-23,838
1413,['Article Subpages'],2012-11-23,838
1414,['Article Subpages'],2012-11-23,838
1415,['Article Subpages'],2012-11-23,838
1416,['Article Subpages'],2012-11-23,838
1417,['Article Subpages'],2012-11-23,838
1418,['Article Subpages'],2012-11-23,838
1419,['Article Subpages'],2012-11-23,838
1420,['Article Subpages'],2012-11-23,838
1421,['Article Subpages'],2012-11-23,838
1422,['Article Subpages'],2012-11-23,838
1423,['Article Subpages'],2012-11-23,838
1424,['Article Subpages'],2012-11-23,838
1425,['Article Subpages'],2012-11-23,838
1426,['Article Subpages'],2012-11-23,838
1427,['Article Subpages'],2012-11-23,838
1428,['Article Subpages'],2012-11-23,838
1429,['Article Subpages'],2012-11-23,838
1430,['Article Subpages'],2012-11-23,838
1431,['Article Subpages'],2012-11-23,838
1432,['Article Subpages'],2012-11-23,838
1433,['Article Subpages'],2012-11-23,838
1434,['Article Subpages'],2012-11-23,838
1435,['Article Subpages'],2012-11-23,838
1436,['Article Subpages'],2012-11-23,838
1437,['Article Subpages'],2012-11-23,838
1438,"['History', 'Places', 'Ghosts', 'Mental Illness']",2012-02-12,553
1439,['Ghosts'],2011-12-22,501
1440,"['Beings', 'Places']",2013-07-01,1058
1441,"['Ghosts', 'Places']",2015-04-30,1726
1442,"['Monsters', 'Dismemberment']",2013-08-22,1110
1443,['Mental Illness'],2019-04-19,3176
1444,"['Weird', 'Jdeschene']",2020-04-03,3526
1445,['Mental Illness'],2012-03-25,595
1446,['Beings'],2015-07-07,1794
1447,"['L0CKED334', 'Computers and Internet', 'Disappearances', 'Dismemberment', 'Photography', 'NSFW']",2019-02-07,3105
1448,['Mental Illness'],2014-05-07,1368
1449,"['Weird', 'MalumLibrum958']",2022-11-10,4477
1450,['Demon/Devil'],2011-09-21,409
1451,"['Reality', 'Mirrors', 'Historical Archive', 'Micropasta']",2010-08-18,10
1452,"['Television', 'Mental Illness']",2018-09-27,2972
1453,"['Reality', 'Mental Illness']",2016-09-06,2221
1454,['Science'],2023-12-18,4880
1455,"['Dreams/Sleep', 'Beings']",2013-02-16,923
1456,"['Ghosts', 'Reality', 'Jdeschene', 'Videos']",2018-08-05,2919
1457,"['Monsters', 'Items/Objects', 'Diary/Journal']",2011-12-16,495
1458,"['EAP', 'Poetry']",2012-05-01,632
1459,"['Disappearances', 'Mental Illness', 'Micropasta']",2012-04-25,626
1460,['Items/Objects'],2012-02-20,561
1461,['Monsters'],2013-08-29,1117
1462,['Mental Illness'],2014-06-17,1409
1463,"['Items/Objects', 'Reality']",2015-10-23,1902
1464,"['Monsters', 'Places']",2015-12-14,1954
1465,"['Television', 'Beings']",2012-06-18,680
1466,"['Reality', 'Music']",2014-03-26,1326
1467,"['Animals', 'Computers and Internet']",2013-08-18,1106
1468,['Dismemberment'],2012-07-15,707
1469,"['Mental Illness', 'Historical Archive', 'Micropasta']",2011-02-17,193
1470,['Items/Objects'],2012-09-16,770
1471,"['Mental Illness', 'VerminGoat']",2013-07-14,1071
1472,"['Mirrors', 'Dismemberment', 'Places']",2015-06-17,1774
1473,"['Monsters', 'Dismemberment']",2019-04-30,3187
1474,"['Diary/Journal', 'Halloween', 'Monsters']",2013-10-13,1162
1475,"['Gods', 'Disappearances', 'Dismemberment', 'Mirrors', 'Places', 'NSFW', 'SnakeTongue237']",2015-06-28,1785
1476,"['Mental Illness', 'Disappearances', 'Ritual']",2013-12-07,1217
1477,"['Demon/Devil', 'Items/Objects']",2011-10-31,449
1478,"['Tiololo', 'Places', 'Micropasta']",2015-04-10,1706
1479,"['HopelessNightOwl', 'Computers and Internet', 'Reality', 'Television', 'Crime']",2019-05-28,3215
1480,"['Animals', 'Dreams/Sleep', 'Items/Objects']",2019-03-03,3129
1481,"['Historical Archive/PD', 'Longpasta']",2017-10-19,2629
1482,['Monsters'],2012-05-21,652
1483,['Demon/Devil'],2014-06-15,1407
1484,"['Computers and Internet', 'Beings', 'Dismemberment']",2014-08-17,1470
1485,"['Ritual', 'Demon/Devil']",2014-08-18,1471
1486,"['Beings', 'Diary/Journal', 'Photography', 'Weird']",2024-01-02,4895
1487,['Beings'],2012-08-04,727
1488,"['Ghosts', 'Demon/Devil', 'Disappearances']",2014-04-14,1345
1489,['Ghosts'],2013-03-09,944
1490,"['Ritual', 'Mental Illness', 'Places', 'Disappearances', 'Books', 'Theory', 'Reality']",2021-10-25,4096
1491,"['Items/Objects', 'Dreams/Sleep', 'Beings']",2014-05-03,1364
1492,['Beings'],2013-07-19,1076
1493,"['Ghosts', 'Places']",2014-02-04,1276
1494,"['Beings', 'Dismemberment', 'Disappearances', 'Places', 'Dreams/Sleep']",2019-07-07,3255
1495,['Items/Objects'],2012-10-08,792
1496,['Historical Archive/PD'],2015-03-31,1696
1497,"['DoctorBleed', 'Weird']",2016-07-19,2172
1498,"['Animals', 'Monsters', 'Dismemberment']",2014-01-02,1243
1499,['Mental Illness'],2012-12-03,848
1500,"['Animals', 'Diary/Journal', 'Science']",2022-11-01,4468
1501,"['Items/Objects', 'Weird', 'Jdeschene', 'Videos']",2018-04-22,2814
1502,"['GreyOwl', 'Beings']",2014-09-02,1486
1503,['Reality'],2012-10-07,791
1504,['Photography'],2013-08-17,1105
1505,"['Monsters', 'Weird', 'Micropasta']",2020-11-05,3742
1506,"['Disappearances', 'Animals']",2012-12-17,862
1507,"['Historical Archive', 'Places', 'Beings', 'Mental Illness']",2011-08-05,362
1508,"['Weird', 'Diary/Journal', 'Suggested Reading', 'Monsters', 'Reality', 'Food', 'Longpasta']",2014-03-03,1303
1509,['Places'],2014-07-11,1433
1510,"['Crime', 'Disappearances', 'Ritual', 'Lovecraftian']",2013-08-16,1104
1511,"['PokéMon', 'Videos', 'Historical Archive']",2011-05-02,267
1512,"['Diary/Journal', 'Monsters']",2017-08-14,2563
1513,"['Demon/Devil', 'Diary/Journal']",2013-05-28,1024
1514,['Mental Illness'],2014-07-05,1427
1515,"['Gods', 'Military', 'Nature', 'PotM', 'Longpasta']",2017-11-09,2650
1516,"['Places', 'Videos']",2020-05-24,3577
1517,"['Demon/Devil', 'Micropasta']",2022-01-14,4177
1518,"['GreyOwl', 'Beings', 'Dismemberment', 'Music', 'Videos']",2014-07-31,1453
1519,"['Mental Illness', 'NSFW']",2013-08-30,1118
1520,"['Beings', 'Vehicles', 'Places']",2014-09-15,1499
1521,"['ClericofMadness', 'Demon/Devil', 'Troll Pasta', 'Micropasta']",2011-08-10,367
1522,"['DFPC15', 'Beings', 'Memes']",2012-06-20,682
1523,"['Mental Illness', 'Reality']",2016-06-07,2130
1524,"['History', 'Disappearances', 'Tewahway', 'Videos']",2021-12-10,4142
1525,"['Animals', 'Theory', 'Dismemberment']",2014-09-28,1512
1526,"['Dreams/Sleep', 'Books']",2014-01-29,1270
1527,['Items/Objects'],2014-07-06,1428
1528,['Items/Objects'],2010-11-29,113
1529,['Beings'],2015-11-09,1919
1530,"['Reddit Pastas', 'Computers and Internet']",2016-07-10,2163
1531,"['Ghosts', 'Items/Objects', 'Mental Illness']",2016-08-06,2190
1532,"['Animals', 'Beings', 'Nature', 'Music']",2021-03-16,3873
1533,"['Beings', 'Places', 'Beings', 'Places']",2017-01-12,2349
1534,"['Beings', 'Dreams/Sleep']",2013-02-20,927
1535,"['Ritual', 'Ghosts']",2023-08-30,4770
1536,['Mental Illness'],2013-09-05,1124
1537,"['Beings', 'Computers and Internet']",2020-08-14,3659
1538,"['Beings', 'Reality']",2014-02-12,1284
1539,"['Items/Objects', 'Ghosts']",2011-08-05,362
1540,"['Dreams/Sleep', ""The Vesper's Bell""]",2020-07-23,3637
1541,"['Diary/Journal', 'Science', 'Reality']",2018-02-18,2751
1542,"['Diary/Journal', 'Science', 'Reality']",2018-02-18,2751
1543,"['Diary/Journal', 'Science', 'Reality']",2018-02-18,2751
1544,"['Diary/Journal', 'Science', 'Reality']",2018-02-18,2751
1545,['Beings'],2014-08-08,1461
1546,"['Beings', 'Places', 'Nature', 'Tewahway']",2023-01-06,4534
1547,['Mental Illness'],2011-11-05,454
1548,"['Beings', 'Places', 'Nature']",2015-01-21,1627
1549,"['Reality', 'Items/Objects', 'Micropasta']",2011-08-10,367
1550,"['Mental Illness', 'Troll Pasta']",2012-03-06,576
1551,"['Music', 'Computers and Internet', 'Demon/Devil', 'Micropasta']",2022-03-15,4237
1552,"['Ritual', 'Lovecraftian', 'Halloween', 'William See']",2020-10-29,3735
1553,"['Monsters', 'Diary/Journal', 'Dismemberment']",2015-06-11,1768
1554,"['Disappearances', 'Beings']",2016-12-06,2312
1555,"['Reality', 'Items/Objects', 'Dreams/Sleep', 'Mental Illness']",2015-04-29,1725
1556,['Monsters'],2014-05-25,1386
1557,"['Television', 'Dreams/Sleep']",2019-06-03,3221
1558,"['Mental Illness', 'Historical Archive', 'Dismemberment']",2010-11-04,88
1559,['Ghosts'],2017-06-14,2502
1560,"['Mental Illness', 'Demon/Devil']",2018-04-27,2819
1561,['PokéMon'],2012-09-11,765
1562,['Computers and Internet'],2014-08-07,1460
1563,"['Books', 'Gods', 'Science']",2014-03-08,1308
1564,"['Beings', 'Longpasta']",2015-04-08,1704
1565,"['Dreams/Sleep', 'Items/Objects', 'Beings']",2011-11-14,463
1566,"['Disappearances', 'Dismemberment', 'NSFW']",2014-02-11,1283
1567,"['Photography', 'Television']",2015-02-11,1648
1568,['Dismemberment'],2013-04-07,973
1569,"['Cryptids', 'Disappearances', 'Places', 'MakRalston']",2022-07-15,4359
1570,"['Beings', 'Disappearances', 'Nature', 'Places']",2020-04-10,3533
1571,"['Ritual', 'Mental Illness']",2014-06-20,1412
1572,"['Places', 'Disappearances']",2013-05-09,1005
1573,"['EmpyrealInvective', 'Monsters', 'Videos']",2014-05-18,1379
1574,"['Beings', 'Mental Illness']",2016-02-19,2021
1575,"['Dismemberment', 'Places']",2012-01-02,512
1576,"['Demon/Devil', 'Ritual', 'Nature', 'Disappearances']",2018-08-18,2932
1577,['Mental Illness'],2021-10-07,4078
1578,"['ClericofMadness', 'Monsters', 'Dreams/Sleep', 'Mental Illness', 'Micropasta']",2011-01-19,164
1579,['Dreams/Sleep'],2013-07-29,1086
1580,['Poetry'],2011-12-09,488
1581,"['Places', 'Ghosts', 'Mental Illness', 'Longpasta']",2013-11-16,1196
1582,['Beings'],2013-04-20,986
1583,"['Ghosts', 'Items/Objects', 'Videos', 'TheWizardOfTheWoods', 'Photography', 'Micropasta']",2018-07-03,2886
1584,"['Ghosts', 'Dreams/Sleep']",2014-12-14,1589
1585,"['Gods', 'Killahawke1', 'Videos', 'NSFW']",2016-06-11,2134
1586,['Mental Illness'],2012-10-01,785
1587,"['Animals', 'Ghosts']",2012-12-27,872
1588,['Beings'],2013-04-02,968
1589,['Beings'],2013-03-30,965
1590,['History'],2012-07-15,707
1591,"['Memes', 'Suggested Reading', 'Historical Archive', 'Television', 'Micropasta']",2018-09-22,2967
1592,['Cryptids'],2014-05-02,1363
1593,"['Reality', 'Micropasta']",2012-12-03,848
1594,"['Ghosts', 'Ritual']",2014-04-16,1347
1595,"['Monsters', 'Micropasta']",2011-04-26,261
1596,"['Halloween', 'Mental Illness', 'Beings']",2012-10-31,815
1597,"['Gomez Capulet', 'HWC23', 'Ghosts', 'Halloween']",2023-10-24,4825
1598,"['Animals', 'Dismemberment']",2012-08-14,737
1599,"['Beings', 'Places']",2011-09-25,413
1600,"['Demon/Devil', 'Animals']",2018-07-13,2896
1601,['Reality'],2010-08-18,10
1602,"['Places', 'Monsters']",2014-05-26,1387
1603,['Historical Archive/PD'],2019-06-09,3227
1604,['Computers and Internet'],2015-07-11,1798
1605,['Mental Illness'],2014-05-26,1387
1606,['Mental Illness'],2012-12-24,869
1607,"['Beings', 'Nature']",2012-05-25,656
1608,"['Photography', 'L0CKED334', 'Disappearances', 'Places']",2018-11-05,3011
1609,"['Beings', 'Dismemberment']",2012-12-12,857
1610,['Beings'],2014-05-27,1388
1611,"['Mental Illness', 'Vehicles']",2015-02-06,1643
1612,"['Weird', 'Ghosts']",2018-08-07,2921
1613,['Disappearances'],2013-09-11,1130
1614,"['ClericofMadness', 'Beings', 'Mental Illness', 'Micropasta']",2011-03-31,235
1615,['Mental Illness'],2013-08-04,1092
1616,"['Mental Illness', 'Historical Archive', 'Micropasta']",2010-08-18,10
1617,"['Diary/Journal', 'Mental Illness', 'Longpasta']",2016-06-01,2124
1618,"['Lovecraftian', 'Places']",2018-12-19,3055
1619,"['Animals', 'Ghosts']",2014-11-04,1549
1620,"['Disappearances', 'Diary/Journal']",2013-11-29,1209
1621,"['Historical Archive/PD', 'Longpasta']",2016-08-05,2189
1622,"['Beings', 'Places', 'Dismemberment', 'Weird', 'MalumLibrum958']",2021-04-25,3913
1623,"['Places', 'Food']",2015-04-04,1700
1624,"['Monsters', 'Dismemberment', 'Disappearances']",2013-05-19,1015
1625,['Video Games'],2013-11-13,1193
1626,"['Disappearances', 'Diary/Journal', 'Demon/Devil']",2014-06-08,1400
1627,['Monsters'],2014-05-01,1362
1628,"['Demon/Devil', 'Animals']",2013-06-16,1043
1629,"['Beings', 'Reality', 'Monsters']",2017-09-27,2607
1630,"['Poetry', 'Reality']",2020-03-24,3516
1631,['Mental Illness'],2015-01-23,1629
1632,"['Animals', 'Monsters', 'Diary/Journal']",2013-06-29,1056
1633,['Beings'],2012-10-19,803
1634,"['Dismemberment', 'Crime']",2014-06-11,1403
1635,['Mental Illness'],2013-04-28,994
1636,"['Military', 'Reality', 'Space']",2015-04-27,1723
1637,"['Monsters', 'Military']",2021-02-07,3836
1638,['Disappearances'],2013-03-29,964
1639,"['Computers and Internet', 'Mental Illness', 'Crime']",2011-06-14,310
1640,['Reality'],2014-04-06,1337
1641,['Mental Illness'],2012-12-26,871
1642,"['Science', 'DrBobSmith', 'Military']",2019-04-06,3163
1643,['Beings'],2012-06-14,676
1644,['Computers and Internet'],2013-01-29,905
1645,"['Monsters', 'Photography', 'Diary/Journal', 'Reality', 'History', 'Military', 'Longpasta']",2015-05-06,1732
1646,"['Monsters', 'Ritual', 'Places']",2013-08-20,1108
1647,"['Beings', 'Ritual', 'Micropasta']",2011-04-22,257
1648,"['Reality', 'Beings', 'Dreams/Sleep']",2011-12-30,509
1649,"['Items/Objects', 'Demon/Devil', 'Weird']",2011-10-31,449
1650,"['Animals', 'Monsters', 'Mental Illness', 'Items/Objects']",2013-01-08,884
1651,"['Places', 'Animals', 'Food', 'Dismemberment', 'Beings']",2013-04-12,978
1652,"['Crime', 'Mental Illness']",2023-04-20,4638
1653,['Mental Illness'],2016-04-23,2085
1654,"['Dreams/Sleep', 'Military']",2021-04-03,3891
1655,"['Items/Objects', 'Ghosts']",2012-01-17,527
1656,"['Demon/Devil', 'Dismemberment', 'Dourdan', 'Hospitals', 'Items/Objects', 'Mental Illness', 'Longpasta']",2018-05-02,2824
1657,"['Animals', 'Places', 'Dreams/Sleep', 'Historical Archive/PD']",2012-03-22,592
1658,"['Mirrors', 'Beings', 'Dreams/Sleep']",2015-05-29,1755
1659,"['Animals', 'Beings', 'Mental Illness', 'Mirrors', 'Weird']",2012-01-03,513
1660,['Animals'],2015-01-09,1615
1661,"['Weird', 'Dismemberment', 'Reality']",2014-12-21,1596
1662,"['Appealed Spinoffs', 'Items/Objects', 'Lovecraftian', 'Weird']",2018-12-18,3054
1663,"['Beings', 'Places']",2013-10-07,1156
1664,['Mental Illness'],2011-03-24,228
1665,"['Cryptids', 'Disappearances', 'NSFW', 'Places']",2012-10-09,793
1666,['Monsters'],2018-01-03,2705
1667,"['Theory', 'Dreams/Sleep', 'Dismemberment', 'Beings', 'Micropasta']",2012-10-23,807
1668,"['Beings', 'Weird']",2018-01-04,2706
1669,"['Dreams/Sleep', 'HPL']",2012-04-03,604
1670,"['Disappearances', 'Reality', 'Mental Illness', 'Items/Objects']",2011-03-23,227
1671,"['StalkerShrike', 'Disappearances']",2020-08-12,3657
1672,"['Animals', 'Computers and Internet', 'Videos', 'Weird', 'Historical Archive', 'Suggested Reading']",2012-12-10,855
1673,['Monsters'],2014-03-28,1328
1674,"['Mental Illness', 'We Go Bump 3']",2014-09-24,1508
1675,"['Ghosts', 'Computers and Internet', 'Crime', 'MalumLibrum958']",2022-11-14,4481
1676,['Reality'],2013-08-18,1106
1677,['Disappearances'],2013-02-22,929
1678,"['Reality', 'Computers and Internet']",2014-03-24,1324
1679,"['Nature', 'Dismemberment', 'MalumLibrum958']",2022-11-14,4481
1680,"['Diary/Journal', 'Mental Illness', 'Beings', 'Dreams/Sleep']",2012-10-06,790
1681,"['Animals', 'Beings']",2015-03-21,1686
1682,"['Animals', 'Books']",2013-03-08,943
1683,"['Items/Objects', 'Beings']",2015-07-03,1790
1684,['Mental Illness'],2012-12-02,847
1685,"['Television', 'Videos', 'Reality', 'Micropasta']",2014-11-21,1566
1686,"['Television', 'Dismemberment', 'Items/Objects', 'Mental Illness', 'Historical Archive', 'Dreams/Sleep', 'Places']",2011-12-26,505
1687,['Television'],2013-03-31,966
1688,"['Television', 'Weird', 'Micropasta']",2022-10-28,4464
1689,"['Ritual', 'Television', 'Items/Objects']",2014-03-02,1302
1690,"['Television', 'Reality', 'Theory', 'Micropasta']",2013-02-11,918
1691,['Beings'],2014-05-21,1382
1692,"['RTWC23', 'Books', 'Ghosts', 'Places', 'ClericofMadness']",2023-08-28,4768
1693,['Items/Objects'],2023-09-15,4786
1694,"['Disappearances', 'Places', 'Vehicles', 'Micropasta']",2012-05-14,645
1695,"['AGB', 'Disappearances', 'Places']",2017-08-20,2569
1696,"['Beings', 'Hospitals', 'PotM', 'Suggested Reading', 'Reddit Pastas', 'Reality']",2017-10-08,2618
1697,['Computers and Internet'],2016-07-21,2174
1698,"['Beings', 'Dark Humour 2017']",2017-07-09,2527
1699,"['Beings', 'Items/Objects']",2014-07-25,1447
1700,['Ghosts'],2015-02-07,1644
1701,['Beings'],2013-05-01,997
1702,"['Dreams/Sleep', 'Monsters']",2015-03-28,1693
1703,['Computers and Internet'],2018-02-09,2742
1704,"['Beings', 'Computers and Internet']",2015-01-21,1627
1705,"['Computers and Internet', 'Mental Illness', 'Ghosts', 'Dismemberment']",2011-10-03,421
1706,"['Computers and Internet', 'Monsters']",2012-09-17,771
1707,"['Appealed Spinoffs', 'Items/Objects', 'PokéMon']",2021-06-29,3978
1708,"['Computers and Internet', 'Ghosts']",2013-10-30,1179
1709,"['Beings', 'Dreams/Sleep']",2015-06-02,1759
1710,"['Computers and Internet', 'Mental Illness', 'Photography']",2012-05-05,636
1711,"['Beings', 'Photography']",2011-04-25,260
1712,"['Weird', 'Reality']",2022-05-02,4285
1713,"['Items/Objects', 'Dismemberment']",2016-02-01,2003
1714,"['Poetry', 'Beings', 'Disappearances']",2018-02-05,2738
1715,"['Places', 'Disappearances', 'Monsters']",2013-09-07,1126
1716,"['Disappearances', 'Mental Illness', 'Longpasta']",2020-09-15,3691
1717,['Animals'],2012-08-22,745
1718,['Ghosts'],2014-09-19,1503
1719,['Weird'],2018-03-24,2785
1720,"['AustinDR', 'Dismemberment', 'Mental Illness']",2019-10-15,3355
1721,"['Demon/Devil', 'Killahawke1', 'Mental Illness', 'Videos']",2015-10-24,1903
1722,"['Demon/Devil', 'Killahawke1', 'Mental Illness', 'Videos']",2015-10-24,1903
1723,"['Beings', 'Demon/Devil', 'Killahawke1', 'Mental Illness', 'Videos']",2015-10-31,1910
1724,"['Animals', 'Disappearances', 'Beings']",2014-03-23,1323
1725,"['Computers and Internet', 'Places', 'Items/Objects']",2013-11-02,1182
1726,"['Monsters', 'Dismemberment']",2014-01-28,1269
1727,"['Beings', 'Dismemberment', 'Mental Illness', 'Food', 'Micropasta']",2011-04-27,262
1728,"['GreyOwl', 'Monsters']",2015-03-02,1667
1729,"['Josef K.', 'Historical Archive', 'Places', 'Beings']",2011-03-21,225
1730,"['Places', 'Reality']",2023-10-04,4805
1731,"['AGB', 'Military']",2012-06-12,674
1732,"['Mental Illness', 'Disappearances', 'Television']",2015-02-13,1650
1733,"['Dismemberment', 'Items/Objects', 'Mental Illness', 'Photography', 'Crime']",2012-04-03,604
1734,['Beings'],2013-01-28,904
1735,['Beings'],2017-11-28,2669
1736,"['Items/Objects', 'Dismemberment']",2013-10-01,1150
1737,['Mental Illness'],2014-02-28,1300
1738,['Ghosts'],2015-06-12,1769
1739,"['Monsters', 'Diary/Journal']",2015-04-02,1698
1740,"['Ghosts', 'Dreams/Sleep']",2012-07-30,722
1741,['Dreams/Sleep'],2014-05-12,1373
1742,"['Ritual', 'Reality', 'Historical Archive', 'Micropasta']",2010-12-14,128
1743,"['Diary/Journal', 'Demon/Devil']",2012-06-19,681
1744,"['Weird', 'Mental Illness']",2019-06-14,3232
1745,"['Beings', 'Theory']",2012-03-09,579
1746,"['EmpyrealInvective', 'Monsters', 'Videos']",2014-05-11,1372
1747,"['Places', 'Beings']",2013-01-08,884
1748,"['Disappearances', 'Dismemberment', 'Places']",2012-04-20,621
1749,"['Photography', 'Mental Illness', 'Computers and Internet']",2014-03-22,1322
1750,"['Places', 'Gods']",2012-08-15,738
1751,"['Kafka', 'Dreams/Sleep', 'Places']",2017-09-28,2608
1752,"['Places', 'Diary/Journal', 'Historical Archive']",2011-07-04,330
1753,"['Ghosts', 'Computers and Internet', 'Micropasta']",2013-03-18,953
1754,"['Monsters', 'Nature']",2016-08-30,2214
1755,['Dismemberment'],2012-09-07,761
1756,['Beings'],2013-09-01,1120
1757,"['Mental Illness', 'Reality', 'Micropasta']",2012-10-06,790
1758,['Places'],2014-01-22,1263
1759,"['EmpyrealInvective', 'Monsters', 'Videos']",2015-03-20,1685
1760,"['Mental Illness', 'Monsters', 'Disappearances', 'Places']",2014-10-01,1515
1761,['Video Games'],2023-04-23,4641
1762,"['Items/Objects', 'Dreams/Sleep', 'Animals']",2014-05-05,1366
1763,"['Places', 'Beings']",2011-03-23,227
1764,"['Dismemberment', 'Items/Objects', 'Weird', 'Beings']",2017-09-27,2607
1765,"['Palaeontologica', 'Monsters', 'Science']",2021-09-27,4068
1766,"['Mental Illness', 'History']",2022-05-12,4295
1767,['Items/Objects'],2011-04-25,260
1768,['Beings'],2011-10-01,419
1769,"['Dreams/Sleep', 'Monsters', 'Micropasta']",2014-08-01,1454
1770,"['Reality', 'Weird', 'Mental Illness', 'RedNovaTyrant']",2018-08-23,2937
1771,"['Computers and Internet', 'Demon/Devil', 'Mental Illness', 'Diary/Journal']",2012-04-09,610
1772,"['Places', 'Dreams/Sleep', 'Christmas']",2011-12-24,503
1773,"['Christmas', 'Mental Illness']",2018-12-28,3064
1774,"['Weird', 'Poetry', 'Christmas']",2018-05-28,2850
1775,"['Disappearances', 'Christmas', 'Micropasta']",2018-05-11,2833
1776,"['Christmas', 'Weird']",2019-01-04,3071
1777,"['Christmas', 'Theory', 'Reality', 'Items/Objects', 'Micropasta']",2013-12-07,1217
1778,"['Christmas', 'RCainTales']",2019-12-23,3424
1779,"['Mental Illness', 'Cryptids', 'Dreams/Sleep', 'Christmas']",2013-08-27,1115
1780,"['EmpyrealInvective', 'Space', 'Videos']",2013-11-10,1190
1781,['Beings'],2015-03-18,1683
1782,"['Dreams/Sleep', 'Mental Illness', 'Science']",2013-07-26,1083
1783,"['Reality', 'Gods', 'Micropasta']",2013-09-30,1149
1784,['Computers and Internet'],2019-04-13,3170
1785,['Video Games'],2020-08-30,3675
1786,['Nature'],2020-08-31,3676
1787,"['Mirrors', 'Ritual', 'Beings', 'Dreams/Sleep']",2010-08-09,1
1788,['Beings'],2012-02-20,561
1789,"['Poetry', 'Weird']",2021-01-17,3815
1790,"['Mental Illness', 'Beings', 'Longpasta']",2014-12-15,1590
1791,"['Historical Archive', 'Beings', 'Weird']",2011-07-08,334
1792,['Space'],2013-07-04,1061
1793,"['Animals', 'Weird', 'Nature']",2012-02-24,565
1794,['Items/Objects'],2013-10-01,1150
1795,['Monsters'],2013-12-10,1220
1796,"['Music', 'Dreams/Sleep', 'Dismemberment']",2015-04-04,1700
1797,"['Computers and Internet', 'Beings']",2014-11-20,1565
1798,"['GreyOwl', 'Reality', 'Beings', 'Places', 'Nature']",2014-08-08,1461
1799,"['Places', 'Military', 'Disappearances', 'Science']",2011-08-24,381
1800,"['Dismemberment', 'Reality']",2014-07-04,1426
1801,['Beings'],2014-05-11,1372
1802,['Lovecraftian'],2012-05-28,659
1803,"['Beings', 'Dreams/Sleep']",2012-11-24,839
1804,['Space'],2020-10-25,3731
1805,"['StalkerShrike', 'Beings']",2020-11-16,3753
1806,['Weird'],2016-07-01,2154
1807,['Video Games'],2018-02-03,2736
1808,['Beings'],2018-05-13,2835
1809,"['Beings', 'Places']",2014-07-06,1428
1810,"['Ghosts', 'Dismemberment', 'Items/Objects', 'Nature', 'Places']",2014-04-09,1340
1811,"['Mental Illness', 'Beings']",2014-03-02,1302
1812,"['Mental Illness', 'Dismemberment', 'NSFW', 'Places']",2011-05-28,293
1813,['Weird'],2020-02-29,3492
1814,['Cryptids'],2017-10-11,2621
1815,"['Beings', 'Computers and Internet', 'Items/Objects']",2011-12-09,488
1816,"['Mental Illness', 'Jdeschene', 'Videos']",2020-07-03,3617
1817,['Mental Illness'],2014-05-17,1378
1818,['Beings'],2013-06-22,1049
1819,"['Weird', 'Monsters']",2014-07-19,1441
1820,"['Beings', 'Dismemberment']",2013-05-14,1010
1821,"['Alparos-Lilah', 'History', 'Beings', 'Ritual']",2023-05-19,4667
1822,"['Demon/Devil', 'Reality']",2011-10-27,445
1823,"['Books', 'Animals']",2012-09-17,771
1824,"['Parlour', 'Beings', 'Dismemberment', 'Reality']",2019-05-12,3199
1825,"['Reality', 'Micropasta']",2020-09-23,3699
1826,"['Computers and Internet', 'Micropasta']",2013-08-11,1099
1827,['Ghosts'],2021-06-07,3956
1828,"['Music', 'Animals', 'Gods', 'Dreams/Sleep', 'Theory', 'Longpasta']",2013-09-29,1148
1829,"['Places', 'Demon/Devil', 'The Hooded Werewolf', 'History']",2014-09-22,1506
1830,"['Demon/Devil', 'Beings', 'Mental Illness']",2015-02-04,1641
1831,"['Reality', 'Theory', 'Beings']",2017-08-17,2566
1832,"['Beings', 'Mental Illness']",2013-09-09,1128
1833,"['ClericofMadness', 'Mental Illness']",2010-12-13,127
1834,['Diary/Journal'],2013-07-23,1080
1835,['Demon/Devil'],2014-02-07,1279
1836,['Dreams/Sleep'],2018-10-31,3006
1837,"['Mental Illness', 'Reality']",2016-09-18,2233
1838,"['Weird', 'Jdeschene']",2019-08-04,3283
1839,['Monsters'],2020-11-06,3743
1840,"['Beings', 'Ritual']",2014-06-20,1412
1841,['Beings'],2014-11-21,1566
1842,"['Dreams/Sleep', 'Mental Illness']",2013-01-31,907
1843,"['Beings', 'Micropasta']",2014-06-19,1411
1844,"['Historical Archive', 'Ritual', 'Demon/Devil', 'Micropasta']",2011-01-12,157
1845,"['Beings', 'Disappearances', 'Dismemberment', 'Doom Vroom', 'Videos']",2015-05-10,1736
1846,['Beings'],2017-01-30,2367
1847,['Vehicles'],2018-06-28,2881
1848,['Demon/Devil'],2014-05-08,1369
1849,"['Beings', 'Hospitals', 'Disappearances']",2020-09-05,3681
1850,"['Poetry', 'EtherBot', 'Cruel Fate 2020']",2020-02-15,3478
1851,['Dreams/Sleep'],2013-03-17,952
1852,['Theory'],2023-04-20,4638
1853,"['Lovecraftian', 'Beings']",2020-01-26,3458
1854,"['Computers and Internet', 'Ghosts', 'HumboldtLycanthrope', 'NSFW', 'Places']",2015-01-22,1628
1855,"['Dreams/Sleep', 'Monsters']",2012-12-18,863
1856,"['Beings', 'Places']",2018-08-19,2933
1857,['Places'],2012-12-30,875
1858,['Places'],2011-05-02,267
1859,"['CWSC21', 'Places', 'Music']",2021-03-11,3868
1860,"['Items/Objects', 'Dreams/Sleep']",2015-09-25,1874
1861,"['Monsters', 'Animals']",2013-08-19,1107
1862,"['Monsters', 'Dismemberment']",2020-12-16,3783
1863,"['Weird', 'Computers and Internet', 'HopelessNightOwl', 'Places', 'Beings']",2018-01-05,2707
1864,"['Beings', 'Theory', 'Reality', 'Micropasta']",2014-08-30,1483
1865,"['Dreams/Sleep', 'Places', 'Disappearances']",2017-02-22,2390
1866,['Beings'],2012-06-14,676
1867,"['Dismemberment', 'Disappearances', 'Ghosts']",2017-05-05,2462
1868,"['Beings', 'Computers and Internet']",2014-03-19,1319
1869,"['Beings', 'Mental Illness']",2014-10-21,1535
1870,"['Animals', 'Ghosts']",2012-10-07,791
1871,['Weird'],2015-02-12,1649
1872,"['Beings', 'Micropasta']",2017-11-16,2657
1873,"['Dismemberment', 'Beings']",2012-12-14,859
1874,['Ghosts'],2012-07-16,708
1875,"['Halloween', 'HopelessNightOwl', 'Music', 'Nature', 'Places', 'Monsters']",2019-09-30,3340
1876,"['DoctorBleed', 'Places', 'Weird']",2016-12-05,2311
1877,['Weird'],2014-09-08,1492
1878,"['Dreams/Sleep', 'Places']",2013-11-22,1202
1879,['Computers and Internet'],2013-02-20,927
1880,"['Disappearances', 'Animals', 'The Hooded Werewolf']",2012-05-05,636
1881,"['HPL', 'Space', 'Monsters', 'Weird']",2017-09-23,2603
1882,['Weird'],2021-09-01,4042
1883,"['Video Games', 'Weird', 'RTWC23', 'Glisario']",2023-08-29,4769
1884,['Beings'],2017-05-03,2460
1885,"['Weird', 'Monsters']",2015-04-21,1717
1886,"['Science', 'Space']",2018-12-24,3060
1887,"['Beings', 'Places']",2014-01-13,1254
1888,"['MakRalston', 'Weird']",2023-04-09,4627
1889,"['Beings', 'Diary/Journal']",2014-06-18,1410
1890,"['Reality', 'Beings']",2015-02-05,1642
1891,"['Videos', 'Computers and Internet', 'Spotlighted Pasta']",2023-02-25,4584
1892,['PokéMon'],2012-06-15,677
1893,['Dreams/Sleep'],2013-06-20,1047
1894,"['Reality', 'Dreams/Sleep', 'Banned In CP']",2016-09-01,2216
1895,"['DFPC15', 'Beings']",2012-10-13,797
1896,"['Mental Illness', 'Micropasta']",2011-07-17,343
1897,['Beings'],2018-08-07,2921
1898,"['PokéMon', 'Historical Archive']",2010-08-27,19
1899,"['Computers and Internet', 'Mental Illness']",2015-07-27,1814
1900,"['Beings', 'Dismemberment', 'Mental Illness', 'NSFW', 'Noctevoire']",2017-09-04,2584
1901,['Beings'],2014-08-27,1480
1902,"['Ghosts', 'Hospitals']",2018-06-04,2857
1903,['Beings'],2013-08-23,1111
1904,['Mental Illness'],2011-03-21,225
1905,"['Halloween', 'Ghosts', 'HWC23', 'Micropasta']",2023-10-27,4828
1906,"['Nature', 'Beings']",2012-11-16,831
1907,['Places'],2012-09-10,764
1908,"['Christmas', 'Animals', 'Space', 'History', 'MakRalston', 'Weird']",2021-12-11,4143
1909,"['Beings', 'Dreams/Sleep']",2012-12-24,869
1910,"['Mental Illness', 'Reality']",2014-01-03,1244
1911,"['Mental Illness', 'Dreams/Sleep']",2015-01-23,1629
1912,"['Dgrady237', 'Monsters']",2019-05-09,3196
1913,['Ghosts'],2012-12-02,847
1914,['Beings'],2014-04-10,1341
1915,['Science'],2015-08-14,1832
1916,"['Ghosts', 'Diary/Journal']",2012-10-30,814
1917,"['Reality', 'Mental Illness', 'Monsters']",2015-05-08,1734
1918,"['Computers and Internet', 'Mental Illness', 'Ritual', 'Diary/Journal']",2016-11-24,2300
1919,"['Beings', 'NSFW']",2017-07-30,2548
1920,"['Military', 'Diary/Journal', 'History']",2013-05-19,1015
1921,"['History', 'Mental Illness']",2020-11-24,3761
1922,"['Diary/Journal', 'Beings', 'Military']",2012-05-31,662
1923,"['Beings', 'Dismemberment', 'Places']",2013-05-17,1013
1924,"['Mental Illness', 'Diary/Journal', 'Places']",2011-03-23,227
1925,['Mental Illness'],2014-09-02,1486
1926,"['Historical Archive/PD', 'Longpasta']",2017-11-02,2643
1927,"['Dreams/Sleep', 'Mental Illness']",2014-06-06,1398
1928,"['Animals', 'Computers and Internet']",2014-02-16,1288
1929,"['Reality', 'Science', 'Longpasta']",2014-12-02,1577
1930,"['Mental Illness', 'Ghosts', 'Reality']",2011-12-22,501
1931,['Mental Illness'],2020-07-18,3632
1932,"['Science', 'NSFW']",2014-05-27,1388
1933,['Beings'],2012-12-26,871
1934,['Video Games'],2013-01-06,882
1935,"['Space', 'Places', 'Theory', 'Micropasta']",2014-11-27,1572
1936,['Reality'],2017-04-08,2435
1937,"['Beings', 'Disappearances']",2012-03-20,590
1938,"['Weird', 'L0CKED334']",2018-08-15,2929
1939,"['Diary/Journal', 'Science']",2018-11-29,3035
1940,"['Diary/Journal', 'Science']",2018-11-29,3035
1941,"['Items/Objects', 'Mental Illness']",2014-07-23,1445
1942,"['Mental Illness', 'Dismemberment']",2011-04-25,260
1943,"['Mental Illness', 'NSFW', 'Dismemberment']",2013-03-05,940
1944,"['Dismemberment', 'Dreams/Sleep']",2017-07-09,2527
1945,"['Reality', 'Mental Illness', 'NSFW']",2019-07-23,3271
1946,['Diary/Journal'],2013-09-17,1136
1947,['Mental Illness'],2012-07-18,710
1948,"['Computers and Internet', 'Dismemberment', 'Jdeschene', 'Videos']",2018-08-16,2930
1949,['Weird'],2020-12-31,3798
1950,"['HPL', 'Beings']",2012-03-27,597
1951,"['Beings', 'Items/Objects']",2011-12-10,489
1952,"['Beings', 'Dismemberment']",2016-05-12,2104
1953,['Lost Episodes'],2012-11-30,845
1954,"['Beings', 'Lovecraftian', 'Historical Archive']",2011-04-22,257
1955,"['Appealed Stories', 'Places', 'Dismemberment', 'Items/Objects']",2014-05-06,1367
1956,"['Cornconic', 'Animals', 'Beings', 'Monsters', 'Computers and Internet', 'Dismemberment', 'Mental Illness', 'Music', 'Places', 'Science', 'Space', 'Weird', 'Micropasta', 'Videos']",2023-04-30,4648
1957,"['Ghosts', 'PotM', 'Weird', 'EtherBot']",2017-10-30,2640
1958,"['Dismemberment', 'Reality']",2017-09-28,2608
1959,['Monsters'],2013-08-12,1100
1960,"['Animals', 'Beings']",2017-07-07,2525
1961,"['Mental Illness', 'Science']",2017-08-28,2577
1962,['Mental Illness'],2014-12-14,1589
1963,"['Dismemberment', 'Mental Illness', 'Books']",2014-10-15,1529
1964,['Places'],2012-06-10,672
1965,['Monsters'],2019-06-26,3244
1966,"['Doom Vroom', 'Mental Illness', 'Military', 'Videos']",2016-02-13,2015
1967,['Mental Illness'],2013-04-04,970
1968,['Mental Illness'],2012-03-27,597
1969,"['Historical Archive/PD', 'Videos']",2018-06-27,2880
1970,['Beings'],2015-03-08,1673
1971,['Space'],2012-09-14,768
1972,"['Mental Illness', 'Beings', 'Jdeschene']",2020-04-16,3539
1973,"['Reddit Pastas', 'Science', 'Reality', 'Beings']",2017-09-04,2584
1974,"['Poetry', 'Dismemberment']",2019-11-25,3396
1975,"['Cryptids', 'Dreams/Sleep', 'Vehicles']",2014-05-02,1363
1976,"['Reality', 'Demon/Devil']",2013-10-09,1158
1977,"['Animals', 'Beings', 'Disappearances']",2013-01-01,877
1978,"['Animals', 'Places']",2012-01-19,529
1979,"['Crime', 'Monsters', 'Dismemberment']",2014-03-05,1305
1980,"['Video Games', 'NSFW']",2012-11-11,826
1981,"['MJTR', 'Animals', 'Computers and Internet', 'NSFW', 'Video Games', 'Weird', 'Beings', 'Dismemberment']",2019-05-27,3214
1982,"['Mental Illness', 'Longpasta']",2014-01-25,1266
1983,"['Beings', 'Reality', 'Mental Illness', 'Micropasta']",2013-01-09,885
1984,"['Mirrors', 'Items/Objects', 'Micropasta']",2013-12-02,1212
1985,"['ZugZuwang', 'Weird']",2022-03-28,4250
1986,"['Nature', 'Weird', 'Micropasta']",2020-08-21,3666
1987,"['Mental Illness', 'Micropasta']",2023-10-10,4811
1988,"['Places', 'Mental Illness']",2012-10-01,785
1989,"['Computers and Internet', 'Beings', 'Dismemberment']",2012-04-13,614
1990,"['Monsters', 'Items/Objects', 'History']",2013-01-12,888
1991,"['Diary/Journal', 'Dismemberment', 'Lovecraftian', 'Monsters']",2020-05-18,3571
1992,['Beings'],2012-03-26,596
1993,"['Items/Objects', 'Ghosts', 'Micropasta']",2015-01-29,1635
1994,['Ghosts'],2012-10-28,812
1995,['Monsters'],2016-05-03,2095
1996,"['Monsters', 'Disappearances', 'Theory']",2014-04-16,1347
1997,"['Tiololo', 'Ghosts', 'NSFW']",2015-07-03,1790
1998,"['L0CKED334', 'Beings', 'Books', 'Dreams/Sleep']",2018-10-17,2992
1999,['Space'],2014-12-29,1604
2000,['Monsters'],2014-02-10,1282
2001,"['Mental Illness', 'Micropasta']",2013-07-17,1074
2002,"['Monsters', 'Dismemberment', 'Dreams/Sleep', 'Places']",2018-05-21,2843
2003,"['Beings', 'Reality']",2013-06-16,1043
2004,"['Mental Illness', 'Dismemberment', 'History']",2012-10-19,803
2005,"['Places', 'Nature']",2014-08-04,1457
2006,['PokéMon'],2012-02-20,561
2007,['Beings'],2012-05-14,645
2008,"['Beings', 'MalumLibrum958']",2022-02-26,4220
2009,"['Animals', 'Micropasta']",2013-05-12,1008
2010,"['Ghosts', 'Places']",2012-03-30,600
2011,['Places'],2013-02-07,914
2012,['Beings'],2012-01-27,537
2013,['Beings'],2013-04-14,980
2014,"['Dreams/Sleep', 'Dismemberment']",2013-05-13,1009
2015,"['Memes', 'Places', 'Food', 'Weird', 'Historical Archive']",2010-11-07,91
2016,[],2010-08-08,0
2017,"['Items/Objects', 'Animals']",2018-07-19,2902
2018,"['Animals', 'Monsters', 'Dismemberment', 'Disappearances']",2014-06-23,1415
2019,"['Beings', 'Dreams/Sleep']",2014-08-01,1454
2020,"['Ghosts', 'Items/Objects', 'Jdeschene']",2020-05-09,3562
2021,"['Mental Illness', 'History', 'Reality']",2017-08-25,2574
2022,"['Tiololo', 'STTWC15', 'Crime', 'Photography', 'Places', 'Mental Illness']",2015-04-10,1706
2023,['Video Games'],2013-03-23,958
2024,"['Dreams/Sleep', 'Tewahway', 'Videos']",2021-11-16,4118
2025,"['Beings', 'Disappearances']",2015-06-01,1758
2026,['Space'],2015-05-01,1727
2027,['Demon/Devil'],2013-08-30,1118
2028,"['Palaeontologica', 'Cryptids', 'History']",2021-12-22,4154
2029,"['Beings', 'Mental Illness']",2014-03-15,1315
2030,['Mental Illness'],2013-06-28,1055
2031,"['Beings', 'Weird']",2016-11-09,2285
2032,"['Demon/Devil', 'Doom Vroom', 'Videos']",2016-01-27,1998
2033,"['Poetry', 'Nature', 'Gods', 'Ghosts', 'Disappearances', 'Banned In CP', 'Places', 'Reality']",2017-04-06,2433
2034,"['Dreams/Sleep', 'Theory']",2011-04-14,249
2035,"['Demon/Devil', 'Places', 'L0CKED334']",2018-09-07,2952
2036,"['Demon/Devil', 'L0CKED334']",2018-08-27,2941
2037,"['L0CKED334', 'Demon/Devil']",2018-10-01,2976
2038,"['Demon/Devil', 'Items/Objects', 'L0CKED334']",2018-08-31,2945
2039,['Monsters'],2017-05-30,2487
2040,['Dismemberment'],2021-04-14,3902
2041,"['Ghosts', 'Micropasta']",2011-03-17,221
2042,"['Beings', 'Weird']",2014-06-04,1396
2043,"['Places', 'Disappearances']",2021-03-13,3870
2044,['Items/Objects'],2016-07-21,2174
2045,"['Animals', 'Ritual', 'Mental Illness']",2011-09-09,397
2046,"['Dreams/Sleep', 'Animals']",2012-01-23,533
2047,"['Animals', 'Places']",2013-01-04,880
2048,['Animals'],2020-08-15,3660
2049,"['Items/Objects', 'Mental Illness', 'SnakeTongue237']",2015-08-16,1834
2050,"['Mental Illness', 'Dismemberment']",2013-11-29,1209
2051,"['Beings', 'Places', 'Dreams/Sleep']",2012-10-30,814
2052,"['Monsters', 'Jdeschene']",2018-07-19,2902
2053,['PokéMon'],2012-04-20,621
2054,"['Ghosts', 'Beings']",2021-07-12,3991
2055,['Beings'],2011-11-24,473
2056,['Ghosts'],2013-02-11,918
2057,"['Lost Episodes', 'Videos', 'Historical Archive']",2011-02-02,178
2058,"['Monsters', 'Mental Illness']",2011-06-26,322
2059,['Monsters'],2012-04-20,621
2060,"['Books', 'Items/Objects']",2022-04-21,4274
2061,"['Dreams/Sleep', 'Beings']",2012-10-10,794
2062,"['Science', 'Diary/Journal']",2013-06-20,1047
2063,"['Reality', 'Micropasta']",2017-10-14,2624
2064,['Animals'],2016-05-31,2123
2065,['Monsters'],2014-06-15,1407
2066,"['Gods', 'Poetry']",2020-01-20,3452
2067,"['History', 'Lovecraftian']",2011-08-07,364
2068,['Places'],2018-07-05,2888
2069,['PokéMon'],2012-02-22,563
2070,['Beings'],2016-11-03,2279
2071,"['Theory', 'Memes', 'Science', 'Reddit Pastas', 'Reality', 'Weird']",2013-06-08,1035
2072,"['Historical Archive', 'Ghosts', 'Television', 'Theory']",2011-09-05,393
2073,"['Animals', 'Diary/Journal', 'Icydice']",2018-01-01,2703
2074,"['Demon/Devil', 'Dismemberment']",2018-03-07,2768
2075,"['Liminal Spaces 2022', 'Palaeontologica', 'Monsters']",2022-08-26,4401
2076,"['Halloween', 'Places']",2013-10-15,1164
2077,"['Mental Illness', 'Dismemberment']",2014-07-25,1447
2078,"['Diary/Journal', 'Items/Objects']",2013-08-15,1103
2079,['Diary/Journal'],2015-04-16,1712
2080,"['Beings', 'Items/Objects', 'Mental Illness']",2014-08-24,1477
2081,['Items/Objects'],2015-11-07,1917
2082,"['PotM', 'NSFW', 'Science', 'Mental Illness', 'Historical Archive']",2012-04-18,619
2083,"['Ghosts', 'Computers and Internet', 'Animals']",2021-08-22,4032
2084,"['Monsters', 'Dismemberment']",2012-12-06,851
2085,['Places'],2011-05-07,272
2086,"['Diary/Journal', 'Dismemberment', 'Mmpratt99 deviantart']",2014-09-16,1500
2087,"['Ghosts', 'Mirrors', 'Ritual']",2012-06-07,669
2088,['Demon/Devil'],2013-05-26,1022
2089,['PokéMon'],2012-05-28,659
2090,"['Places', 'Items/Objects']",2021-08-26,4036
2091,['Nature'],2014-11-23,1568
2092,"['Ritual', 'Ghosts', 'Items/Objects']",2014-12-11,1586
2093,"['Dreams/Sleep', 'Items/Objects']",2013-04-28,994
2094,"['Beings', 'Places']",2013-07-21,1078
2095,['Mental Illness'],2013-12-03,1213
2096,['Beings'],2016-04-15,2077
2097,['Reality'],2014-05-06,1367
2098,"['Beings', 'Computers and Internet']",2012-04-02,603
2099,"['Computers and Internet', 'Space']",2019-10-20,3360
2100,"['Reddit Pastas', 'Monsters', 'Places', 'Items/Objects']",2019-06-08,3226
2101,['Computers and Internet'],2013-03-28,963
2102,"['Vehicles', 'Beings', 'Tewahway']",2022-09-27,4433
2103,"['Dismemberment', 'Dreams/Sleep', 'History', 'Places', 'Mental Illness', 'Military']",2015-03-08,1673
2104,"['Mental Illness', 'Science']",2021-07-24,4003
2105,"['Beings', 'Dreams/Sleep']",2011-07-17,343
2106,"['Reality', 'Beings']",2014-10-28,1542
2107,"['Weird', 'Reality']",2020-09-04,3680
2108,"['Mental Illness', 'Micropasta']",2015-01-30,1636
2109,"['ClericofMadness', 'Computers and Internet', 'Mental Illness']",2011-03-31,235
2110,['Mental Illness'],2013-10-08,1157
2111,['Mental Illness'],2019-09-20,3330
2112,"['Beings', 'Disappearances', 'HumboldtLycanthrope', 'Mental Illness', 'NSFW', 'Places', 'Videos', 'CPWSong2016']",2016-01-10,1981
2113,['Mental Illness'],2020-04-23,3546
2114,['Mental Illness'],2012-08-17,740
2115,['Ghosts'],2013-08-24,1112
2116,['Monsters'],2012-03-10,580
2117,"['Mental Illness', 'Disappearances', 'TheWizardOfTheWoods']",2018-07-26,2909
2118,"['Dismemberment', 'Mental Illness', 'Disappearances', 'Reality']",2011-04-21,256
2119,['Beings'],2014-05-31,1392
2120,"['Demon/Devil', 'Videos', 'Killahawke1']",2015-10-07,1886
2121,"['HPL', 'Monsters']",2012-03-27,597
2122,['Vehicles'],2021-05-13,3931
2123,"['Items/Objects', 'Ritual']",2013-11-27,1207
2124,"['Computers and Internet', 'NSFW']",2012-09-18,772
2125,"['Beings', 'Mental Illness', 'Weird']",2013-08-16,1104
2126,"['Demon/Devil', 'Dismemberment', 'Reality', 'DrBobSmith', 'Videos']",2018-08-20,2934
2127,['Gods'],2013-08-27,1115
2128,"['Beings', 'Micropasta']",2011-04-28,263
2129,"['Ghosts', 'Micropasta']",2012-03-15,585
2130,"['Dismemberment', 'Monsters', 'Reality']",2020-06-18,3602
2131,['Monsters'],2013-09-20,1139
2132,['Mental Illness'],2013-08-07,1095
2133,['Demon/Devil'],2010-11-28,112
2134,['Beings'],2011-07-18,344
2135,['Demon/Devil'],2012-08-08,731
2136,"['Disappearances', 'Animals', 'Nature']",2013-11-16,1196
2137,"['Mental Illness', 'Nature', 'Jdeschene', 'Videos']",2018-10-13,2988
2138,"['Animals', 'Mental Illness', 'Micropasta']",2017-10-10,2620
2139,"['Places', 'Historical Archive']",2011-03-24,228
2140,"['Animals', 'Beings']",2013-04-19,985
2141,"['Dismemberment', 'Diary/Journal']",2018-08-01,2915
2142,"['Computers and Internet', 'Diary/Journal']",2013-10-28,1177
2143,"['Disappearances', 'Photography', 'Reality']",2015-06-29,1786
2144,"['EmpyrealInvective', 'History', 'Videos']",2013-11-24,1204
2145,"['Weird', 'Beings']",2020-09-25,3701
2146,['Mental Illness'],2017-10-08,2618
2147,"['Beings', 'Dreams/Sleep', 'Micropasta']",2013-05-03,999
2148,"['Places', 'Nature']",2013-02-08,915
2149,"['Monsters', 'Places']",2016-04-30,2092
2150,"['Reality', 'Micropasta']",2010-08-19,11
2151,"['Ritual', 'Mental Illness', 'Beings', 'Longpasta']",2015-11-06,1916
2152,['Lovecraftian'],2012-10-24,808
2153,['Weird'],2018-12-28,3064
2154,['Dreams/Sleep'],2013-10-23,1172
2155,"['Dreams/Sleep', 'Mental Illness']",2014-07-16,1438
2156,['Disappearances'],2013-12-31,1241
2157,['Mental Illness'],2013-10-02,1151
2158,"['Beings', 'Micropasta']",2013-11-09,1189
2159,"['Dreams/Sleep', 'Demon/Devil']",2015-08-20,1838
2160,"['Mirrors', 'Beings']",2014-05-28,1389
2161,"['Places', 'Ghosts', 'Halloween']",2018-10-09,2984
2162,"['History', 'Reality']",2012-02-14,555
2163,"['Reality', 'Theory', 'Demon/Devil', 'NSFW', 'Mental Illness']",2012-03-02,572
2164,"['Crime', 'Places', 'Beings', 'Items/Objects', 'Longpasta']",2015-10-12,1891
2165,['Places'],2011-03-21,225
2166,"['Beings', 'Mirrors', 'Ritual']",2013-07-19,1076
2167,"['Nature', 'Animals', 'Dismemberment']",2022-06-10,4324
2168,['Theory'],2014-07-13,1435
2169,"['Lost Episodes', 'Historical Archive']",2011-03-24,228
2170,"['Ghosts', 'History', 'Military']",2017-03-05,2401
2171,"['Crime', 'Beings', 'Diary/Journal', 'Mental Illness']",2013-01-27,903
2172,"['Beings', 'Mirrors']",2011-09-23,411
2173,['Reality'],2018-05-06,2828
2174,['History'],2013-07-09,1066
2175,"['Monsters', 'Places']",2011-06-29,325
2176,['Cryptids'],2012-12-20,865
2177,"['Mental Illness', 'Demon/Devil']",2013-08-02,1090
2178,"['Dreams/Sleep', 'Beings', 'Reality', 'Mental Illness', 'The Hooded Werewolf']",2012-05-05,636
2179,"['Mental Illness', 'Demon/Devil']",2013-04-14,980
2180,"['Disappearances', 'Monsters', 'Reality', 'Dreams/Sleep']",2014-09-29,1513
2181,"['Disappearances', 'Dreams/Sleep', 'Monsters']",2015-03-26,1691
2182,"['Reality', 'Dreams/Sleep']",2011-10-18,436
2183,"['Places', 'Monsters']",2020-02-05,3468
2184,"['Reality', 'Diary/Journal', 'Mental Illness']",2013-05-26,1022
2185,"['Reality', 'Diary/Journal', 'Demon/Devil']",2013-05-26,1022
2186,"['Monsters', 'Dismemberment', 'Disappearances']",2013-04-28,994
2187,"['Historical Archive/PD', 'Poetry']",2018-02-12,2745
2188,"['Beings', 'Places']",2013-01-31,907
2189,"['StalkerShrike', 'Monsters']",2020-10-17,3723
2190,"['Gods', 'Places', 'Computers and Internet']",2015-05-03,1729
2191,['Weird'],2012-06-21,683
2192,"['Ghosts', 'Items/Objects', 'Vehicles']",2017-11-13,2654
2193,"['Computers and Internet', 'Reality', 'Science', 'Micropasta']",2011-03-20,224
2194,"['Dreams/Sleep', 'Computers and Internet', 'Beings', 'Micropasta']",2012-12-08,853
2195,"['Beings', 'Science']",2013-10-23,1172
2196,"['Reality', 'Dismemberment', 'RedNovaTyrant']",2018-08-28,2942
2197,"['Computers and Internet', 'Dismemberment', 'Mental Illness', 'PotM', 'Historical Archive', 'Memes']",2012-01-15,525
2198,['Beings'],2014-04-30,1361
2199,"['Beings', 'CharminglyShallow', 'Computers and Internet', 'Items/Objects', 'Reality']",2014-08-03,1456
2200,"['Diary/Journal', 'Dismemberment']",2014-09-25,1509
2201,"['Dreams/Sleep', 'Beings']",2012-07-17,709
2202,"['Memes', 'Disappearances', 'Diary/Journal']",2012-07-31,723
2203,"['Nature', 'Ghosts', 'Places', 'Videos']",2014-08-13,1466
2204,"['Mental Illness', 'Books', 'Raidra', 'Videos']",2013-09-13,1132
2205,"['MLycantrope', 'Mental Illness', 'Poetry']",2021-03-31,3888
2206,"['Places', 'Longpasta']",2019-09-10,3320
2207,"['Dreams/Sleep', 'Reality', 'Beings']",2012-10-26,810
2208,"['Halloween', 'Beings']",2012-04-15,616
2209,"['Weird', 'CPWSong2016']",2016-01-14,1985
2210,['Cryptids'],2012-11-23,838
2211,"['Beings', 'Dreams/Sleep', 'Killahawke1', 'Videos']",2015-10-14,1893
2212,"['Reality', 'Places']",2021-11-30,4132
2213,"['Reality', 'Micropasta']",2013-11-18,1198
2214,"['Demon/Devil', 'Dismemberment', 'Places']",2014-03-10,1310
2215,"['Disappearances', 'Ghosts', 'Items/Objects']",2014-02-19,1291
2216,"['Animals', 'Icydice', 'Dismemberment', 'Nature']",2018-10-13,2988
2217,"['Lost Episodes', 'Videos', 'Memes', 'Historical Archive']",2010-08-08,0
2218,['Ghosts'],2017-03-29,2425
2219,"['Animals', 'Micropasta']",2012-09-09,763
2220,"['HopelessNightOwl', 'Animals', 'Nature', 'Crime']",2019-09-07,3317
2221,"['Beings', 'Diary/Journal', 'Mental Illness']",2019-02-02,3100
2222,"['Dismemberment', 'Beings']",2015-12-28,1968
2223,['Beings'],2016-11-02,2278
2224,"['Ghosts', 'Mental Illness']",2013-04-10,976
2225,"['Places', 'Disappearances', 'Diary/Journal', 'Photography', 'Longpasta']",2021-11-06,4108
2226,"['REH', 'Poetry']",2018-01-12,2714
2227,"['Ghosts', 'Reality']",2017-07-28,2546
2228,"['Space', 'Science', 'Noctevoire', 'Beings', 'Computers and Internet']",2019-09-19,3329
2229,"['RTWC23', 'Dismemberment', 'Beings']",2023-08-22,4762
2230,"['Disappearances', 'Places']",2020-04-06,3529
2231,"['Monsters', 'Animals', 'NSFW', 'Weird', 'Mental Illness']",2012-02-17,558
2232,"['Beings', 'Disappearances']",2012-05-09,640
2233,"['Monsters', 'Places']",2011-08-24,381
2234,"['Nature', 'Disappearances']",2018-02-28,2761
2235,"['Places', 'Dismemberment', 'Nature', 'Disappearances']",2012-08-17,740
2236,['Dreams/Sleep'],2012-04-11,612
2237,"['Demon/Devil', 'Dreams/Sleep']",2012-07-18,710
2238,"['DrBobSmith', 'Ghosts', 'Reality', 'Vehicles', 'Videos']",2019-06-24,3242
2239,['Weird'],2013-11-14,1194
2240,"['Diary/Journal', 'Dreams/Sleep']",2013-10-25,1174
2241,"['Nature', 'History']",2015-04-27,1723
2242,"['Mental Illness', 'Places']",2014-03-28,1328
2243,"['Demon/Devil', 'Fairly7Local']",2019-03-24,3150
2244,"['Demon/Devil', 'Television', 'Theory']",2012-04-12,613
2245,['Demon/Devil'],2012-09-03,757
2246,"['Mental Illness', 'Disappearances', 'Demon/Devil']",2021-01-27,3825
2247,"['Monsters', 'RCainTales']",2019-09-26,3336
2248,"['Mental Illness', 'Diary/Journal']",2013-02-08,915
2249,"['Mental Illness', 'Diary/Journal', 'Historical Archive', 'Dreams/Sleep']",2010-11-07,91
2250,"['Beings', 'Items/Objects', 'Mental Illness']",2019-09-04,3314
2251,"['Historical Archive', 'Diary/Journal', 'Beings', 'Television']",2011-05-16,281
2252,['Diary/Journal'],2013-04-25,991
2253,"['Places', 'Mental Illness']",2014-09-20,1504
2254,"['Diary/Journal', 'Disappearances']",2018-01-27,2729
2255,"['Halloween', 'Jdeschene', 'Disappearances', 'Reality', 'Videos']",2018-06-16,2869
2256,"['Monsters', 'PotM']",2019-11-14,3385
2257,"['Lovecraftian', 'Historical Archive', 'Reality', 'Micropasta']",2011-02-28,204
2258,"['Beings', 'Reddit Pastas']",2017-02-17,2385
2259,"['Beings', 'Dreams/Sleep']",2012-01-03,513
2260,"['Reality', 'Beings']",2014-10-05,1519
2261,['Poetry'],2012-04-16,617
2262,"['History', 'Science', 'Weird']",2012-04-28,629
2263,['Beings'],2014-02-09,1281
2264,"['Computers and Internet', 'Dismemberment']",2015-02-24,1661
2265,"['Historical Archive', 'Weird', 'Micropasta']",2011-04-22,257
2266,['Demon/Devil'],2020-07-24,3638
2267,"['Animals', 'Beings']",2013-03-11,946
2268,"['Ghosts', 'Reality']",2013-05-18,1014
2269,"['Beings', 'Animals']",2014-11-27,1572
2270,['PokéMon'],2012-02-22,563
2271,"['Places', 'Dismemberment']",2016-01-17,1988
2272,"['Ghosts', 'Military']",2015-05-24,1750
2273,['Beings'],2012-08-01,724
2274,"['Reality', 'Micropasta']",2015-03-01,1666
2275,"['Gods', 'Theory']",2011-09-28,416
2276,"['Weird', 'MalumLibrum958']",2022-11-22,4489
2277,['Computers and Internet'],2013-03-14,949
2278,"['Beings', 'Hospitals', 'Weird']",2022-06-10,4324
2279,"['Space', 'Vehicles', 'Reddit Pastas']",2018-02-13,2746
2280,['Beings'],2013-05-28,1024
2281,['Demon/Devil'],2014-03-12,1312
2282,"['Appealed Stories', 'Dismemberment', 'Computers and Internet']",2012-12-31,876
2283,"['Alparos-Lilah', 'Beings']",2023-04-18,4636
2284,"['Military', 'Beings']",2012-10-27,811
2285,"['Monsters', 'Dismemberment', 'Animals']",2017-08-07,2556
2286,"['Demon/Devil', 'Ritual', 'CPWDemonDevil2015']",2015-07-05,1792
2287,"['Items/Objects', 'Diary/Journal', 'Music', 'Historical Archive']",2010-11-07,91
2288,['Mental Illness'],2014-06-11,1403
2289,['Ghosts'],2014-09-21,1505
2290,['Weird'],2014-06-27,1419
2291,"['Hospitals', 'Jdeschene', 'NSFW', 'Videos']",2018-12-17,3053
2292,"['Beings', 'Military', 'Monsters', 'Computers and Internet']",2022-11-01,4468
2293,['Diary/Journal'],2011-11-08,457
2294,"['TheDoctorFF', 'Beings', 'Disappearances', 'Lovecraftian', 'Nature']",2017-06-14,2502
2295,['Monsters'],2012-03-06,576
2296,"['Mental Illness', 'Micropasta']",2020-05-10,3563
2297,['Ghosts'],2014-07-08,1430
2298,"['Zelda', 'Poetry']",2013-06-15,1042
2299,['Beings'],2015-04-12,1708
2300,"['Ritual', 'Micropasta']",2010-12-25,139
2301,['Computers and Internet'],2013-03-31,966
2302,['Mental Illness'],2013-09-11,1130
2303,"['Monsters', 'Nature']",2012-12-19,864
2304,"['Weird', 'Dourdan']",2019-04-30,3187
2305,['Mental Illness'],2016-03-05,2036
2306,"['Theory', 'Science']",2014-09-17,1501
2307,"['Beings', 'Places', 'RQMystery2015', 'Disappearances', 'Nature']",2015-09-11,1860
2308,"['Computers and Internet', 'Disappearances']",2011-12-29,508
2309,"['Beings', 'Disappearances']",2017-01-11,2348
2310,['Mental Illness'],2015-03-29,1694
2311,"['Places', 'Food', 'Disappearances']",2013-12-03,1213
2312,"['Monsters', 'Mental Illness']",2013-10-11,1160
2313,"['Weird', 'Dismemberment', 'Disappearances', 'Longpasta', 'NSFW']",2016-06-16,2139
2314,['Demon/Devil'],2016-11-08,2284
2315,"['Mental Illness', 'Military']",2012-01-01,511
2316,"['Ghosts', 'Theory']",2014-01-01,1242
2317,"['Space', 'Mental Illness']",2011-11-16,465
2318,"['Mental Illness', 'Beings', 'Mirrors', 'Longpasta']",2013-08-31,1119
2319,"['Beings', 'Dreams/Sleep', 'Poetry']",2015-01-11,1617
2320,"['Diary/Journal', 'Military', 'Science', 'Monsters']",2011-11-19,468
2321,"['Beings', 'Mental Illness']",2014-11-24,1569
2322,"['Demon/Devil', 'Animals', 'Places']",2018-02-05,2738
2323,"['Mental Illness', 'Cryptids', 'Historical Archive', 'Micropasta']",2010-08-18,10
2324,"['Dreams/Sleep', 'Ghosts']",2014-06-09,1401
2325,['Demon/Devil'],2014-03-07,1307
2326,"['Vehicles', 'Cryptids', 'Diary/Journal']",2022-04-05,4258
2327,"['Dreams/Sleep', 'Demon/Devil']",2013-10-21,1170
2328,"['Demon/Devil', 'Music', 'Mental Illness']",2012-09-22,776
2329,"['Demon/Devil', 'Dismemberment', 'Television', 'Disappearances']",2012-10-10,794
2330,['Demon/Devil'],2013-12-01,1211
2331,"['Beings', 'Mental Illness']",2012-05-25,656
2332,"['Computers and Internet', 'Mental Illness']",2013-07-03,1060
2333,"['Weird', 'Dismemberment', 'Mental Illness']",2015-01-18,1624
2334,"['Places', 'Reality']",2011-04-15,250
2335,['Mental Illness'],2015-10-02,1881
2336,['Places'],2013-08-14,1102
2337,"['Items/Objects', 'Crime', 'Dismemberment', 'William See']",2022-12-01,4498
2338,"['Music', 'Weird']",2023-08-21,4761
2339,['Mental Illness'],2013-02-19,926
2340,"['Reality', 'Vehicles', 'Micropasta']",2015-02-27,1664
2341,"['Mental Illness', 'Vehicles', 'MalumLibrum958']",2022-11-19,4486
2342,"['Beings', 'Computers and Internet']",2012-04-26,627
2343,"['Historical Archive/PD', 'Longpasta']",2018-06-19,2872
2344,['Mental Illness'],2013-09-02,1121
2345,['Monsters'],2013-02-03,910
2346,"['Historical Archive', 'Diary/Journal', 'Beings', 'Mental Illness']",2011-07-12,338
2347,"['Icydice', 'Beings', 'Dismemberment']",2018-04-29,2821
2348,['Demon/Devil'],2014-08-17,1470
2349,['Computers and Internet'],2014-04-27,1358
2350,['Dreams/Sleep'],2015-10-18,1897
2351,"['HPL', 'Poetry']",2012-04-10,611
2352,['Mental Illness'],2014-07-10,1432
2353,"['Beings', 'Items/Objects']",2014-05-08,1369
2354,"['Nature', 'Places', 'Disappearances', 'Dismemberment', 'Monsters', 'Military', 'Longpasta']",2018-03-16,2777
2355,"['Space', 'Diary/Journal', 'Mental Illness', 'Dismemberment', 'Science']",2015-06-17,1774
2356,"['Demon/Devil', 'Disappearances', 'Dismemberment', 'Nature', 'NSFW', 'Places', 'SnakeTongue237']",2016-03-14,2045
2357,"['Gods', 'Lovecraftian', 'History']",2017-01-30,2367
2358,"['Dreams/Sleep', 'Beings']",2013-06-05,1032
2359,"['Beings', 'Mental Illness']",2013-12-31,1241
2360,"['Demon/Devil', 'Dreams/Sleep']",2013-06-19,1046
2361,"['Demon/Devil', 'Computers and Internet']",2016-10-20,2265
2362,"['Ritual', 'Demon/Devil', 'Items/Objects']",2014-11-28,1573
2363,"['Places', 'Reality', 'Historical Archive', 'Military', 'Nature']",2010-08-30,22
2364,[' Demon/Devil'],2014-05-16,1377
2365,['Monsters'],2014-12-01,1576
2366,['Ritual'],2015-01-25,1631
2367,"['Disappearances', 'History']",2012-04-22,623
2368,"['PokéMon', 'Micropasta']",2012-08-02,725
2369,"['Demon/Devil', 'Ritual']",2013-08-06,1094
2370,"['Ritual', 'Beings']",2013-08-06,1094
2371,"['Beings', 'Space', 'Dreams/Sleep']",2012-04-17,618
2372,"['History', 'Ghosts']",2015-07-10,1797
2373,"['Diary/Journal', 'Demon/Devil']",2012-09-03,757
2374,"['Diary/Journal', 'Ghosts']",2015-06-03,1760
2375,"['Diary/Journal', 'Dourdan', 'Ghosts', 'Hospitals']",2018-07-11,2894
2376,"['Beings', 'Diary/Journal']",2014-02-25,1297
2377,"['Mental Illness', 'Diary/Journal', 'Monsters']",2010-11-06,90
2378,"['Crime', 'Diary/Journal']",2013-08-07,1095
2379,['Diary/Journal'],2014-02-18,1290
2380,"['Items/Objects', 'Beings']",2012-06-21,683
2381,"['Mental Illness', 'Dismemberment']",2014-06-12,1404
2382,"['Dreams/Sleep', 'Reality', 'Theory', 'Micropasta']",2012-12-18,863
2383,"['Weird', 'Micropasta']",2021-03-31,3888
2384,['Mental Illness'],2012-03-07,577
2385,['Dreams/Sleep'],2012-12-16,861
2386,"['Beings', 'Micropasta']",2013-10-05,1154
2387,['EAP'],2012-04-25,626
2388,"['Reality', 'Theory', 'FlakyPorcupine', 'Micropasta']",2014-01-18,1259
2389,"['Beings', 'Science', 'Dreams/Sleep', 'Historical Archive', 'Reality']",2010-11-06,90
2390,"['Lovecraftian', 'Cryptids', 'Military', 'Places']",2012-03-16,586
2391,"['Mental Illness', 'Science']",2014-10-31,1545
2392,"['History', 'Military']",2021-04-21,3909
2393,"['Poetry', 'Items/Objects']",2015-02-27,1664
2394,"['Mental Illness', 'Monsters']",2013-03-22,957
2395,"['Beings', 'Mental Illness', 'Dreams/Sleep', 'Dismemberment']",2013-09-26,1145
2396,['Beings'],2011-12-22,501
2397,"['REH', 'Demon/Devil', 'Places', 'Dreams/Sleep', 'Lovecraftian']",2017-09-25,2605
2398,"['Diary/Journal', 'History', 'Mental Illness', 'Military', 'Reality']",2013-11-12,1192
2399,['Mental Illness'],2014-11-07,1552
2400,"['Science', 'Mental Illness']",2011-12-28,507
2401,"['Beings', 'Mental Illness']",2016-12-28,2334
2402,"['Reality', 'Food', 'Dismemberment']",2015-08-04,1822
2403,"['Dismemberment', 'L0CKED334', 'Mental Illness', 'Food']",2018-08-17,2931
2404,"['Animals', 'Mental Illness', 'Nature', 'Places']",2013-12-30,1240
2405,"['Weird', 'Food', 'Micropasta']",2014-10-28,1542
2406,"['Videos', 'Historical Archive/PD', 'Dismemberment']",2018-08-13,2927
2407,"['Beings', 'Places']",2012-09-22,776
2408,"['Mental Illness', 'Dismemberment', 'Micropasta']",2012-12-07,852
2409,['Mental Illness'],2015-01-01,1607
2410,"['Demon/Devil', 'Weird']",2012-05-07,638
2411,"['Disappearances', 'Animals', 'Reality', 'NSFW', 'Mental Illness']",2012-03-09,579
2412,['PokéMon'],2012-03-09,579
2413,"['Diary/Journal', 'Science']",2013-08-16,1104
2414,"['Monsters', 'Science', 'Reality']",2012-02-14,555
2415,"['Gods', 'Lovecraftian']",2020-03-03,3495
2416,['Ghosts'],2021-05-12,3930
2417,"['Items/Objects', 'Music', 'HopelessNightOwl', 'Videos']",2018-10-02,2977
2418,"['Places', 'Dreams/Sleep', 'Beings']",2012-10-15,799
2419,"['Theory', 'Videos', 'Animals', 'Television']",2014-05-16,1377
2420,"['Places', 'Ghosts', 'Micropasta']",2013-01-20,896
2421,"['Beings', 'Crime', 'Vehicles']",2011-11-18,467
2422,['Monsters'],2014-07-25,1447
2423,"['Ghosts', 'Disappearances']",2017-10-07,2617
2424,['Dismemberment'],2014-02-27,1299
2425,"['Demon/Devil', 'Mental Illness']",2014-06-18,1410
2426,"['Mental Illness', 'Dismemberment', 'William See']",2020-04-28,3551
2427,['Places'],2013-11-27,1207
2428,['Mirrors'],2014-09-02,1486
2429,['Diary/Journal'],2014-04-01,1332
2430,"['Music', 'Mental Illness']",2013-02-22,929
2431,['Video Games'],2012-12-28,873
2432,"['Mental Illness', 'ZugZuwang', 'NSFW']",2021-10-20,4091
2433,['Poetry'],2019-06-20,3238
2434,"['Dreams/Sleep', 'Beings', 'Weird']",2023-11-08,4840
2435,"['Computers and Internet', 'Dreams/Sleep']",2016-01-16,1987
2436,"['Monsters', 'Dismemberment', 'Disappearances', 'Places', 'Nature']",2015-06-17,1774
2437,"['Demon/Devil', 'Weird', 'Vehicles']",2014-09-25,1509
2438,"['Historical Archive', 'Suggested Reading', 'Cryptids', 'Places', 'History']",2010-12-04,118
2439,"['Ritual', 'Beings', 'Dreams/Sleep']",2011-01-03,148
2440,['Demon/Devil'],2023-03-28,4615
2441,['Beings'],2014-03-14,1314
2442,['Computers and Internet'],2024-01-01,4894
2443,"['Items/Objects', 'Reality']",2011-03-20,224
2444,"['Computers and Internet', 'Micropasta']",2018-04-23,2815
2445,['Items/Objects'],2011-12-01,480
2446,"['Appealed Stories', 'DFPC15', 'Mental Illness']",2014-07-22,1444
2447,['PokéMon'],2011-09-20,408
2448,['Mental Illness'],2013-10-30,1179
2449,"['Music', 'Beings', 'Items/Objects']",2013-08-21,1109
2450,['PokéMon'],2012-02-22,563
2451,"['Computers and Internet', 'Photography', 'Tewahway', 'Disappearances', 'Videos']",2022-01-12,4175
2452,['Mental Illness'],2014-07-04,1426
2453,"['Items/Objects', 'Mental Illness', 'Weird']",2013-04-03,969
2454,"['Items/Objects', 'Mental Illness']",2019-04-27,3184
2455,"['Beings', 'Hospitals', 'Science']",2013-04-14,980
2456,"['Music', 'Mental Illness', 'Dismemberment']",2014-05-11,1372
2457,"['Mental Illness', 'Beings']",2013-08-30,1118
2458,"['Science', 'Videos']",2014-06-11,1403
2459,"['Monsters', 'Mental Illness']",2018-05-05,2827
2460,"['Mental Illness', 'Television']",2013-05-19,1015
2461,"['Mental Illness', 'Beings']",2014-09-15,1499
2462,"['Animals', 'Disappearances', 'Dismemberment']",2021-04-04,3892
2463,"['Animals', 'Dismemberment', 'Places', 'Summer Creative Writing 2016', 'Videos', 'Umbrello', 'Weird']",2016-06-29,2152
2464,"['ClericofMadness', 'Animals', 'Disappearances']",2011-08-14,371
2465,"['Diary/Journal', 'Monsters', 'Places', 'Disappearances', 'Nature', 'Animals']",2013-06-26,1053
2466,"['Animals', 'Books', 'Dismemberment', 'NSFW']",2011-08-13,370
2467,"['Ghosts', 'Animals', 'Reality']",2012-07-18,710
2468,"['Historical Archive', 'Suggested Reading', 'NSFW', 'Weird']",2011-12-05,484
2469,"['Diary/Journal', 'Military', 'Items/Objects', 'History']",2011-07-05,331
2470,"['Animals', 'Horror Holiday 2015', 'Mmpratt99 deviantart']",2015-12-13,1953
2471,"['Animals', 'Mmpratt99 deviantart', 'Places', 'Longpasta']",2016-04-01,2063
2472,"['Diary/Journal', 'Mental Illness']",2014-10-02,1516
2473,['Items/Objects'],2012-05-28,659
2474,"['Items/Objects', 'Historical Archive', 'Micropasta']",2011-09-02,390
2475,['Mental Illness'],2014-07-01,1423
2476,"['Diary/Journal', 'Animals', 'Computers and Internet']",2013-06-29,1056
2477,"['Items/Objects', 'Micropasta']",2012-10-17,801
2478,"['Items/Objects', 'Demon/Devil', 'Lovecraftian', 'Historical Archive']",2011-03-23,227
2479,['Items/Objects'],2013-05-22,1018
2480,"['Beings', 'Dismemberment', 'Television', 'Items/Objects']",2013-05-03,999
2481,"['Mental Illness', 'NSFW', 'Weird']",2017-02-20,2388
2482,"['Diary/Journal', 'Places']",2012-02-01,542
2483,"['Diary/Journal', 'Books']",2014-10-24,1538
2484,"['Beings', 'Dismemberment']",2012-08-16,739
2485,"['Animals', 'Demon/Devil']",2012-11-12,827
2486,"['Monsters', 'Mirrors']",2013-02-23,930
2487,"['Dreams/Sleep', 'Monsters', 'Theory']",2012-02-20,561
2488,['Beings'],2014-10-26,1540
2489,['Mental Illness'],2014-01-11,1252
2490,['Reality'],2017-03-29,2425
2491,"['Beings', 'Dreams/Sleep', 'Micropasta']",2013-07-24,1081
2492,"['Appealed Stories', 'Beings']",2014-11-10,1555
2493,['Mental Illness'],2012-07-31,723
2494,"['Food', 'Weird']",2014-11-25,1570
2495,['Beings'],2017-11-14,2655
2496,"['Ghosts', 'Demon/Devil', 'Beings', 'Mental Illness']",2021-03-12,3869
2497,"['Demon/Devil', 'Dreams/Sleep']",2012-10-12,796
2498,['Places'],2012-12-05,850
2499,['Beings'],2013-06-19,1046
2500,"['Dreams/Sleep', 'Monsters', 'Beings', 'Dismemberment', 'Disappearances', 'Places']",2023-07-27,4736
2501,"['Historical Archive/PD', 'Poetry']",2018-05-19,2841
2502,"['Beings', 'Mental Illness']",2012-11-12,827
2503,"['Ghosts', 'Places']",2014-07-13,1435
2504,"['Monsters', 'Reddit Pastas']",2018-04-02,2794
2505,"['EmpyrealInvective', 'Crime', 'Videos', 'Weird']",2014-01-31,1272
2506,"['Tiololo', 'Dismemberment', 'Beings']",2015-05-28,1754
2507,"['Animals', 'HopelessNightOwl']",2018-05-04,2826
2508,['Monsters'],2014-08-18,1471
2509,['Monsters'],2014-06-15,1407
2510,"['Beings', 'Dreams/Sleep', 'Disappearances', 'Mental Illness']",2011-04-22,257
2511,"['Beings', 'Mental Illness', 'Diary/Journal']",2012-09-06,760
2512,['Monsters'],2021-05-28,3946
2513,"['Beings', 'Dreams/Sleep', 'Historical Archive', 'Micropasta']",2011-08-23,380
2514,"['Ghosts', 'Ritual']",2011-04-27,262
2515,"['Disappearances', 'Demon/Devil']",2011-03-23,227
2516,['Beings'],2015-08-12,1830
2517,"['CPWX11', 'Beings', 'Mental Illness']",2011-12-29,508
2518,['Beings'],2018-09-29,2974
2519,"['Mirrors', 'Ghosts', 'Science', 'Micropasta']",2021-05-04,3922
2520,['Animals'],2013-03-22,957
2521,"['Dismemberment', 'Places', 'Micropasta']",2011-06-03,299
2522,"['Computers and Internet', 'Dreams/Sleep', 'Beings']",2012-03-19,589
2523,"['Mental Illness', 'Reality', 'Micropasta']",2013-05-16,1012
2524,"['Dreams/Sleep', 'Ritual', 'Historical Archive', 'Micropasta']",2011-03-20,224
2525,"['Ghosts', 'Items/Objects']",2012-10-29,813
2526,"['Items/Objects', 'Demon/Devil']",2014-08-31,1484
2527,"['Beings', 'Disappearances', 'Mental Illness', 'Mirrors']",2015-06-30,1787
2528,"['Beings', 'Dreams/Sleep', 'Places', 'Ritual']",2011-11-07,456
2529,"['Dismemberment', 'SnakeTongue237', 'Weird']",2016-02-23,2025
2530,"[""The Vesper's Bell""]",2022-11-26,4493
2531,['Disappearances'],2013-05-18,1014
2532,['Demon/Devil'],2014-02-22,1294
2533,"['Places', 'Lovecraftian']",2011-06-28,324
2534,"['Places', 'Monsters', 'Disappearances']",2010-12-29,143
2535,"['Weird', 'Demon/Devil', 'Monsters']",2019-05-06,3193
2536,"['Beings', 'Places', 'Mental Illness']",2016-02-17,2019
2537,['Ghosts'],2021-01-14,3812
2538,"['Demon/Devil', 'Music']",2012-05-24,655
2539,"['Dreams/Sleep', 'Beings']",2016-02-07,2009
2540,"['Monsters', 'Theory']",2012-05-07,638
2541,"['Demon/Devil', 'Places']",2017-12-09,2680
2542,['Demon/Devil'],2013-10-20,1169
2543,"['Computers and Internet', 'Places', 'Beings']",2012-09-26,780
2544,"['Historical Archive', 'Dreams/Sleep']",2012-10-29,813
2545,"['Photography', 'Items/Objects']",2017-10-17,2627
2546,"['Dreams/Sleep', 'Demon/Devil']",2013-10-22,1171
2547,['Monsters'],2012-07-04,696
2548,"['Monsters', 'Places', 'Reddit Pastas', 'Items/Objects']",2019-10-13,3353
2549,['Items/Objects'],2012-07-09,701
2550,"['Poetry', 'Mental Illness']",2013-01-17,893
2551,"['Mental Illness', 'Dreams/Sleep']",2021-02-26,3855
2552,"['Weird', 'Beings', 'Micropasta']",2012-08-17,740
2553,"['Dreams/Sleep', 'Micropasta']",2013-08-13,1101
2554,"['Beings', 'Micropasta']",2011-03-23,227
2555,"['Reality', 'Mental Illness', 'Dismemberment', 'Micropasta']",2013-01-04,880
2556,"['Beings', 'Videos', 'Vehicles']",2015-01-03,1609
2557,['Ghosts'],2012-02-19,560
2558,"['Beings', 'Disappearances']",2013-09-16,1135
2559,"['RTWC23', 'History', 'Military']",2023-08-27,4767
2560,['Beings'],2018-10-13,2988
2561,"['Animals', 'Nature']",2021-02-12,3841
2562,"['Monsters', 'Dismemberment', 'Science', 'Mental Illness']",2013-01-03,879
2563,['Monsters'],2012-07-30,722
2564,"['Computers and Internet', 'Ghosts']",2017-12-10,2681
2565,"['PotM', 'Suggested Reading', 'Weird', 'Historical Archive', 'Dreams/Sleep']",2010-11-07,91
2566,"['Dreams/Sleep', 'Beings', 'Mental Illness']",2014-04-15,1346
2567,"['Dreams/Sleep', 'Beings']",2022-03-14,4236
2568,"['Beings', 'Dreams/Sleep', 'Mmpratt99 deviantart', 'Videos', 'Nature']",2012-11-01,816
2569,"['Ritual', 'Mental Illness', 'ExRwood', 'Halloween 2021', 'Contest Winner']",2021-10-29,4100
2570,"['Beings', 'EmpyrealInvective', 'Mental Illness', 'Ritual']",2018-12-28,3064
2571,"['Beings', 'Theory', 'Micropasta']",2011-01-30,175
2572,"['Disappearances', 'Theory', 'Beings', 'Micropasta']",2013-08-29,1117
2573,"['Mental Illness', 'Places']",2014-07-29,1451
2574,"['Places', 'Beings']",2014-12-26,1601
2575,['Beings'],2020-10-30,3736
2576,"['Disappearances', 'Kolpik']",2018-07-23,2906
2577,"['Diary/Journal', 'Mirrors']",2014-05-10,1371
2578,"['Lost Episodes', 'Videos']",2011-03-28,232
2579,"['Demon/Devil', 'Reality', 'Theory', 'Gomez Capulet']",2018-05-27,2849
2580,"['Mental Illness', 'Television', 'Theory', 'Videos']",2011-09-06,394
2581,"['Ghosts', 'Mental Illness', 'Nature']",2012-08-25,748
2582,"['Animals', 'Weird', 'MalumLibrum958']",2022-11-14,4481
2583,"['Dreams/Sleep', 'Demon/Devil']",2013-08-23,1111
2584,"['Beings', 'Disappearances', 'Places', 'Monsters']",2015-07-17,1804
2585,"['Demon/Devil', 'Ritual', 'Dismemberment']",2013-11-15,1195
2586,"['Dreams/Sleep', 'Mental Illness', 'Dismemberment']",2013-08-09,1097
2587,"['Books', 'Places', 'Weird']",2012-11-19,834
2588,"['Items/Objects', 'Places']",2012-10-15,799
2589,"['Demon/Devil', 'Dreams/Sleep', 'Hospitals', 'Poetry', 'TheWizardOfTheWoods']",2019-07-17,3265
2590,"['Nature', 'Dismemberment']",2016-12-13,2319
2591,"['Cryptids', 'EmpyrealInvective', 'Videos']",2013-10-29,1178
2592,['Weird'],2019-07-16,3264
2593,['Places'],2015-01-31,1637
2594,['Monsters'],2014-09-08,1492
2595,"['TheDoctorFF', 'Science', 'History', 'Demon/Devil']",2015-07-05,1792
2596,"['Science', 'Gods', 'Mirrors', 'Reality']",2013-11-01,1181
2597,"['Beings', 'Mental Illness']",2012-05-06,637
2598,"['Science', 'Disappearances', 'Dismemberment']",2014-01-12,1253
2599,"['Books', 'Demon/Devil']",2014-03-28,1328
2600,"['Ghosts', 'Reality', 'Vehicles']",2011-12-11,490
2601,"['Ritual', 'Monsters']",2014-11-12,1557
2602,"['Weird', 'Jdeschene', 'Micropasta']",2020-07-25,3639
2603,['Monsters'],2014-07-14,1436
2604,"[""The Vesper's Bell"", 'Lovecraftian']",2021-05-02,3920
2605,"['Dreams/Sleep', 'Reality']",2019-12-10,3411
2606,"['EAP', 'Poetry']",2012-05-01,632
2607,"['Dreams/Sleep', 'Dismemberment', 'Items/Objects']",2012-01-21,531
2608,"['ClericofMadness', 'Reality', 'Dreams/Sleep', 'Theory', 'Micropasta']",2011-01-19,164
2609,"['Dreams/Sleep', 'Beings', 'Dismemberment', 'Mental Illness']",2015-02-02,1639
2610,"['Diary/Journal', 'Mental Illness', 'Dreams/Sleep']",2012-05-06,637
2611,"['Dreams/Sleep', 'Mental Illness']",2011-03-23,227
2612,"['Dreams/Sleep', 'Beings']",2011-10-06,424
2613,['Dreams/Sleep'],2022-02-24,4218
2614,"['Dreams/Sleep', 'Items/Objects', 'Ghosts', 'Places']",2014-10-25,1539
2615,"['Dreams/Sleep', 'Demon/Devil', 'Theory', 'Micropasta']",2012-06-03,665
2616,"['Beings', 'Science', 'Micropasta']",2021-07-09,3988
2617,"['Beings', 'Mental Illness', 'William See']",2022-02-18,4212
2618,['Dreams/Sleep'],2013-06-12,1039
2619,"['Beings', 'Dreams/Sleep', 'Mental Illness']",2012-04-18,619
2620,"['NSFW', 'Mental Illness', 'Longpasta']",2013-10-02,1151
2621,"['Dreams/Sleep', 'Weird']",2023-12-19,4881
2622,"['Dreams/Sleep', 'Beings']",2011-07-07,333
2623,"['Dreams/Sleep', 'Memes', 'Disappearances', 'Mental Illness']",2013-03-18,953
2624,"['Theory', 'Dreams/Sleep', 'Micropasta']",2013-10-17,1166
2625,"['Ghosts', 'Dreams/Sleep']",2012-10-16,800
2626,['Dreams/Sleep'],2012-12-09,854
2627,"['Diary/Journal', 'Dreams/Sleep', 'Beings']",2012-03-06,576
2628,"['Dreams/Sleep', 'Beings']",2013-06-12,1039
2629,['Dreams/Sleep'],2013-11-11,1191
2630,"['Dreams/Sleep', 'Theory']",2012-10-29,813
2631,"['Dreams/Sleep', 'Reality', 'Diary/Journal']",2013-05-28,1024
2632,['Theory'],2013-05-13,1009
2633,"['Dreams/Sleep', 'Theory']",2013-10-27,1176
2634,"['Dreams/Sleep', 'Places', 'Beings']",2012-03-12,582
2635,"['Weird', 'Videos', 'Shadowswimmer77']",2015-10-10,1889
2636,"['Lovecraftian', 'Gods', 'Dreams/Sleep']",2015-01-28,1634
2637,"['Lovecraftian', 'Dreams/Sleep', 'Gods', 'Space']",2015-01-08,1614
2638,"['Dreams/Sleep', 'Beings']",2016-04-29,2091
2639,"['Gods', 'Dreams/Sleep', ""The Vesper's Bell""]",2023-02-05,4564
2640,"['Dreams/Sleep', 'ExRwood', 'Mental Illness']",2020-10-22,3728
2641,"['Liminal Spaces 2022', 'Dreams/Sleep']",2022-08-30,4405
2642,"['Dreams/Sleep', 'Places']",2012-06-11,673
2643,['Dreams/Sleep'],2012-12-24,869
2644,['Beings'],2013-06-12,1039
2645,['Dismemberment'],2018-07-12,2895
2646,"['Mental Illness', 'Ghosts']",2013-02-20,927
2647,"['Diary/Journal', 'Ghosts', 'Disappearances', 'Dismemberment', 'Items/Objects', 'Photography']",2017-07-12,2530
2648,"['Mental Illness', 'NSFW']",2014-06-13,1405
2649,['Items/Objects'],2015-09-03,1852
2650,"['Beings', 'Reality']",2017-04-29,2456
2651,"['Dreams/Sleep', 'Beings']",2012-03-25,595
2652,"['Books', 'Mental Illness', 'Weird']",2022-03-26,4248
2653,"['Items/Objects', 'Beings']",2011-04-27,262
2654,['Beings'],2014-06-24,1416
2655,"['Dismemberment', 'Dreams/Sleep', 'Mental Illness', 'Micropasta']",2015-04-07,1703
2656,['PokéMon'],2012-10-06,790
2657,"['Poetry', 'Demon/Devil', 'Mental Illness']",2018-04-13,2805
2658,['Dismemberment'],2012-07-15,707
2659,['Beings'],2014-03-16,1316
2660,"['REH', 'Poetry']",2018-01-12,2714
2661,"['RFCC15', 'Gods']",2015-04-29,1725
2662,"['Animals', 'Diary/Journal', 'EmpyrealInvective', 'Mental Illness', 'NSFW', 'Science', 'Videos', 'Longpasta']",2015-08-21,1839
2663,"['Beings', 'Music', 'SftSS18', 'Kolpik']",2018-06-15,2868
2664,"['MakRalston', 'Reality', 'Weird']",2021-05-05,3923
2665,"['Mental Illness', 'Monsters']",2012-02-13,554
2666,"['Computers and Internet', 'Longpasta']",2015-01-30,1636
2667,"['Dismemberment', 'Beings']",2013-04-07,973
2668,['Computers and Internet'],2019-07-31,3279
2669,['Ghosts'],2011-03-05,209
2670,"['Music', 'Diary/Journal', 'Disappearances', 'Tewahway', 'Videos', 'Reality', 'Crime']",2021-10-06,4077
2671,['Beings'],2015-11-16,1926
2672,"['Dgrady237', 'Halloween 2021', 'Ritual', 'Demon/Devil']",2021-10-30,4101
2673,['PokéMon'],2011-09-05,393
2674,"['Josef K.', 'Historical Archive', 'Monsters', 'History']",2011-02-28,204
2675,"['Floyd Pinkerton', 'Weird']",2018-04-27,2819
2676,"['Beings', 'Weird']",2021-03-04,3861
2677,"['Mental Illness', 'Computers and Internet']",2014-05-07,1368
2678,"['Animals', 'Micropasta']",2011-04-10,245
2679,"['Military', 'Diary/Journal', 'Beings']",2012-06-10,672
2680,"['Dismemberment', 'Historical Archive', 'Places', 'Reality', 'Nature']",2010-08-18,10
2681,['Military'],2014-07-30,1452
2682,"['Appealed Spinoffs', 'Memes', 'Diary/Journal', 'Longpasta']",2014-04-20,1351
2683,"['Umbrello', 'Video Games', 'Videos', 'Music']",2014-12-26,1601
2684,"['Mental Illness', 'ZugZuwang', 'Videos']",2021-10-02,4073
2685,"['Disappearances', 'Places']",2013-11-13,1193
2686,['Items/Objects'],2014-03-07,1307
2687,"['Poetry', 'Reality']",2018-01-19,2721
2688,"['Beings', 'Places']",2013-10-20,1169
2689,"['Reality', 'Theory', 'Historical Archive', 'Micropasta']",2013-08-25,1113
2690,"['Reality', 'Mental Illness', 'Theory', 'Micropasta']",2012-10-04,788
2691,"['Beings', 'Science', 'Television']",2011-10-25,443
2692,['Mental Illness'],2020-12-14,3781
2693,"['Disappearances', 'Dismemberment', 'History']",2019-12-07,3408
2694,"['Cryptids', 'Places']",2014-06-01,1393
2695,"['Appealed Spinoffs', 'Mental Illness', 'Theory', 'Television']",2023-11-19,4851
2696,"['Items/Objects', 'Mental Illness', 'Diary/Journal', 'Disappearances']",2016-11-06,2282
2697,"['Halloween', 'Places', 'Disappearances', 'MakRalston']",2022-10-22,4458
2698,"['DFPC15', 'Weird', 'Space']",2014-09-07,1491
2699,"['Dismemberment', 'Beings']",2013-11-17,1197
2700,['Weird'],2023-10-29,4830
2701,"['Mental Illness', 'Monsters', 'Dreams/Sleep', 'Diary/Journal', 'Reality']",2012-05-03,634
2702,['Music'],2021-11-09,4111
2703,"['Josef K.', 'Historical Archive', 'Weird', 'Beings']",2014-02-11,1283
2704,['Places'],2014-05-11,1372
2705,['PokéMon'],2011-04-28,263
2706,"['Dismemberment', 'Reality', 'Weird', 'RedNovaTyrant']",2019-04-22,3179
2707,"['Dismemberment', 'Mental Illness']",2016-04-30,2092
2708,"['Mental Illness', 'Reality']",2015-03-04,1669
2709,"['Mental Illness', 'Items/Objects', 'Photography']",2013-01-31,907
2710,"['Diary/Journal', 'Places']",2013-01-16,892
2711,['Monsters'],2014-02-10,1282
2712,"['Beings', 'Mental Illness']",2015-06-07,1764
2713,"['Demon/Devil', 'Killahawke1', 'Videos']",2016-01-24,1995
2714,"['Alparos-Lilah', 'Beings', 'Weird']",2023-06-01,4680
2715,"['EmpyrealInvective', 'Crime', 'Mental Illness', 'Videos']",2014-06-29,1421
2716,"['Appealed Stories', 'Weird', 'Kolpik']",2018-10-22,2997
2717,"['Ghosts', 'Mental Illness']",2017-05-23,2480
2718,"['Dreams/Sleep', 'Military', 'Beings']",2017-01-01,2338
2719,"['Weird', 'Micropasta']",2022-07-25,4369
2720,"['Lost Episodes', 'Videos', 'Historical Archive']",2010-08-08,0
2721,['Monsters'],2013-11-10,1190
2722,['Television'],2011-09-12,400
2723,"['History', 'Places']",2014-08-23,1476
2724,"['HopelessNightOwl', 'Television', 'Computers and Internet']",2020-02-12,3475
2725,"['Places', 'Beings', 'Dismemberment']",2023-03-24,4611
2726,"['Diary/Journal', 'Places', 'Beings']",2014-08-17,1470
2727,['Monsters'],2012-08-21,744
2728,"['Monsters', 'Animals', 'Micropasta']",2011-02-28,204
2729,"['Food', 'Mental Illness', 'Cornconic', 'Videos']",2019-05-06,3193
2730,"['Weird', 'Diary/Journal', 'Monsters', 'Tewahway', 'Videos']",2021-12-17,4149
2731,"['Items/Objects', 'Beings', 'Vehicles']",2011-07-11,337
2732,"['Beings', 'Nature']",2017-01-10,2347
2733,['Video Games'],2014-01-05,1246
2734,['Ghosts'],2012-02-10,551
2735,"['Places', 'Ghosts', 'AltLang']",2011-06-16,312
2736,['Lost Episodes'],2010-11-21,105
2737,"['Items/Objects', 'Mental Illness', 'Dismemberment']",2014-09-09,1493
2738,['Beings'],2020-07-31,3645
2739,['Beings'],2020-08-23,3668
2740,['Ghosts'],2013-11-16,1196
2741,"['EAP', 'Poetry']",2012-05-01,632
2742,"['Beings', 'Places', 'Disappearances']",2011-12-26,505
2743,"['Demon/Devil', 'Music']",2017-05-24,2481
2744,"['Ghosts', 'Mental Illness']",2014-10-08,1522
2745,"['DrBobSmith', 'Computers and Internet', 'Science', 'Music', ""Hel's Bible Black 2019""]",2019-05-29,3216
2746,"['Beings', 'Nature']",2013-07-03,1060
2747,"['Tiololo', 'History', 'Photography', 'Science', 'Reality', 'Videos']",2014-01-18,1259
2748,['Computers and Internet'],2014-12-27,1602
2749,"['Monsters', 'Items/Objects']",2011-03-24,228
2750,['Science'],2012-09-07,761
2751,['EAP'],2012-04-28,629
2752,"['Places', 'Ghosts']",2011-04-28,263
2753,"['Weird', 'Beings']",2014-06-30,1422
2754,"['EAP', 'Poetry']",2012-05-01,632
2755,"['Historical Archive', 'Mental Illness', 'Science', 'Weird']",2011-04-21,256
2756,"['Ghosts', 'Mmpratt99 deviantart']",2017-01-10,2347
2757,"['Dreams/Sleep', 'Items/Objects']",2012-06-02,664
2758,"['GreyOwl', 'Demon/Devil', 'Items/Objects', 'Dismemberment']",2014-08-30,1483
2759,['History'],2012-05-23,654
2760,['Beings'],2016-05-07,2099
2761,['Poetry'],2014-10-22,1536
2762,"['Computers and Internet', 'Diary/Journal', 'Reddit Pastas', 'Suggested Reading']",2014-08-19,1472
2763,"['Computers and Internet', 'Reality', 'Mental Illness']",2012-12-15,860
2764,"['Historical Archive', 'Computers and Internet', 'Beings', 'Diary/Journal', 'Music']",2011-06-12,308
2765,"['Mental Illness', 'Theory', 'Micropasta']",2012-03-22,592
2766,"['Mental Illness', 'Historical Archive']",2010-12-09,123
2767,"['Mental Illness', 'Ghosts']",2014-01-02,1243
2768,"['Demon/Devil', 'Disappearances']",2020-11-11,3748
2769,"['Mental Illness', 'Dreams/Sleep', 'Monsters']",2012-03-07,577
2770,"['Dismemberment', 'Mental Illness', 'Monsters']",2013-09-15,1134
2771,['Mental Illness'],2014-10-12,1526
2772,"['Dismemberment', 'Dreams/Sleep']",2014-07-25,1447
2773,"['Beings', 'Mental Illness']",2014-02-13,1285
2774,"['Mental Illness', 'Items/Objects']",2012-10-08,792
2775,"['Weird', 'Tewahway', 'Computers and Internet']",2022-01-14,4177
2776,"['Ghosts', 'Places']",2014-07-20,1442
2777,['Mental Illness'],2012-03-23,593
2778,['Mental Illness'],2013-03-28,963
2779,"['Weird', 'L0CKED334']",2018-08-30,2944
2780,"['Beings', 'Mental Illness']",2013-08-22,1110
2781,"['Beings', 'Dreams/Sleep', 'Mental Illness', 'Reality']",2010-11-04,88
2782,"['Beings', 'Mental Illness', 'Dreams/Sleep']",2011-01-25,170
2783,"['Disappearances', 'Items/Objects', 'Places', 'Umbrello']",2014-08-29,1482
2784,['Reality'],2014-09-07,1491
2785,"['Appealed Stories', 'Mental Illness', 'Monsters', 'Places']",2014-03-26,1326
2786,['Dreams/Sleep'],2015-03-24,1689
2787,"['EmpyrealInvective', 'History', 'Mental Illness', 'Monsters', 'Space', 'Videos', 'Micropasta']",2014-07-06,1428
2788,['Demon/Devil'],2014-06-20,1412
2789,['Mental Illness'],2011-03-21,225
2790,['Mental Illness'],2023-04-18,4636
2791,"['Nature', 'Disappearances']",2019-10-24,3364
2792,"['Beings', 'Dreams/Sleep', 'The Hooded Werewolf']",2012-05-09,640
2793,"['Beings', 'Places']",2011-07-02,328
2794,"['Demon/Devil', 'Places']",2013-11-21,1201
2795,"['Dismemberment', 'Weird', 'Micropasta']",2015-05-15,1741
2796,['Mental Illness'],2013-04-15,981
2797,['Dreams/Sleep'],2012-11-01,816
2798,"['Theory', 'Weird']",2014-12-20,1595
2799,"['Places', 'History', 'Beings', 'Reality', 'Jdeschene', 'Videos']",2021-04-16,3904
2800,"['Mental Illness', 'Vehicles', 'WriterJosh']",2017-12-07,2678
2801,"['EAP', 'Poetry']",2012-05-01,632
2802,"['Animals', 'Beings', 'Music', 'Theory']",2013-07-29,1086
2803,['Reality'],2017-03-13,2409
2804,"['Space', 'Lovecraftian', 'Micropasta']",2012-12-28,873
2805,"['Reality', 'Gods', 'Theory']",2015-06-29,1786
2806,"['Beings', 'Mental Illness']",2017-04-17,2444
2807,['Items/Objects'],2012-11-20,835
2808,"['Mental Illness', 'Science']",2012-05-22,653
2809,"['History', 'Monsters']",2020-10-23,3729
2810,"['Computers and Internet', 'Monsters']",2020-10-21,3727
2811,"['Dreams/Sleep', 'Beings']",2013-05-11,1007
2812,"['Mental Illness', 'NSFW']",2015-12-14,1954
2813,"['Science', 'Micropasta']",2013-08-13,1101
2814,"['Nature', 'Places', 'Weird']",2012-09-30,784
2815,"['Mental Illness', 'Micropasta']",2013-01-25,901
2816,['Reality'],2012-10-07,791
2817,"['Mental Illness', 'Television']",2015-01-17,1623
2818,"['Ghosts', 'Reality']",2013-06-17,1044
2819,['Reality'],2013-05-21,1017
2820,"['Beings', 'Places']",2012-12-28,873
2821,"['Reality', 'Dreams/Sleep']",2015-02-03,1640
2822,"['Beings', 'Mirrors', 'Disappearances', 'Historical Archive', 'Micropasta']",2011-01-23,168
2823,['Fairly7Local'],2019-12-23,3424
2824,"['Mental Illness', 'Dismemberment', 'Disappearances', 'Beings', 'Longpasta']",2020-08-04,3649
2825,"['Mental Illness', 'Dismemberment']",2013-08-23,1111
2826,"['DFPC15', 'Weird', 'Mental Illness']",2014-07-30,1452
2827,"['NSFW', 'Ghosts']",2015-08-10,1828
2828,"['Beings', 'Poetry']",2017-06-05,2493
2829,"['Crime', 'Places', 'Lovecraftian']",2012-09-23,777
2830,"['Computers and Internet', 'Dismemberment', 'Demon/Devil']",2020-11-23,3760
2831,"['Appealed Spinoffs', 'Reality', 'Dismemberment', 'NSFW']",2013-10-11,1160
2832,['Video Games'],2013-01-08,884
2833,"['Beings', 'Nature', 'Places']",2014-07-08,1430
2834,"['Mirrors', 'Beings', 'Ghosts']",2014-10-16,1530
2835,['Reality'],2020-05-03,3556
2836,"['StalkerShrike', 'Beings']",2022-01-25,4188
2837,"['Disappearances', 'Mental Illness', 'Dismemberment']",2014-08-05,1458
2838,['Reality'],2014-06-24,1416
2839,"['Dreams/Sleep', 'Reality', 'Theory', 'Historical Archive', 'Micropasta']",2010-11-07,91
2840,"['Mental Illness', 'Places']",2013-02-03,910
2841,"['Ghosts', 'NSFW']",2013-02-05,912
2842,['Weird'],2017-10-17,2627
2843,"['EAP', 'Poetry']",2012-05-01,632
2844,"['Theory', 'Dismemberment', 'Weird']",2011-09-19,407
2845,['Reality'],2018-02-27,2760
2846,"['Reality', 'Science', 'Space', 'Monsters', 'Micropasta']",2012-08-29,752
2847,"['Computers and Internet', 'Disappearances', 'Monsters']",2015-08-02,1820
2848,"['Mental Illness', 'Demon/Devil', 'The Hooded Werewolf']",2012-05-16,647
2849,"['EAP', 'Poetry']",2012-05-01,632
2850,"['Diary/Journal', 'Science', 'Historical Archive']",2010-11-07,91
2851,"['Dreams/Sleep', 'Beings']",2013-11-29,1209
2852,"['EAP', 'Poetry']",2012-05-01,632
2853,['PokéMon'],2012-02-21,562
2854,"['Mental Illness', 'Ghosts', 'Hospitals']",2015-07-12,1799
2855,"['GreyOwl', 'Items/Objects', 'Computers and Internet', 'Mental Illness', 'Ghosts', 'Dismemberment', 'Videos']",2014-08-01,1454
2856,"['We Go Bump 2', 'Places', 'Reality', 'Beings', 'Vehicles']",2013-03-08,943
2857,"['Halloween', 'Lovecraftian', 'Nature', 'MakRalston']",2023-09-01,4772
2858,"['AustinDR', 'Gods']",2019-10-24,3364
2859,[],2017-03-19,2415
2860,['Disappearances'],2012-08-12,735
2861,['Dreams/Sleep'],2013-07-05,1062
2862,['Demon/Devil'],2015-07-27,1814
2863,"['Weird', 'Micropasta']",2012-09-12,766
2864,['Ghosts'],2014-11-20,1565
2865,['Weird'],2015-05-21,1747
2866,"['Disappearances', 'Mental Illness']",2013-08-14,1102
2867,"['Micropasta', 'Weird']",2023-11-07,4839
2868,"['Beings', 'Dreams/Sleep']",2012-07-30,722
2869,"['PokéMon', 'FlakyPorcupine']",2013-09-04,1123
2870,['Monsters'],2018-09-30,2975
2871,"['Dreams/Sleep', 'Beings']",2012-06-25,687
2872,['Mental Illness'],2016-06-02,2125
2873,['Items/Objects'],2014-11-10,1555
2874,"['Demon/Devil', 'Disappearances']",2020-07-03,3617
2875,"['Ghosts', 'Dreams/Sleep']",2012-03-15,585
2876,"['Crime', 'Ritual', 'Mental Illness']",2014-06-01,1393
2877,"['Weird', 'Places', 'Reality']",2016-03-20,2051
2878,"['Science', 'Dismemberment', 'Mental Illness']",2014-10-21,1535
2879,"['HPL', 'Poetry']",2012-03-27,597
2880,"['Science', 'Historical Archive', 'Micropasta']",2010-08-18,10
2881,['Weird'],2020-01-04,3436
2882,"['Beings', 'Places', 'Reality']",2017-06-24,2512
2883,"['Books', 'Beings']",2021-03-20,3877
2884,"['Reality', 'Military', 'Science', 'Dismemberment']",2015-07-15,1802
2885,"['Beings', 'Mirrors']",2014-06-20,1412
2886,"['Tiololo', 'Theory', 'Dismemberment', 'Weird']",2014-07-04,1426
2887,"['Diary/Journal', 'Dismemberment', 'Monsters']",2017-09-06,2586
2888,"['Dismemberment', 'Diary/Journal', 'Vehicles', 'Crime', 'Weird', 'Beings']",2016-08-12,2196
2889,['Beings'],2014-07-08,1430
2890,"['Josef K.', 'Historical Archive', 'Crime', 'Places', 'Ghosts', 'Vehicles']",2010-11-07,91
2891,"['Items/Objects', 'Demon/Devil', 'Computers and Internet']",2014-10-19,1533
2892,"['Demon/Devil', 'Ritual']",2017-10-20,2630
2893,"['Beings', 'Micropasta']",2015-06-22,1779
2894,"['Science', 'Micropasta']",2021-05-25,3943
2895,"['Beings', 'Science', 'Memes']",2012-04-07,608
2896,"['Diary/Journal', 'Military', 'Science']",2013-02-19,926
2897,"['Science', 'Diary/Journal', 'History']",2014-08-04,1457
2898,"['Science', 'Dismemberment', 'Disappearances', 'Diary/Journal', 'History']",2012-10-21,805
2899,"['Beings', 'Mental Illness']",2018-09-29,2974
2900,"['Space', 'Reality']",2012-01-07,517
2901,['Places'],2015-10-23,1902
2902,"['Monsters', 'Science', 'Dismemberment', 'Noctevoire']",2020-02-27,3490
2903,['Mental Illness'],2014-07-07,1429
2904,"['Gods', 'Weird', 'Dreams/Sleep']",2020-10-05,3711
2905,"['Historical Archive', 'Places', 'Weird', 'Micropasta']",2011-04-21,256
2906,"['Space', 'Beings', 'Mental Illness']",2013-01-07,883
2907,"['Monsters', 'Micropasta']",2013-08-07,1095
2908,"['Theory', 'Beings']",2011-01-03,148
2909,['Places'],2013-11-30,1210
2910,['Reality'],2013-07-04,1061
2911,"['Lovecraftian', 'Dreams/Sleep', 'Monsters', 'Mental Illness']",2016-04-19,2081
2912,['Mental Illness'],2013-09-30,1149
2913,"['Items/Objects', 'Animals', 'Micropasta']",2014-04-02,1333
2914,['Beings'],2014-09-17,1501
2915,['Dreams/Sleep'],2013-01-10,886
2916,"['Items/Objects', 'Demon/Devil']",2014-10-12,1526
2917,"['Monsters', 'Disappearances', 'Halloween']",2014-06-30,1422
2918,"['Monsters', 'Micropasta']",2012-10-22,806
2919,['Animals'],2012-06-03,665
2920,['Beings'],2013-06-23,1050
2921,"['Mental Illness', 'Gods']",2015-09-23,1872
2922,['Dismemberment'],2013-11-17,1197
2923,"['Beings', 'Items/Objects', 'Micropasta']",2013-08-20,1108
2924,['Diary/Journal'],2013-08-29,1117
2925,"['Beings', 'Lovecraftian', 'Space', 'Reality', 'Mental Illness', 'Disappearances', 'Places']",2018-10-01,2976
2926,"['Weird', 'Disappearances', 'Beings']",2020-05-06,3559
2927,['Beings'],2013-07-20,1077
2928,"['Beings', 'Reality']",2011-08-04,361
2929,['Beings'],2012-10-28,812
2930,['Monsters'],2013-08-13,1101
2931,"['Computers and Internet', 'Ghosts']",2012-12-25,870
2932,"['Killahawke1', 'Monsters', 'Videos']",2017-05-02,2459
2933,"['RTWC23', 'Military', 'Monsters', 'Shadowswimmer77']",2023-08-29,4769
2934,"['Ghosts', 'Micropasta']",2012-07-20,712
2935,"['Beings', 'Theory', 'Dreams/Sleep', 'Reality', 'Micropasta']",2013-10-22,1171
2936,"['ClericofMadness', 'Disappearances', 'Micropasta']",2012-04-04,605
2937,"['Ghosts', 'Dreams/Sleep', 'History', 'Military']",2015-03-12,1677
2938,"['Dreams/Sleep', 'Beings']",2011-08-29,386
2939,"['Crime', 'Memes', 'Beings']",2012-11-08,823
2940,"['Beings', 'Nature']",2012-05-19,650
2941,['Demon/Devil'],2013-04-04,970
2942,"['HPL', 'Poetry']",2012-04-10,611
2943,['HPL'],2012-03-28,598
2944,"['Items/Objects', 'Ghosts']",2021-01-02,3800
2945,"['Beings', 'Mirrors', 'Reality']",2021-05-05,3923
2946,"['Beings', 'Memes', 'Mental Illness', 'Nature']",2012-05-10,641
2947,"['Poetry', 'Wheel of Misfortune 2022', 'Animals']",2022-04-18,4271
2948,"['Places', 'Beings']",2012-03-18,588
2949,"['Computers and Internet', 'Diary/Journal']",2015-01-21,1627
2950,"['Mental Illness', 'Dreams/Sleep', 'Monsters', 'Ritual']",2011-03-20,224
2951,['Weird'],2020-11-23,3760
2952,"['Dreams/Sleep', 'Micropasta']",2018-06-05,2858
2953,['Dreams/Sleep'],2014-04-05,1336
2954,['Beings'],2014-05-21,1382
2955,"['EAP', 'Poetry']",2012-05-01,632
2956,"['L0CKED334', ""Hel's NIB Christmas 2018"", 'Reality']",2018-12-05,3041
2957,"['Demon/Devil', 'Television']",2012-11-17,832
2958,['Weird'],2020-02-09,3472
2959,['Historical Archive/PD'],2017-11-28,2669
2960,"['Demon/Devil', 'Mental Illness', 'Dreams/Sleep', 'Dismemberment']",2012-10-14,798
2961,['Demon/Devil'],2013-09-22,1141
2962,"['Dreams/Sleep', 'Hospitals', 'Reality', 'Micropasta']",2016-07-16,2169
2963,"['Items/Objects', 'Beings', 'William See']",2020-09-11,3687
2964,"['Dreams/Sleep', 'Reality', 'Beings']",2012-12-07,852
2965,"['Items/Objects', 'Theory', 'Micropasta']",2013-05-12,1008
2966,"['Demon/Devil', 'Mental Illness', 'Places', 'Dreams/Sleep']",2014-10-02,1516
2967,['Demon/Devil'],2014-01-15,1256
2968,"['Nature', 'Micropasta']",2022-11-29,4496
2969,"['Diary/Journal', 'Monsters']",2014-01-08,1249
2970,['Monsters'],2012-10-14,798
2971,"['Monsters', 'Dismemberment', 'Reality']",2019-09-11,3321
2972,"['Diary/Journal', 'Video Games']",2013-05-12,1008
2973,"['Appealed Stories', 'Suggested Reading', 'Historical Archive', 'Video Games', 'Ritual']",2010-11-11,95
2974,['Disappearances'],2016-07-03,2156
2975,['Dreams/Sleep'],2013-07-27,1084
2976,"['Weird', 'Mental Illness', 'Beings']",2021-03-05,3862
2977,['Dreams/Sleep'],2012-04-17,618
2978,"['Disappearances', 'Dismemberment', 'Doom Vroom', 'Mental Illness', 'Videos']",2015-05-12,1738
2979,['Mental Illness'],2014-04-08,1339
2980,"['Diary/Journal', 'Computers and Internet']",2013-06-27,1054
2981,"['Mental Illness', 'Dreams/Sleep', 'Science']",2023-09-27,4798
2982,"['Animals', 'Mental Illness', 'Nature', 'Places']",2011-12-06,485
2983,['Mental Illness'],2014-01-05,1246
2984,['Mental Illness'],2013-09-24,1143
2985,"['NSFW', 'Diary/Journal']",2013-04-03,969
2986,"['Weird', 'Dreams/Sleep']",2015-03-10,1675
2987,['Demon/Devil'],2015-10-26,1905
2988,"['Stormlilly', 'Video Games']",2013-09-30,1149
2989,"['Poetry', 'EtherBot']",2016-09-18,2233
2990,"['EAP', 'Poetry']",2012-05-01,632
2991,"['Beings', 'Dreams/Sleep']",2013-11-24,1204
2992,"['Demon/Devil', 'Dismemberment', 'Mmpratt99 deviantart', 'Places']",2014-10-05,1519
2993,"['Space', 'Places']",2012-04-10,611
2994,"['Places', 'Monsters', 'Weird']",2022-11-29,4496
2995,"['Reality', 'Micropasta']",2010-10-01,54
2996,['Places'],2013-11-21,1201
2997,['Diary/Journal'],2014-01-06,1247
2998,['Vehicles'],2020-11-12,3749
2999,"['Mirrors', 'Beings', 'Reality', 'Micropasta']",2013-04-24,990
3000,"['Tiololo', 'Mental Illness']",2016-03-15,2046
3001,"['Disappearances', 'Dismemberment', 'Mental Illness']",2015-10-30,1909
3002,"['Reality', 'Mental Illness', 'Places', 'Items/Objects']",2015-06-18,1775
3003,"['Cruel Fate 2020', 'Beings', 'History', 'Places', 'Cornconic']",2020-02-14,3477
3004,"['Appealed Stories', 'Ghosts', 'Disappearances']",2013-12-25,1235
3005,"['Beings', 'Shadowswimmer77', 'Videos']",2015-12-18,1958
3006,"['B4MV18', 'Icydice', 'Music', 'Reality', 'Mental Illness']",2018-02-15,2748
3007,"['Beings', 'Spotlighted Pastas']",2013-10-30,1179
3008,"['Photography', 'Micropasta']",2012-09-09,763
3009,"['Dreams/Sleep', 'Beings']",2013-11-15,1195
3010,['Places'],2014-01-14,1255
3011,"['Ritual', 'Dreams/Sleep']",2015-07-08,1795
3012,['Mental Illness'],2013-11-07,1187
3013,"['Jdeschene', 'Mental Illness', 'Weird', 'Places', 'History']",2018-05-02,2824
3014,"['Animals', 'Videos']",2018-06-20,2873
3015,"['Beings', 'Theory', 'Micropasta']",2013-01-23,899
3016,['Demon/Devil'],2013-08-11,1099
3017,['Beings'],2013-12-12,1222
3018,"['Monsters', 'Mental Illness']",2013-04-08,974
3019,['Beings'],2013-06-05,1032
3020,"['Mental Illness', 'Animals']",2013-07-22,1079
3021,"['Video Games', 'Weird', 'Monsters', 'MalumLibrum958']",2022-11-02,4469
3022,"['NSFW', 'Demon/Devil', 'Dismemberment', 'Reddit Pastas']",2017-05-29,2486
3023,"['Animals', 'Jdeschene']",2020-12-07,3774
3024,"['Mental Illness', 'Beings', 'Theory']",2013-04-23,989
3025,['Monsters'],2013-12-06,1216
3026,['Mental Illness'],2015-02-15,1652
3027,"['Dismemberment', 'Mental Illness']",2012-08-17,740
3028,['Monsters'],2013-07-22,1079
3029,"['Animals', 'WaveDivisionMultiplexer']",2015-02-20,1657
3030,"['Animals', 'Beings']",2013-12-27,1237
3031,"['Animals', 'Items/Objects']",2011-11-01,450
3032,"['Ritual', 'Theory', 'Beings', 'Micropasta']",2012-02-11,552
3033,"['Animals', 'Places', 'Mmpratt99 deviantart']",2023-10-15,4816
3034,"['Science', 'Space', 'Beings']",2017-10-18,2628
3035,"['Historical Archive', 'Vehicles', 'Micropasta']",2011-01-01,146
3036,"['HPL', 'Poetry']",2012-04-10,611
3037,"['Weird', 'Dourdan']",2019-04-18,3175
3038,"['Beings', 'Historical Archive', 'Micropasta']",2010-09-08,31
3039,"['Mental Illness', 'NSFW']",2012-10-15,799
3040,['Science'],2014-04-11,1342
3041,"['Places', 'Monsters', 'Weird', 'Shadowswimmer77', 'Videos']",2021-03-20,3877
3042,['PokéMon'],2013-02-15,922
3043,['Ghosts'],2015-07-08,1795
3044,"['Weird', 'Mental Illness']",2017-09-25,2605
3045,"['Demon/Devil', 'Ritual']",2018-04-24,2816
3046,"['Animals', 'Diary/Journal', 'Mmpratt99 deviantart']",2014-07-16,1438
3047,"['Diary/Journal', 'Mmpratt99 deviantart', 'Places', 'Videos']",2013-11-28,1208
3048,['Space'],2022-01-09,4172
3049,"['Mental Illness', 'Ghosts', 'NSFW', 'Dreams/Sleep']",2012-04-18,619
3050,"['Animals', 'Dismemberment', 'Ghosts', 'Videos', 'Jdeschene']",2018-09-05,2950
3051,['Reality'],2013-10-25,1174
3052,"['Computers and Internet', 'Theory']",2014-09-27,1511
3053,"['Weird', 'CertainShadows']",2020-09-06,3682
3054,"['Liminal Spaces 2022', 'Weird', 'Reality', 'Gomez Capulet']",2022-09-02,4408
3055,"['Christmas', 'Beings', 'Items/Objects', 'ZugZuwang', 'Videos']",2021-12-12,4144
3056,"['Beings', 'Places']",2011-10-15,433
3057,"['Monsters', 'Dismemberment']",2014-06-18,1410
3058,"['Beings', 'Reality']",2017-04-03,2430
3059,"['Computers and Internet', 'Ghosts']",2012-10-06,790
3060,"['Food', 'Monsters']",2019-07-07,3255
3061,"['Beings', 'Dreams/Sleep', 'Mental Illness', 'NSFW']",2014-06-02,1394
3062,"['Demon/Devil', 'Dismemberment', 'NSFW']",2014-07-01,1423
3063,"['Dismemberment', 'Beings', 'Historical Archive', 'Micropasta']",2011-02-17,193
3064,"['Dismemberment', 'Mental Illness']",2013-12-09,1219
3065,"['Places', 'Science', 'Food']",2013-11-26,1206
3066,"['Dismemberment', 'DoctorBleed']",2019-07-21,3269
3067,['Beings'],2014-09-27,1511
3068,"['Mirrors', 'Historical Archive', 'Micropasta']",2011-03-11,215
3069,"['Diary/Journal', 'Nature']",2015-06-18,1775
3070,['Places'],2011-07-02,328
3071,"['DFPC15', 'History', 'Places', 'Military', 'Diary/Journal', 'Science']",2014-08-24,1477
3072,"['Beings', 'Diary/Journal']",2013-12-06,1216
3073,"['Monsters', 'Nature', 'Places', 'Animals']",2017-04-06,2433
3074,['Mental Illness'],2013-07-05,1062
3075,"['Science', 'D. Compton Ambrose', 'Reality', 'Longpasta']",2019-04-17,3174
3076,"['Palaeontologica', 'Science', 'Space']",2021-09-22,4063
3077,['Mental Illness'],2012-03-24,594
3078,"['Mental Illness', 'Kafka']",2013-02-22,929
3079,"['Weird', 'Animals', 'Gomez Capulet']",2018-05-18,2840
3080,['Monsters'],2012-09-01,755
3081,"['Cryptids', 'Disappearances', 'Places']",2015-06-20,1777
3082,"['Mental Illness', 'Dreams/Sleep', 'Places', 'Vehicles']",2011-05-13,278
3083,['Mental Illness'],2013-09-24,1143
3084,"['Items/Objects', 'Disappearances', 'Music']",2011-09-19,407
3085,"['ClericofMadness', 'Ghosts']",2010-12-30,144
3086,['Mental Illness'],2020-07-30,3644
3087,"['Beings', 'Micropasta']",2012-05-24,655
3088,"['RTWC23', 'Hospitals', 'Raidra', 'Videos']",2023-08-07,4747
3089,"['Mental Illness', 'Places']",2020-08-16,3661
3090,"['Reality', 'History', 'Gods', 'Micropasta']",2015-03-15,1680
3091,"['NSFW', 'Dismemberment', 'Jdeschene']",2018-08-08,2922
3092,['PokéMon'],2011-09-05,393
3093,"['Reality', 'Diary/Journal', 'Items/Objects', 'Mental Illness']",2014-08-13,1466
3094,"['Theory', 'Reality']",2013-03-25,960
3095,['Ghosts'],2013-06-07,1034
3096,"['D. Compton Ambrose', 'Mental Illness']",2018-08-10,2924
3097,"['Monsters', 'Places']",2015-08-18,1836
3098,['Mental Illness'],2012-02-27,568
3099,"['Diary/Journal', 'Dismemberment', 'Mental Illness']",2015-01-16,1622
3100,"['Dismemberment', 'Beings', 'Disappearances', 'Vehicles']",2015-06-15,1772
3101,"['Demon/Devil', 'Monsters']",2023-09-14,4785
3102,"['Cryptids', 'EmpyrealInvective', 'Nature', 'Videos', 'Longpasta']",2016-12-12,2318
3103,"['Monsters', 'Weird']",2020-10-14,3720
3104,"['Liminal Spaces 2022', 'MakRalston', 'Animals', 'Weird']",2022-09-01,4407
3105,['Ghosts'],2012-05-19,650
3106,['Mental Illness'],2013-08-24,1112
3107,"['Dreams/Sleep', 'Beings']",2013-05-16,1012
3108,['Dreams/Sleep'],2013-07-01,1058
3109,"['Banned In CP', 'Beings', 'Nature', 'Disappearances']",2018-11-22,3028
3110,"['Dismemberment', 'Books', 'Historical Archive', 'Micropasta']",2010-11-07,91
3111,['Dreams/Sleep'],2012-07-02,694
3112,"['PotM', 'Tewahway', 'Nature', 'Animals', 'Weird']",2023-03-02,4589
3113,"['Reality', 'Micropasta']",2011-12-16,495
3114,"['Military', 'Theory']",2014-09-03,1487
3115,"['Mirrors', 'Places']",2022-06-01,4315
3116,"['Places', 'Diary/Journal']",2013-01-21,897
3117,[],2020-04-14,3537
3118,"['Computers and Internet', 'Dismemberment', 'Items/Objects']",2011-10-15,433
3119,"['Mental Illness', 'Monsters', 'Reality']",2015-03-01,1666
3120,"['Ghosts', 'Places']",2017-10-21,2631
3121,"['Beings', 'Dreams/Sleep']",2011-07-13,339
3122,"['Reality', 'Diary/Journal', 'Science']",2014-06-15,1407
3123,['Demon/Devil'],2013-06-30,1057
3124,['Beings'],2013-11-12,1192
3125,"['Television', 'Places', 'HopelessNightOwl']",2018-01-03,2705
3126,"['Historical Archive', 'Reality', 'Theory', 'Micropasta']",2010-12-18,132
3127,"['Josef K.', 'Historical Archive', 'PotM', 'Suggested Reading', 'Military', 'Nature', 'Vehicles']",2011-03-21,225
3128,"['Science', 'Mental Illness']",2016-02-16,2018
3129,"['Ghosts', 'Nature']",2013-09-08,1127
3130,['Mental Illness'],2017-01-22,2359
3131,"['Computers and Internet', 'Mental Illness', 'Disappearances']",2016-02-27,2029
3132,['Places'],2014-01-13,1254
3133,"['Reality', 'Micropasta']",2014-01-14,1255
3134,['Vehicles'],2018-10-28,3003
3135,"['Places', 'Ritual']",2012-08-24,747
3136,['Beings'],2013-01-25,901
3137,"['Mental Illness', 'Ghosts', 'Longpasta']",2016-02-17,2019
3138,['Music'],2013-04-14,980
3139,"['Mental Illness', 'Food']",2017-02-09,2377
3140,"['Animals', 'Food']",2014-01-24,1265
3141,"['Disappearances', 'Food']",2014-01-29,1270
3142,['Mental Illness'],2016-08-30,2214
3143,"['Animals', 'Mental Illness', 'Nature', 'Cornconic', 'Videos']",2020-04-26,3549
3144,"['Animals', 'Micropasta']",2014-07-06,1428
3145,"['Animals', 'Dismemberment', 'Nature', 'Weird', 'Cornconic', 'Videos']",2019-06-11,3229
3146,['Beings'],2012-08-29,752
3147,"['Weird', 'Mental Illness', 'Micropasta']",2012-03-29,599
3148,"['Beings', 'History']",2019-09-06,3316
3149,['Places'],2012-06-24,686
3150,"['Dismemberment', 'Beings']",2012-07-18,710
3151,"['Ghosts', 'Places']",2014-11-08,1553
3152,"['Places', 'Ghosts']",2013-12-26,1236
3153,"['Videos', 'Mental Illness']",2013-09-03,1122
3154,"['Theory', 'Mental Illness']",2014-05-29,1390
3155,['Poetry'],2012-05-03,634
3156,['Beings'],2016-04-13,2075
3157,['Reality'],2012-10-21,805
3158,['Dismemberment'],2013-04-06,972
3159,['Television'],2014-02-07,1279
3160,"['Places', 'Mental Illness']",2010-08-08,0
3161,"['Monsters', 'Hospitals', 'Micropasta']",2011-06-05,301
3162,['Mental Illness'],2012-09-26,780
3163,"['Historical Archive', 'Demon/Devil', 'Weird', 'Micropasta']",2011-04-21,256
3164,['Mental Illness'],2015-01-22,1628
3165,"['Ghosts', 'Places']",2013-12-27,1237
3166,['Places'],2014-09-24,1508
3167,['Computers and Internet'],2021-08-27,4037
3168,"['Demon/Devil', 'History', 'Micropasta']",2020-03-31,3523
3169,"['Items/Objects', 'Mental Illness', 'Military']",2015-09-23,1872
3170,"['Dreams/Sleep', 'Beings']",2018-11-08,3014
3171,"['Ghosts', 'Dreams/Sleep']",2014-02-06,1278
3172,"['Places', 'Ghosts']",2013-11-04,1184
3173,"['ClericofMadness', 'Dreams/Sleep', 'Micropasta']",2011-03-31,235
3174,"['Beings', 'Nature']",2013-08-19,1107
3175,['Zelda'],2011-04-08,243
3176,"['Places', 'Beings']",2013-07-19,1076
3177,['Nature'],2016-12-04,2310
3178,['Weird'],2014-01-13,1254
3179,"['Beings', 'Reality']",2014-06-05,1397
3180,"['Mental Illness', 'Beings']",2015-06-29,1786
3181,"['Beings', 'Mental Illness']",2012-05-19,650
3182,['Demon/Devil'],2015-02-07,1644
3183,"['Dismemberment', 'Jdeschene', 'Videos']",2021-05-11,3929
3184,"['Beings', 'Mental Illness', 'Theory']",2013-01-18,894
3185,"['Dreams/Sleep', 'Lovecraftian']",2014-08-30,1483
3186,"['Beings', 'Mental Illness']",2014-03-09,1309
3187,"['Diary/Journal', 'Beings', 'Dismemberment']",2011-12-01,480
3188,['Mental Illness'],2014-11-18,1563
3189,"['Demon/Devil', 'Dismemberment', 'Disappearances', 'Places']",2011-07-25,351
3190,['Ghosts'],2012-08-10,733
3191,['Monsters'],2013-02-24,931
3192,"['Disappearances', 'Reality', 'Space']",2013-12-08,1218
3193,['Ghosts'],2011-07-01,327
3194,"['Space', 'Science']",2022-01-01,4164
3195,"['Animals', 'Disappearances', 'Diary/Journal', 'Places', 'Videos']",2014-05-01,1362
3196,['Ritual'],2018-03-17,2778
3197,"['Beings', 'Dreams/Sleep', 'Mental Illness', 'Computers and Internet']",2013-10-17,1166
3198,"['Military', 'Ghosts', 'History', 'Places']",2011-12-01,480
3199,"['Demon/Devil', 'Items/Objects']",2015-06-02,1759
3200,"['Places', 'Beings']",2012-10-15,799
3201,"['Items/Objects', 'Mental Illness', 'Longpasta']",2013-01-26,902
3202,"['Cryptids', 'Doom Vroom', 'Nature', 'Places', 'Videos']",2015-10-06,1885
3203,"['Weird', 'Micropasta']",2012-03-05,575
3204,['Animals'],2017-12-20,2691
3205,"['Reality', 'Monsters', 'Micropasta']",2022-01-14,4177
3206,"['Monsters', 'Places', 'WriterJosh', 'Items/Objects']",2018-09-14,2959
3207,"['Items/Objects', 'Mental Illness']",2014-10-24,1538
3208,['EAP'],2012-04-30,631
3209,['Demon/Devil'],2016-01-30,2001
3210,['Monsters'],2014-06-15,1407
3211,"['HPL', 'Dreams/Sleep', 'Reality', 'Beings']",2017-10-05,2615
3212,['Mental Illness'],2013-08-01,1089
3213,"['Reality', 'Weird', 'Beings']",2015-01-02,1608
3214,"['Mental Illness', 'Reality']",2013-01-11,887
3215,"['Military', 'Beings', 'Videos', 'Nature', 'Science', 'Longpasta']",2016-01-23,1994
3216,"['Monsters', 'Mental Illness']",2020-11-08,3745
3217,"['Weird', 'Television']",2012-06-27,689
3218,"['Diary/Journal', 'Monsters']",2014-09-28,1512
3219,"['Beings', 'Crime']",2021-11-09,4111
3220,"['Mental Illness', 'Television']",2015-06-12,1769
3221,"['Historical Archive/PD', 'Monsters', 'Science', 'Suggested Reading', 'Longpasta']",2013-09-08,1127
3222,"['ZugZuwang', 'Weird', 'Ghosts']",2022-01-21,4184
3223,"['Monsters', 'Mental Illness', 'Historical Archive']",2010-11-07,91
3224,"['Disappearances', 'Science']",2017-10-17,2627
3225,"['Places', 'Weird']",2015-06-19,1776
3226,"['Monsters', 'Places', 'Disappearances']",2019-11-27,3398
3227,"['Disappearances', 'Dismemberment', 'Items/Objects', 'Weird']",2013-12-20,1230
3228,"['Mental Illness', 'Items/Objects']",2017-06-20,2508
3229,"['Mental Illness', 'NSFW']",2017-04-05,2432
3230,['Science'],2012-03-06,576
3231,"[""The Vesper's Bell""]",2022-07-04,4348
3232,"['Dismemberment', 'HLWerewolf2017', 'Monsters']",2017-10-24,2634
3233,['Mental Illness'],2011-07-19,345
3234,"['Disappearances', 'Ghosts']",2012-11-22,837
3235,"['Beings', 'Diary/Journal', 'Mental Illness']",2013-04-26,992
3236,"['Beings', 'Hospitals']",2018-04-13,2805
3237,"['Animals', 'Weird']",2021-03-20,3877
3238,"['Monsters', 'Nature', 'Cornconic', 'Videos']",2020-09-25,3701
3239,"['Monsters', 'Diary/Journal', 'Mental Illness', 'Historical Archive']",2011-03-23,227
3240,['Beings'],2014-01-16,1257
3241,['Beings'],2019-06-16,3234
3242,"['Items/Objects', 'Disappearances']",2012-07-01,693
3243,"['ClericofMadness', 'Mental Illness', 'Dismemberment', 'Micropasta']",2011-03-31,235
3244,['Dreams/Sleep'],2013-11-01,1181
3245,"['ClericofMadness', 'Mental Illness']",2011-03-31,235
3246,"['Nature', 'Mental Illness', 'Beings']",2015-11-04,1914
3247,['Demon/Devil'],2022-04-02,4255
3248,"['Beings', 'Mental Illness']",2011-12-30,509
3249,"['Diary/Journal', 'Ghosts']",2013-09-26,1145
3250,['HPL'],2012-03-29,599
3251,['Monsters'],2017-07-03,2521
3252,"['Beings', 'Disappearances', 'Photography', 'RQMystery2015', 'SnakeTongue237', 'Space']",2015-08-26,1844
3253,"['Beings', 'Places']",2015-06-22,1779
3254,"['Demon/Devil', 'Disappearances', 'Halloween', 'Items/Objects', 'Ritual', 'CPWDemonDevil2015']",2015-06-18,1775
3255,"['Beings', 'Dismemberment', 'Hospitals', ""The Vesper's Bell""]",2021-07-09,3988
3256,['Ghosts'],2016-01-14,1985
3257,"['Mental Illness', 'Places', 'Beings']",2011-02-21,197
3258,"['Beings', 'Mental Illness']",2012-01-24,534
3259,['Reality'],2013-10-18,1167
3260,['Historical Archive/PD'],2017-11-28,2669
3261,['Beings'],2013-10-16,1165
3262,['Beings'],2011-07-13,339
3263,"['Places', 'Reality']",2013-03-13,948
3264,"['L0CKED334', 'Beings', 'Disappearances', 'Computers and Internet', 'Dreams/Sleep']",2018-11-20,3026
3265,"['Monsters', 'History', 'Military']",2021-12-09,4141
3266,['Monsters'],2013-02-09,916
3267,"['Ghosts', 'Nature']",2011-03-20,224
3268,"['Items/Objects', 'Science', 'Monsters', 'Dreams/Sleep', 'Raidra']",2016-01-25,1996
3269,"['Demon/Devil', 'Weird']",2017-02-05,2373
3270,"['Halloween', 'Disappearances']",2018-08-28,2942
3271,"['Dreams/Sleep', 'Cryptids', 'Micropasta']",2013-02-10,917
3272,"['Science', 'Diary/Journal']",2015-06-14,1771
3273,['Places'],2014-12-12,1587
3274,"['Poetry', 'Ghosts', 'Reality']",2019-06-19,3237
3275,"['HPL', 'Poetry']",2012-04-10,611
3276,"['Dismemberment', 'Doom Vroom', 'Nature', 'Videos']",2016-02-20,2022
3277,"['Places', 'Items/Objects']",2014-06-24,1416
3278,"['Appealed Spinoffs', 'Places', 'Beings', 'Disappearances', 'Weird']",2015-10-11,1890
3279,"['Animals', 'Beings', 'Dismemberment', 'Hospitals', 'Tewahway', 'Videos']",2022-02-19,4213
3280,"['NSFW', 'Monsters', 'Weird', 'Tewahway', 'Items/Objects', 'Videos']",2021-11-22,4124
3281,"['Mental Illness', 'Dreams/Sleep']",2015-02-18,1655
3282,['Nature'],2012-07-04,696
3283,"['Beings', 'Computers and Internet', 'Diary/Journal', 'Science']",2017-06-28,2516
3284,['Computers and Internet'],2011-04-03,238
3285,"['Dreams/Sleep', 'Diary/Journal', 'Monsters', 'Mental Illness']",2015-07-20,1807
3286,"['Beings', 'Weird']",2020-06-30,3614
3287,"['Appealed Spinoffs', 'Video Games']",2014-05-23,1384
3288,"['Reality', 'Theory', 'Science']",2012-05-11,642
3289,"['Ghosts', 'Places']",2013-12-13,1223
3290,"['Reality', 'Dgrady237']",2015-04-04,1700
3291,"['Items/Objects', 'Mental Illness']",2013-07-29,1086
3292,['Beings'],2013-10-21,1170
3293,['Ghosts'],2018-03-04,2765
3294,['Beings'],2014-07-02,1424
3295,"['Dismemberment', 'Mental Illness', 'Items/Objects', 'Vehicles']",2014-12-26,1601
3296,"['Disappearances', 'Weird', 'William See']",2019-06-14,3232
3297,"['Military', 'Items/Objects', 'Ghosts', 'History']",2012-03-04,574
3298,['Ghosts'],2012-06-20,682
3299,"['Places', 'Beings', 'Reality']",2011-04-21,256
3300,"['Historical Archive', 'Reality', 'Science']",2010-08-09,1
3301,"['Mental Illness', 'Ghosts']",2013-08-12,1100
3302,"['Diary/Journal', 'Items/Objects', 'Beings']",2012-10-04,788
3303,"['Beings', 'Dreams/Sleep', 'Videos', 'Killahawke1']",2015-10-01,1880
3304,"['Memes', 'Beings']",2012-07-17,709
3305,"['Weird', 'Micropasta']",2021-12-06,4138
3306,"['Reality', 'Mental Illness']",2013-07-15,1072
3307,"['Demon/Devil', 'Ritual', 'Places']",2014-07-07,1429
3308,"['Ritual', 'Places', 'Diary/Journal']",2014-08-08,1461
3309,"['Stormlilly', 'Computers and Internet', 'Video Games']",2013-09-30,1149
3310,"['Gomez Capulet', 'Weird', 'Science', 'Beings', 'Halloween', 'Halloween 2021']",2021-10-15,4086
3311,"['Television', 'Computers and Internet', 'Mental Illness', 'Videos', 'Historical Archive', 'Micropasta']",2011-10-22,440
3312,"['Weird', 'Reality', 'Dismemberment', 'Dreams/Sleep']",2018-07-01,2884
3313,"['Disappearances', 'Weird']",2013-04-25,991
3314,"['Monsters', 'History', 'PotM', 'Historical Archive', 'Reality', 'Micropasta']",2010-08-10,2
3315,"['PokéMon', 'Theory', 'Micropasta']",2011-03-05,209
3316,"['Items/Objects', 'Monsters', 'Reddit Pastas']",2014-01-15,1256
3317,['Beings'],2013-07-09,1066
3318,['Beings'],2012-07-07,699
3319,['AGB'],2018-07-10,2893
3320,"['Weird', 'Beings', 'Tewahway', 'Food']",2022-03-04,4226
3321,"['Beings', 'Micropasta']",2012-09-17,771
3322,['Animals'],2014-06-17,1409
3323,"['Items/Objects', 'Mental Illness', 'Dismemberment']",2011-12-11,490
3324,"['Mental Illness', 'Science']",2013-04-09,975
3325,"['Beings', 'Music', 'Micropasta']",2013-03-30,965
3326,"['Items/Objects', 'Demon/Devil', 'NSFW']",2021-01-02,3800
3327,"['Historical Archive', 'Beings', 'Weird', 'Micropasta']",2010-08-20,12
3328,['Beings'],2021-02-16,3845
3329,"['Dismemberment', 'Monsters']",2011-02-28,204
3330,"['CWSC21', 'MLycantrope', 'Mental Illness', 'Music']",2021-02-19,3848
3331,"['Monsters', 'Nature']",2012-05-02,633
3332,['Beings'],2013-12-02,1212
3333,"['HWC23', 'Halloween', ""The Vesper's Bell"", 'Ghosts']",2023-10-24,4825
3334,['Monsters'],2012-12-09,854
3335,"['Historical Archive', 'PokéMon', 'Micropasta']",2011-10-06,424
3336,['Contest Winner'],2015-02-20,1657
3337,['Animals'],2013-05-17,1013
3338,"['Demon/Devil', 'Items/Objects']",2013-04-06,972
3339,"['Historical Archive/PD', 'Poetry']",2018-10-20,2995
3340,"['Ghosts', 'Disappearances']",2017-04-11,2438
3341,['PokéMon'],2011-10-30,448
3342,"['Historical Archive/PD', 'Longpasta']",2018-01-09,2711
3343,"['Ghosts', 'Places', 'History', 'Historical Archive']",2010-11-07,91
3344,"['Diary/Journal', 'Ghosts', 'NSFW']",2014-10-01,1515
3345,"['Ghosts', 'Computers and Internet', 'Micropasta']",2012-06-28,690
3346,"['DFPC15', 'Ghosts', 'Mirrors']",2014-08-11,1464
3347,"['Ghosts', 'Reality']",2014-03-04,1304
3348,"['Ritual', 'Ghosts']",2015-03-08,1673
3349,['Ghosts'],2014-01-11,1252
3350,"['Ghosts', 'Reality']",2013-08-18,1106
3351,"['Ghosts', 'Diary/Journal']",2012-12-24,869
3352,"['RedNovaTyrant', 'Ritual', 'Ghosts']",2020-04-15,3538
3353,"['Places', 'Mental Illness']",2017-01-21,2358
3354,"['Shadowswimmer77', 'Contest Winner', 'Wheel of Misfortune 2022', 'Ghosts', 'Nature', 'Places', 'Videos']",2022-05-01,4284
3355,"['Ghosts', 'Mental Illness', 'Dreams/Sleep']",2015-03-19,1684
3356,"['Monsters', 'Lovecraftian', 'Ritual']",2014-08-23,1476
3357,['Beings'],2014-03-03,1303
3358,"['Historical Archive', 'Reality', 'Ritual', 'Items/Objects', 'Micropasta']",2010-08-19,11
3359,"['Beings', 'Dreams/Sleep']",2013-01-29,905
3360,"['Ritual', 'Animals']",2014-08-04,1457
3361,['Items/Objects'],2013-07-22,1079
3362,"['Demon/Devil', 'Killahawke1']",2017-08-11,2560
3363,"['Gods', 'Killahawke1', 'Videos']",2017-11-08,2649
3364,['Monsters'],2014-02-23,1295
3365,['Mental Illness'],2012-11-03,818
3366,['Items/Objects'],2014-06-22,1414
3367,"['NSFW', 'Beings', 'Dismemberment']",2013-08-11,1099
3368,"['Dreams/Sleep', 'Dismemberment', 'Beings', 'Computers and Internet', 'NSFW']",2014-01-03,1244
3369,"['Dismemberment', 'Micropasta']",2012-02-02,543
3370,"['Beings', 'Computers and Internet', 'Spotlighted Pastas']",2016-05-12,2104
3371,['Ghosts'],2013-09-29,1148
3372,"['Places', 'Ritual', 'Disappearances', 'Historical Archive', 'Micropasta']",2011-01-18,163
3373,['Diary/Journal'],2012-12-03,848
3374,['Ghosts'],2013-05-25,1021
3375,['Items/Objects'],2013-03-25,960
3376,"['Items/Objects', 'Animals', 'RTWC23']",2023-08-28,4768
3377,['Mental Illness'],2015-02-08,1645
3378,"['EmpyrealInvective', 'Ghosts', 'Mental Illness']",2016-05-31,2123
3379,"['Computers and Internet', 'Historical Archive', 'Photography']",2010-11-07,91
3380,"['PokéMon', 'Historical Archive']",2010-09-09,32
3381,"['PokéMon', 'Historical Archive']",2011-09-03,391
3382,"['Science', 'Micropasta']",2013-02-19,926
3383,"['Dreams/Sleep', 'Places', 'Beings']",2011-03-23,227
3384,"['Mental Illness', 'Music', 'Videos', 'Historical Archive', 'Micropasta']",2011-01-19,164
3385,"['NSFW', 'Dismemberment', 'Disappearances', 'Mental Illness', 'Jdeschene']",2018-09-02,2947
3386,"['Items/Objects', 'Beings', 'Dismemberment']",2014-03-29,1329
3387,['Food'],2023-11-24,4856
3388,"['Ghosts', 'Jdeschene']",2019-08-05,3284
3389,"['Dreams/Sleep', 'Beings', 'Micropasta']",2023-01-22,4550
3390,"['Ritual', 'Beings']",2011-05-18,283
3391,['Beings'],2013-05-12,1008
3392,"['Poetry', 'Ghosts']",2017-02-02,2370
3393,"['Cryptids', 'Disappearances', 'Micropasta']",2012-04-18,619
3394,"['AustinDR', 'Weird', 'Videos', 'Micropasta']",2019-11-15,3386
3395,"['Animals', 'Monsters', 'Nature', 'Micropasta']",2012-08-08,731
3396,['Places'],2012-09-30,784
3397,"['Gods', 'Reality', 'Micropasta']",2019-11-23,3394
3398,"['Gods', 'Books', 'Mental Illness']",2012-07-01,693
3399,['Gods'],2013-10-25,1174
3400,"['Gods', 'Ritual']",2017-04-16,2443
3401,"['Historical Archive/PD', 'Poetry']",2021-02-04,3833
3402,"['Reddit Pastas', 'Space', 'Reality', 'Science', 'Videos', 'Mental Illness']",2019-09-24,3334
3403,"['Gods', 'Mental Illness']",2011-12-30,509
3404,"['Beings', 'Places', 'Dismemberment', 'Historical Archive']",2010-12-17,131
3405,"['Places', 'Memes', 'Beings']",2013-07-26,1083
3406,['Beings'],2017-03-24,2420
3407,"['Gods', 'Science', 'Theory', 'Reality']",2015-04-15,1711
3408,"['Beings', 'Places']",2011-09-25,413
3409,"['Weird', 'Theory', 'Micropasta']",2013-06-21,1048
3410,"['Appealed Spinoffs', 'Gods', 'Reality', 'Spotlighted Pastas']",2023-07-28,4737
3411,"['Gods', 'Beings', 'Weird']",2023-07-31,4740
3412,['Beings'],2013-09-26,1145
3413,"['Appealed Stories', 'Lost Episodes']",2014-02-14,1286
3414,"['Dgrady237', ""Hel's NIB Christmas 2018"", 'Contest Winner', 'History', 'Demon/Devil', 'Videos']",2018-12-23,3059
3415,"['Beings', 'Dismemberment']",2014-08-24,1477
3416,"['Science', 'Mental Illness', 'RedNovaTyrant', 'Reality']",2018-08-28,2942
3417,"['Dreams/Sleep', 'TheWizardOfTheWoods']",2018-12-08,3044
3418,"['Nature', 'Beings', 'Disappearances']",2018-08-10,2924
3419,"['Liminal Spaces 2022', 'Beings', 'Weird']",2022-09-03,4409
3420,"['Beings', 'Mental Illness']",2020-03-25,3517
3421,"['Mental Illness', 'Dismemberment', 'NSFW']",2014-06-13,1405
3422,"['Monsters', 'Disappearances']",2018-02-28,2761
3423,"['Ritual', 'Gods', 'Places', 'Items/Objects', 'Vehicles']",2012-03-13,583
3424,['Ghosts'],2017-01-06,2343
3425,"['Mental Illness', 'Hospitals', 'Videos']",2016-12-30,2336
3426,['Photography'],2014-04-27,1358
3427,"[""The Vesper's Bell""]",2020-12-27,3794
3428,['Mental Illness'],2014-06-20,1412
3429,"['Beings', 'Dreams/Sleep']",2014-05-09,1370
3430,"['NSFW', 'Mental Illness', 'Science', 'Dismemberment']",2014-01-04,1245
3431,['Places'],2014-06-29,1421
3432,['Mental Illness'],2011-12-26,505
3433,['Monsters'],2014-03-27,1327
3434,"['Animals', 'Reality', 'Theory']",2014-04-23,1354
3435,"['Beings', 'Dreams/Sleep', 'L0CKED334', 'Videos']",2018-08-10,2924
3436,"['Beings', 'Dreams/Sleep']",2014-08-27,1480
3437,"['Poetry', 'Monsters']",2014-04-02,1333
3438,"['Places', 'Computers and Internet', 'Beings', 'Historical Archive', 'Micropasta', 'Memes']",2012-03-04,574
3439,"['Mental Illness', 'Ghosts']",2019-05-31,3218
3440,"['Demon/Devil', 'Video Games']",2017-06-23,2511
3441,"['Mental Illness', 'Dismemberment']",2015-09-12,1861
3442,"['Gods', 'Dismemberment']",2020-04-23,3546
3443,"['Monsters', 'Places']",2011-03-24,228
3444,"['NSFW', 'Beings', 'Dismemberment', 'Jdeschene']",2018-12-18,3054
3445,"['Places', 'Ghosts']",2013-11-15,1195
3446,['Items/Objects'],2013-05-20,1016
3447,['Beings'],2013-01-26,902
3448,"['Military', 'Demon/Devil', 'Dismemberment']",2012-10-12,796
3449,"['Beings', 'Places', 'Disappearances']",2015-12-19,1959
3450,"['Items/Objects', 'Ghosts', 'Micropasta']",2014-01-07,1248
3451,['Weird'],2012-05-27,658
3452,"['Items/Objects', 'Micropasta']",2014-03-09,1309
3453,"['Nature', 'Ghosts', 'Places']",2012-12-07,852
3454,"['Items/Objects', 'Demon/Devil']",2011-10-31,449
3455,['Ghosts'],2011-10-16,434
3456,"['Beings', 'Nature']",2020-08-21,3666
3457,"['Ghosts', 'Micropasta']",2012-12-26,871
3458,['Monsters'],2014-07-19,1441
3459,"['Mental Illness', 'NSFW']",2017-07-11,2529
3460,"['Dismemberment', 'Mental Illness', 'We Go Bump']",2013-01-15,891
3461,['Dreams/Sleep'],2012-08-22,745
3462,"['Mirrors', 'Ghosts']",2013-10-11,1160
3463,['Beings'],2013-02-22,929
3464,"['Beings', 'Dreams/Sleep', 'VerminGoat']",2017-06-06,2494
3465,"['Dismemberment', 'Places', 'Ritual']",2011-10-15,433
3466,"['Beings', 'Diary/Journal', 'History', 'Mental Illness', 'Reality']",2011-04-13,248
3467,"['Nature', 'Reality']",2012-10-21,805
3468,"['Demon/Devil', 'Places']",2013-08-12,1100
3469,"['Crime', 'Mental Illness', 'Halloween', 'Places', 'Ghosts']",2013-12-03,1213
3470,"['Computers and Internet', 'Reality']",2013-10-29,1178
3471,"['Jdeschene', 'Weird', 'Videos']",2020-03-29,3521
3472,['Monsters'],2013-08-10,1098
3473,"['Beings', 'Dismemberment', 'Diary/Journal']",2018-05-25,2847
3474,['Mental Illness'],2015-08-26,1844
3475,"['Photography', 'Beings']",2020-05-12,3565
3476,"['Mental Illness', 'Hospitals']",2022-11-16,4483
3477,"['Monsters', 'SCAnti-Cliche2016']",2016-09-21,2236
3478,"['History', 'MakRalston', 'Science']",2021-05-04,3922
3479,"['Diary/Journal', 'Beings', 'Reality', 'Places']",2014-10-10,1524
3480,"['Beings', 'Weird']",2015-09-12,1861
3481,"['Historical Archive', 'Ritual', 'Demon/Devil', 'Micropasta']",2010-08-19,11
3482,"['Monsters', 'History', 'Historical Archive', 'Hospitals', 'Military']",2010-08-18,10
3483,['Items/Objects'],2011-12-20,499
3484,"['Dgrady237', 'Jollytime Murderfest 2016', 'Christmas', 'Items/Objects', 'Ritual']",2016-12-25,2331
3485,"['Monsters', 'Lovecraftian']",2014-03-28,1328
3486,"['Ritual', 'Beings']",2015-11-07,1917
3487,"['Ritual', 'Beings']",2012-12-20,865
3488,"['Reality', 'Micropasta']",2014-02-10,1282
3489,"['Demon/Devil', 'Dreams/Sleep', 'Mental Illness', 'AltLang']",2011-08-18,375
3490,"['Dismemberment', 'Disappearances', 'Diary/Journal', 'Mental Illness']",2013-07-10,1067
3491,"['Places', 'Monsters']",2016-02-12,2014
3492,"['Mental Illness', 'Disappearances', 'Dreams/Sleep', 'Dismemberment']",2015-01-25,1631
3493,"['Mirrors', 'Beings']",2014-05-01,1362
3494,"['Monsters', 'Mental Illness']",2012-12-31,876
3495,"['Television', 'Videos', 'Lost Episodes']",2013-11-03,1183
3496,"['Places', 'Beings', 'Disappearances', 'History']",2013-01-31,907
3497,"['Ghosts', 'Mental Illness']",2013-08-10,1098
3498,"['Beings', 'Military']",2013-11-27,1207
3499,['Beings'],2014-03-17,1317
3500,"['Television', 'Demon/Devil', 'Diary/Journal']",2021-05-09,3927
3501,"['PotM', 'Places', 'Ritual', 'Mental Illness']",2014-07-29,1451
3502,['Computers and Internet'],2014-06-26,1418
3503,['Ghosts'],2015-09-06,1855
3504,"['Dreams/Sleep', 'NSFW']",2021-02-19,3848
3505,"['Places', 'Beings']",2016-03-06,2037
3506,"['NSFW', 'Places']",2016-11-03,2279
3507,"['Disappearances', 'Crime', 'Gods']",2016-01-19,1990
3508,['Beings'],2014-10-28,1542
3509,"['Beings', 'Places']",2012-12-04,849
3510,"['Beings', 'Mirrors', 'Micropasta']",2011-03-11,215
3511,"['Books', 'Computers and Internet']",2023-09-27,4798
3512,['Mental Illness'],2012-06-26,688
3513,"['Suggested Reading', 'Historical Archive', 'Mental Illness', 'Food', 'Micropasta']",2010-08-18,10
3514,"['Weird', 'Mental Illness', 'Dismemberment']",2012-09-24,778
3515,"['Historical Archive', 'Beings', 'Music', 'Space']",2011-01-02,147
3516,"['Mental Illness', 'Beings']",2012-02-01,542
3517,['Beings'],2014-01-10,1251
3518,"['Weird', 'Kolpik', 'Videos']",2019-02-09,3107
3519,"['Alparos-Lilah', 'Animals', 'Monsters', 'Micropasta']",2022-11-20,4487
3520,"['Ghosts', 'Reality', 'Micropasta']",2012-07-24,716
3521,"['Photography', 'Beings', 'Animals', 'NSFW']",2012-12-30,875
3522,"['Appealed Stories', 'Science', 'Mental Illness']",2013-01-31,907
3523,['Beings'],2013-07-31,1088
3524,"['Monsters', 'Cryptids']",2020-05-04,3557
3525,"['History', 'Ghosts']",2013-04-09,975
3526,"['HopelessNightOwl', 'Reality', 'NSFW']",2019-09-22,3332
3527,"['Beings', 'Places']",2016-09-20,2235
3528,"['Beings', 'Diary/Journal']",2015-06-30,1787
3529,['Monsters'],2014-03-05,1305
3530,"['Mental Illness', 'Weird']",2013-04-29,995
3531,"['Beings', 'Dreams/Sleep', 'Monsters', 'Ritual']",2017-08-23,2572
3532,"['Beings', 'Vehicles', 'Micropasta']",2012-02-01,542
3533,['Beings'],2017-02-16,2384
3534,"['Mental Illness', 'Reality']",2013-03-26,961
3535,"['Computers and Internet', 'Dismemberment']",2013-02-04,911
3536,['Ghosts'],2014-04-06,1337
3537,['Diary/Journal'],2014-12-22,1597
3538,"['Animals', 'Science']",2017-12-19,2690
3539,"['Doom Vroom', 'Monsters', 'Places', 'Videos']",2015-05-15,1741
3540,"['Doom Vroom', 'Monsters', 'Videos']",2019-12-22,3423
3541,"['Military', 'History', 'Places']",2011-04-18,253
3542,"['Television', 'Beings', 'Reddit Pastas']",2014-06-08,1400
3543,"['Diary/Journal', 'Cryptids', 'Dismemberment']",2015-05-22,1748
3544,['Science'],2013-04-27,993
3545,['Mental Illness'],2016-05-22,2114
3546,[],2015-02-07,1644
3547,"['Demon/Devil', 'Dismemberment', 'Dourdan', 'NSFW']",2018-07-16,2899
3548,"['Beings', 'Memes', 'History']",2011-05-04,269
3549,['Beings'],2013-01-22,898
3550,"['Umbrello', 'Television']",2017-12-24,2695
3551,"['Historical Archive', 'Micropasta', 'Beings']",2024-01-31,4924
3552,"['Beings', 'Places', 'Nature']",2011-07-02,328
3553,['Computers and Internet'],2013-11-25,1205
3554,"['Monsters', 'Items/Objects', 'Places', 'Reddit Pastas']",2019-09-06,3316
3555,"['Weird', 'Diary/Journal', 'Beings']",2013-07-22,1079
3556,"['Beings', 'History']",2012-06-29,691
3557,['Beings'],2012-09-26,780
3558,['Ghosts'],2014-10-13,1527
3559,['Weird'],2021-03-27,3884
3560,"['Monsters', 'Theory']",2014-06-07,1399
3561,['Monsters'],2014-02-17,1289
3562,['Ghosts'],2021-01-02,3800
3563,['Lost Episodes'],2012-07-06,698
3564,"['Items/Objects', 'Ghosts']",2014-01-07,1248
3565,"['Ritual', 'Cryptids', 'Places', 'HWC23']",2023-10-26,4827
3566,"['HPL', 'Poetry', 'Halloween', 'Videos']",2012-04-11,612
3567,"['Beings', 'Ghosts', 'Halloween', ""The Vesper's Bell"", 'Videos']",2020-03-28,3520
3568,"['Beings', 'Ghosts', ""The Vesper's Bell"", 'Videos']",2020-04-04,3527
3569,"['Ghosts', 'Beings', ""The Vesper's Bell"", 'Videos']",2020-04-12,3535
3570,"['Ghosts', 'Beings', ""The Vesper's Bell"", 'Videos']",2020-04-18,3541
3571,"['Ghosts', 'Beings', ""The Vesper's Bell"", 'Videos']",2020-04-25,3548
3572,"['Beings', 'Ghosts', ""The Vesper's Bell"", 'Videos']",2020-05-02,3555
3573,"['Ghosts', 'Halloween', 'Ritual', ""The Vesper's Bell"", 'Videos']",2020-05-09,3562
3574,['Halloween'],2020-11-04,3741
3575,['Halloween'],2013-04-09,975
3576,"['Halloween', 'Beings']",2019-10-29,3369
3577,"['HWC23', 'Halloween', 'Monsters']",2023-10-24,4825
3578,"['Collab', 'Places', 'Beings', 'Longpasta']",2017-03-18,2414
3579,['Monsters'],2014-11-26,1571
3580,['Mental Illness'],2020-11-19,3756
3581,['Monsters'],2014-06-09,1401
3582,"['Reddit Pastas', 'Places']",2017-02-19,2387
3583,"['Mirrors', 'Mental Illness']",2012-04-16,617
3584,"['Items/Objects', 'Micropasta']",2013-10-20,1169
3585,"['Items/Objects', 'Weird']",2022-03-05,4227
3586,"['Ghosts', 'History', 'Videos']",2013-02-12,919
3587,"['Reality', 'Beings', 'Disappearances', 'Suggested Reading', 'Historical Archive']",2010-08-08,0
3588,"['Dreams/Sleep', 'Mental Illness', 'PotM', 'Reality']",2014-07-13,1435
3589,['Weird'],2014-06-05,1397
3590,"['Demon/Devil', 'Dismemberment', 'Disappearances', 'Places']",2012-12-05,850
3591,"['Christmas', 'Nature', 'Reality', 'Micropasta']",2012-12-19,864
3592,"['Dismemberment', 'Dreams/Sleep']",2013-07-20,1077
3593,['Beings'],2015-09-28,1877
3594,['Beings'],2015-11-03,1913
3595,"['Ghosts', 'Music', 'Videos', 'Places', 'FlakyPorcupine']",2013-04-06,972
3596,"['Poetry', 'Beings', 'Music']",2014-04-03,1334
3597,"['Places', 'Ghosts', 'PotM', 'Suggested Reading']",2014-02-25,1297
3598,"['Mental Illness', 'Beings', 'Noctevoire']",2017-06-02,2490
3599,"['Reality', 'Beings']",2014-04-17,1348
3600,"['Beings', 'Mental Illness']",2013-09-15,1134
3601,"['Mental Illness', 'Animals']",2013-04-10,976
3602,"['Mental Illness', 'Dismemberment']",2015-01-19,1625
3603,['Hospitals'],2016-11-20,2296
3604,"['Zelda', 'Beings']",2011-11-17,466
3605,['Mental Illness'],2012-11-10,825
3606,['Demon/Devil'],2012-12-31,876
3607,"['Beings', 'Dreams/Sleep']",2015-04-29,1725
3608,"['Mental Illness', 'Dreams/Sleep']",2014-01-14,1255
3609,"['Halloween', 'Dismemberment']",2013-05-06,1002
3610,"['Beings', 'Poetry', 'PotM', 'Dreams/Sleep', 'Tewahway', 'Videos']",2021-11-18,4120
3611,"['Mental Illness', 'Dismemberment']",2011-03-07,211
3612,"['Historical Archive', 'Items/Objects', 'Weird', 'Micropasta']",2011-02-23,199
3613,"['Beings', 'Dreams/Sleep', 'Historical Archive']",2010-08-18,10
3614,"['Animals', 'Disappearances', 'Monsters', 'Places']",2014-02-26,1298
3615,"['DrBobSmith', 'Hospitals', 'Mental Illness', 'Military', 'Videos']",2019-01-02,3069
3616,['Diary/Journal'],2013-02-20,927
3617,['Ritual'],2011-07-24,350
3618,"['Weird', 'Items/Objects']",2014-01-29,1270
3619,"['Diary/Journal', 'Computers and Internet', 'Beings', 'Disappearances', 'Places', 'Reddit Pastas', 'Reality', 'Videos']",2018-01-16,2718
3620,"['Christmas', 'Disappearances', 'Places', 'Beings', 'MakRalston']",2021-12-06,4138
3621,"['Halloween', 'Food', 'Tewahway', 'HWC23']",2023-10-26,4827
3622,"['Animals', 'Monsters', 'Dismemberment', 'Weird']",2013-04-03,969
3623,"['Historical Archive', 'Video Games', 'Troll Pasta']",2010-11-13,97
3624,"['DrBobSmith', 'Gods']",2019-08-20,3299
3625,['Ghosts'],2015-04-27,1723
3626,"['Dismemberment', 'Disappearances', 'Weird']",2023-06-29,4708
3627,"['Mental Illness', 'Music', 'Beings']",2019-06-03,3221
3628,"['Dgrady237', 'HLWerewolf2017', 'Contest Winner', 'Monsters', 'Dreams/Sleep', 'Ritual', 'Dismemberment']",2017-10-24,2634
3629,"['Dgrady237', 'Demon/Devil', 'Places', 'Dreams/Sleep', 'Ritual', 'Dismemberment', 'Longpasta']",2018-08-15,2929
3630,"['Beings', 'Longpasta', 'WaveDivisionMultiplexer']",2014-05-26,1387
3631,['Computers and Internet'],2023-07-18,4727
3632,"['Television', 'Dreams/Sleep']",2018-04-17,2809
3633,"['Computers and Internet', 'Photography']",2016-04-24,2086
3634,"['Demon/Devil', 'Mental Illness']",2015-09-25,1874
3635,"['Dismemberment', 'Beings']",2015-06-03,1760
3636,"['Mental Illness', 'Beings']",2014-05-14,1375
3637,"['Disappearances', 'Theory', 'Micropasta']",2012-03-26,596
3638,['Items/Objects'],2018-03-18,2779
3639,"['Dreams/Sleep', 'Ghosts', 'Historical Archive', 'Micropasta']",2010-11-07,91
3640,['Ghosts'],2018-09-01,2946
3641,['Computers and Internet'],2018-05-03,2825
3642,"['Ghosts', 'Disappearances']",2012-06-14,676
3643,"['HWC23', 'Monsters', 'Places', 'Halloween', 'Postuhenin']",2023-10-24,4825
3644,"['Beings', 'Mirrors']",2014-04-10,1341
3645,"['Dismemberment', 'Ghosts', 'Dreams/Sleep']",2014-06-30,1422
3646,"['Mental Illness', 'We Go Bump']",2013-02-24,931
3647,"['Beings', 'Places']",2018-02-28,2761
3648,['Dreams/Sleep'],2013-05-12,1008
3649,"['Places', 'Ghosts', 'Tewahway']",2022-11-03,4470
3650,['Ghosts'],2013-06-02,1029
3651,['Demon/Devil'],2013-12-09,1219
3652,"['Ghosts', 'Reality', 'Places', 'Diary/Journal', 'Disappearances']",2018-02-26,2759
3653,"['Dreams/Sleep', 'Reality', 'Beings']",2020-09-26,3702
3654,"['Ritual', ""The Vesper's Bell"", 'Videos']",2020-05-18,3571
3655,"['Reality', 'Micropasta']",2011-09-27,415
3656,['Beings'],2013-06-26,1053
3657,"['Beings', 'CharminglyShallow', 'Dreams/Sleep', 'Reality']",2014-11-18,1563
3658,"['Monsters', 'Dismemberment']",2013-01-05,881
3659,"['Animals', 'Beings', 'Diary/Journal', 'Dreams/Sleep', 'Mental Illness', 'Reality']",2013-11-18,1198
3660,['Beings'],2017-04-03,2430
3661,"['Items/Objects', 'Historical Archive', 'Vehicles']",2010-11-07,91
3662,"['AGB', 'Reality']",2012-06-08,670
3663,['HPL'],2012-03-29,599
3664,"['Dreams/Sleep', 'Beings']",2012-02-02,543
3665,"['Items/Objects', 'Reality']",2020-11-04,3741
3666,"['Dreams/Sleep', 'Beings', 'Micropasta']",2013-04-03,969
3667,"['Beings', 'Diary/Journal', 'Mental Illness']",2014-08-27,1480
3668,"['Beings', 'Dismemberment']",2013-04-06,972
3669,['Ghosts'],2014-04-01,1332
3670,"['Nature', 'Places', 'Reality']",2018-04-11,2803
3671,"['Mental Illness', 'Reality']",2013-04-21,987
3672,"['Places', 'Beings', 'Mental Illness']",2013-10-05,1154
3673,"['Demon/Devil', 'Dreams/Sleep', 'Mental Illness']",2013-03-17,952
3674,"['Animals', 'Dismemberment', 'Places', 'Mental Illness']",2012-04-30,631
3675,['Beings'],2017-04-11,2438
3676,"['Mental Illness', 'Fairly7Local']",2019-01-05,3072
3677,"['Dreams/Sleep', 'Mental Illness', 'Dismemberment', 'Monsters']",2011-05-03,268
3678,"['Places', 'Dismemberment', 'Monsters', 'Videos']",2013-03-16,951
3679,"['Beings', 'Micropasta']",2013-04-18,984
3680,"['Beings', 'Theory', 'Micropasta']",2014-07-28,1450
3681,"['Beings', 'Mental Illness']",2012-07-22,714
3682,"['Mental Illness', 'Monsters']",2013-01-25,901
3683,['Beings'],2015-02-07,1644
3684,"['Mental Illness', 'Dreams/Sleep']",2015-06-15,1772
3685,"['Mental Illness', 'Weird', 'Reality', 'Dreams/Sleep']",2018-03-21,2782
3686,"['Demon/Devil', 'Disappearances', 'Music']",2012-03-19,589
3687,"['Disappearances', 'Micropasta']",2013-06-03,1030
3688,"['Monsters', 'Micropasta']",2015-03-05,1670
3689,"['Dreams/Sleep', 'Micropasta']",2012-06-10,672
3690,"['Poetry', 'Beings', 'Dreams/Sleep']",2014-11-20,1565
3691,"['Mental Illness', 'Crime', 'TheWizardOfTheWoods', 'Television', 'Disappearances']",2018-07-04,2887
3692,"['Gods', 'Longpasta']",2017-01-02,2339
3693,"['Ghosts', 'Places']",2013-09-24,1143
3694,"['Ritual', 'Beings']",2011-03-20,224
3695,"['Beings', 'Micropasta']",2013-06-17,1044
3696,['Mental Illness'],2014-07-14,1436
3697,"['HumboldtLycanthrope', 'Mental Illness', 'Places']",2015-02-05,1642
3698,"['History', 'Mental Illness']",2012-02-12,553
3699,"['Mental Illness', 'Beings']",2013-04-24,990
3700,['Computers and Internet'],2013-10-03,1152
3701,"['Gods', 'Icydice']",2022-09-21,4427
3702,"['Icydice', 'Gods']",2022-09-22,4428
3703,"['Gods', 'Computers and Internet', 'Micropasta']",2012-04-18,619
3704,"['Dreams/Sleep', 'Demon/Devil']",2013-03-06,941
3705,"['Lovecraftian', 'Mental Illness', 'Crime']",2012-06-14,676
3706,['Beings'],2013-09-21,1140
3707,"['DFPC15', 'Mental Illness', 'Monsters']",2014-08-21,1474
3708,"['Beings', 'Items/Objects']",2018-05-09,2831
3709,"['Science', 'DoctorBleed']",2018-09-08,2953
3710,"['Mental Illness', 'Diary/Journal']",2013-10-02,1151
3711,"['Ghosts', 'Mirrors']",2013-04-16,982
3712,"['Diary/Journal', 'Dreams/Sleep']",2013-01-15,891
3713,"['Beings', 'Dismemberment']",2012-11-29,844
3714,['Monsters'],2014-08-07,1460
3715,"['Ghosts', 'Reality']",2014-10-23,1537
3716,['Ghosts'],2013-07-09,1066
3717,"['Ghosts', 'Mental Illness']",2013-09-30,1149
3718,"['Places', 'Vehicles', 'WriterJosh', 'Beings']",2017-12-06,2677
3719,"['ClericofMadness', 'Mental Illness', 'Micropasta']",2011-03-31,235
3720,"['Diary/Journal', 'Disappearances', 'Items/Objects']",2018-09-26,2971
3721,"['ClericofMadness', 'Items/Objects', 'Videos', 'Micropasta']",2011-03-31,235
3722,['Diary/Journal'],2011-12-30,509
3723,"['Computers and Internet', 'Beings']",2013-04-18,984
3724,"['Animals', 'Mental Illness', 'Micropasta']",2011-08-21,378
3725,['Mental Illness'],2013-04-14,980
3726,"['ClericofMadness', 'Items/Objects', 'Micropasta']",2011-01-19,164
3727,['Diary/Journal'],2014-10-10,1524
3728,['Weird'],2020-07-13,3627
3729,"['Weird', 'Dismemberment', 'Beings', 'Hospitals', 'Micropasta']",2021-05-24,3942
3730,"[""The Vesper's Bell""]",2023-01-01,4529
3731,['Dreams/Sleep'],2014-06-02,1394
3732,['Poetry'],2012-07-29,721
3733,"['Mental Illness', 'Places']",2012-03-15,585
3734,['Mental Illness'],2014-07-08,1430
3735,"['Places', 'Ritual', 'Micropasta']",2011-02-12,188
3736,['Weird'],2018-08-02,2916
3737,"['Mental Illness', 'Dismemberment', 'Weird']",2015-02-06,1643
3738,"['Mental Illness', 'Gods', 'Monsters', 'Weird', 'William See']",2021-10-21,4092
3739,['Vehicles'],2023-09-29,4800
3740,"['Demon/Devil', 'Reality', 'Gods', 'Videos']",2021-05-04,3922
3741,"['MLycantrope', 'Weird', 'Food', 'Micropasta']",2021-07-07,3986
3742,"['Items/Objects', 'Mental Illness', 'Weird']",2012-01-25,535
3743,"['ClericofMadness', 'Monsters', 'Dreams/Sleep', 'Micropasta']",2010-12-13,127
3744,"['History', 'Military', 'Reality', 'Science']",2014-08-31,1484
3745,['Dreams/Sleep'],2012-12-28,873
3746,"['TheDoctorFF', 'Beings', 'PotM', 'Suggested Reading', 'Vehicles', 'Nature', 'Longpasta']",2017-03-11,2407
3747,"['Beings', 'Animals', 'Videos', 'Ritual']",2013-08-23,1111
3748,"['Places', 'Nature', 'Videos']",2013-03-04,939
3749,"['Nature', 'WaveDivisionMultiplexer']",2015-02-08,1645
3750,"['Military', 'Beings']",2013-10-20,1169
3751,['Ghosts'],2014-01-07,1248
3752,"['Weird', 'Beings', 'Mental Illness', 'Places', 'Gomez Capulet', 'Videos', 'Reality', 'Gods']",2018-02-12,2745
3753,"['Computers and Internet', 'Mental Illness']",2011-06-01,297
3754,"['Space', 'Gods', 'Tewahway', 'Videos', 'Micropasta']",2021-12-28,4160
3755,"['Stormlilly', 'History', 'Nature']",2013-09-30,1149
3756,"['Video Games', 'Space']",2014-06-28,1420
3757,"['Demon/Devil', 'Places', 'Micropasta']",2014-02-15,1287
3758,"['Diary/Journal', 'Mental Illness']",2017-04-12,2439
3759,['Demon/Devil'],2013-12-16,1226
3760,"['Demon/Devil', 'Places']",2011-06-28,324
3761,['Demon/Devil'],2012-11-04,819
3762,"['Beings', 'Mental Illness', 'Mirrors']",2013-03-14,949
3763,['Dismemberment'],2012-11-23,838
3764,"['Weird', 'Places']",2014-08-31,1484
3765,"['Halloween', 'Mental Illness', 'Monsters', 'Tewahway', 'Videos']",2021-10-31,4102
3766,"['Ritual', 'Computers and Internet', 'Mental Illness']",2012-05-22,653
3767,"['PokéMon', 'Historical Archive']",2011-03-23,227
3768,"['Military', 'Ghosts']",2014-09-17,1501
3769,['Mental Illness'],2013-05-22,1018
3770,"['Demon/Devil', 'Places']",2013-04-05,971
3771,"['Historical Archive/PD', 'Longpasta']",2018-05-11,2833
3772,"['Demon/Devil', 'Places', 'Ritual']",2022-04-16,4269
3773,['Reality'],2014-06-01,1393
3774,['Mental Illness'],2013-10-04,1153
3775,"['Items/Objects', 'L0CKED334', 'Reality']",2018-12-27,3063
3776,"['Demon/Devil', 'Animals']",2014-04-27,1358
3777,"['NSFW', 'Demon/Devil', 'Icydice']",2022-06-25,4339
3778,"['Beings', 'Items/Objects']",2021-04-19,3907
3779,"['Diary/Journal', 'Videos']",2016-04-11,2073
3780,['Reality'],2013-11-01,1181
3781,"['Disappearances', 'Places']",2011-09-04,392
3782,['Diary/Journal'],2012-04-02,603
3783,"['Ghosts', 'Disappearances']",2013-08-14,1102
3784,['Monsters'],2013-04-28,994
3785,"['Monsters', 'Crime', 'William See']",2019-06-24,3242
3786,"['Beings', 'Diary/Journal', 'Mental Illness']",2013-05-30,1026
3787,['Monsters'],2013-12-16,1226
3788,"['Dismemberment', 'Mental Illness']",2013-09-09,1128
3789,"['Cornconic', 'Computers and Internet', 'Reality', 'Science']",2023-05-13,4661
3790,['Dismemberment'],2015-10-16,1895
3791,['Computers and Internet'],2014-06-30,1422
3792,"['Lovecraftian', 'Weird', 'Monsters']",2015-03-04,1669
3793,"['Dreams/Sleep', 'Computers and Internet', 'Beings']",2015-08-02,1820
3794,"['Mental Illness', 'Ghosts', 'Dreams/Sleep']",2014-12-26,1601
3795,"['Mental Illness', 'Micropasta']",2015-07-23,1810
3796,"['Nature', 'Dismemberment', 'Mental Illness']",2016-11-24,2300
3797,"['Nature', 'Ghosts']",2017-01-22,2359
3798,"['Mental Illness', 'Dismemberment', 'Disappearances']",2013-03-12,947
3799,"['Mental Illness', 'Dismemberment']",2013-05-16,1012
3800,"['Beings', 'Dismemberment', 'NSFW']",2017-06-02,2490
3801,"['Mental Illness', 'Photography']",2012-01-15,525
3802,"['Beings', 'Ritual', 'Places', 'Historical Archive']",2010-11-07,91
3803,"['CPWSong2016', 'Contest Winner', 'Spotlighted Pastas', 'Mental Illness', 'Crime', 'Dismemberment', 'Videos', 'Shadowswimmer77']",2016-01-13,1984
3804,['Mental Illness'],2012-08-20,743
3805,"['Demon/Devil', 'Dreams/Sleep']",2015-06-09,1766
3806,"['Music', 'RedNovaTyrant', 'Items/Objects', ""Hel's Bible Black 2019""]",2019-05-16,3203
3807,"['HPL', 'Science', 'Longpasta']",2012-03-26,596
3808,"['Beings', 'Mental Illness', 'Dreams/Sleep']",2012-11-26,841
3809,"['Reddit Pastas', 'NSFW', 'Dismemberment', 'Disappearances', 'Reality', 'Beings']",2017-10-08,2618
3810,"['Demon/Devil', 'Diary/Journal']",2013-06-23,1050
3811,"['Mental Illness', 'Dreams/Sleep', 'Television']",2015-12-23,1963
3812,"['Reality', 'History', 'Photography', 'Military', 'Dismemberment']",2016-07-28,2181
3813,"['HopelessNightOwl', 'History', 'Military', 'Reality', ""Hel's NIB Christmas 2018"", 'Crime']",2018-12-21,3057
3814,"['Demon/Devil', 'Mental Illness']",2013-10-13,1162
3815,"['Memes', 'Video Games', 'Historical Archive']",2010-10-30,83
3816,"['Dreams/Sleep', 'Diary/Journal']",2012-03-19,589
3817,"['Mental Illness', 'Dreams/Sleep', 'Computers and Internet', 'Diary/Journal', 'Weird']",2019-10-21,3361
3818,"['Music', 'Places', 'Micropasta']",2015-02-15,1652
3819,"['Ritual', 'Places']",2023-07-30,4739
3820,"['Ghosts', 'Ritual', 'Micropasta']",2014-02-26,1298
3821,"['Cryptids', 'Dismemberment']",2022-01-14,4177
3822,['Mental Illness'],2012-10-14,798
3823,['Mental Illness'],2014-05-20,1381
3824,['Beings'],2013-01-31,907
3825,['Ghosts'],2014-11-09,1554
3826,"['Dreams/Sleep', 'Mental Illness', 'Diary/Journal', 'Demon/Devil']",2012-07-06,698
3827,"['D. Compton Ambrose', 'Dreams/Sleep', 'Monsters', 'NSFW']",2017-12-14,2685
3828,"['Beings', 'Postuhenin']",2020-05-21,3574
3829,"['Mental Illness', 'Dismemberment']",2010-12-07,121
3830,"['Beings', 'Ritual']",2012-04-29,630
3831,"['Beings', 'We Go Bump']",2011-12-19,498
3832,"['Historical Archive', 'Science', 'Mental Illness', 'Dreams/Sleep', 'Music']",2010-10-01,54
3833,"['Places', 'Weird', 'MalumLibrum958']",2022-11-14,4481
3834,"['Reality', 'Micropasta']",2013-08-12,1100
3835,"['Animals', 'Gods', 'Ritual', 'Dismemberment', 'Mmpratt99 deviantart']",2019-09-06,3316
3836,"['Diary/Journal', 'Disappearances', 'Space']",2017-06-30,2518
3837,"['Places', 'History']",2012-06-29,691
3838,"['Items/Objects', 'Demon/Devil', 'Mental Illness']",2011-11-15,464
3839,['Beings'],2014-07-08,1430
3840,"['History', 'Reality', 'Military']",2013-02-28,935
3841,['Monsters'],2015-01-12,1618
3842,['Beings'],2013-09-26,1145
3843,"['Music', 'Disappearances']",2020-05-05,3558
3844,"['Monsters', 'Dreams/Sleep', 'Weird']",2013-04-07,973
3845,['Beings'],2013-05-21,1017
3846,"['Beings', 'Reddit Pastas']",2017-01-31,2368
3847,['Demon/Devil'],2014-11-26,1571
3848,"['Beings', 'Disappearances', 'Photography']",2011-12-04,483
3849,"['Mental Illness', 'Micropasta']",2022-09-11,4417
3850,"['Cryptids', 'Micropasta']",2015-04-04,1700
3851,"['Reality', 'Beings']",2014-08-04,1457
3852,"['Animals', 'Mental Illness']",2016-03-25,2056
3853,"['History', 'Mmpratt99 deviantart', 'Places', 'We Go Bump 3']",2012-04-27,628
3854,"['Ghosts', 'Micropasta']",2011-04-08,243
3855,"['History', 'Science']",2013-05-02,998
3856,"['HPL', 'History']",2012-03-29,599
3857,['Vehicles'],2020-02-28,3491
3858,['Beings'],2013-01-03,879
3859,"['Demon/Devil', 'Lovecraftian']",2012-05-06,637
3860,"['Historical Archive', 'Items/Objects', 'Ritual', 'Vehicles', 'Micropasta']",2010-08-19,11
3861,"['Beings', 'Disappearances', 'Dismemberment']",2014-02-17,1289
3862,"['Monsters|s', 'Space']",2014-07-22,1444
3863,"['Places', 'Weird', 'Beings', 'MalumLibrum958']",2022-11-20,4487
3864,"['Mental Illness', 'Crime', 'Halloween', 'Places', 'Disappearances', 'Nature', 'Longpasta']",2018-02-28,2761
3865,['Computers and Internet'],2013-10-29,1178
3866,['Demon/Devil'],2015-05-29,1755
3867,"['Diary/Journal', 'Animals', 'NSFW']",2020-08-09,3654
3868,"['Video Games', 'Weird', 'Dismemberment']",2023-08-24,4764
3869,['Holders'],2012-04-01,602
3870,['Holders'],2012-04-01,602
3871,['Holders'],2012-04-01,602
3872,['Holders'],2012-04-01,602
3873,['Holders'],2013-06-28,1055
3874,"['Holders', 'Micropasta']",2018-06-03,2856
3875,['Holders'],2011-12-13,492
3876,['Holders'],2013-10-22,1171
3877,['Holders'],2013-10-23,1172
3878,['Holders'],2012-05-29,660
3879,['Holders'],2013-10-23,1172
3880,"['Holders', 'Micropasta']",2013-10-22,1171
3881,['Holders'],2013-10-23,1172
3882,['Holders'],2020-04-10,3533
3883,['Holders'],2013-10-23,1172
3884,['Holders'],2013-10-23,1172
3885,['Holders'],2012-05-11,642
3886,['Holders'],2013-10-22,1171
3887,['Holders'],2013-10-22,1171
3888,['Holders'],2012-04-01,602
3889,['Holders'],2013-10-22,1171
3890,"['Holders', 'Micropasta']",2012-04-01,602
3891,['Holders'],2013-10-13,1162
3892,['Holders'],2011-08-27,384
3893,['Holders'],2013-10-24,1173
3894,['Holders'],2012-04-01,602
3895,"['Holders', 'Micropasta']",2013-10-22,1171
3896,['Holders'],2012-04-01,602
3897,['Holders'],2018-06-03,2856
3898,['Holders'],2012-04-01,602
3899,['Holders'],2012-04-01,602
3900,['Holders'],2013-10-13,1162
3901,['Holders'],2012-04-01,602
3902,['Holders'],2012-04-01,602
3903,['Holders'],2012-04-01,602
3904,['Holders'],2012-04-01,602
3905,['Holders'],2013-10-20,1169
3906,['Holders'],2012-04-01,602
3907,['Holders'],2013-10-23,1172
3908,['Holders'],2012-04-01,602
3909,['Holders'],2013-10-22,1171
3910,['Holders'],2018-06-03,2856
3911,['Holders'],2013-10-12,1161
3912,['Holders'],2013-10-23,1172
3913,['Holders'],2013-10-23,1172
3914,"['Holders', 'Micropasta']",2012-04-01,602
3915,['Holders'],2012-04-01,602
3916,"['Holders', 'Dreams/Sleep']",2012-04-01,602
3917,['Holders'],2012-04-01,602
3918,['Holders'],2013-10-23,1172
3919,['Holders'],2018-06-03,2856
3920,['Holders'],2013-10-22,1171
3921,"['Holders', 'Micropasta']",2013-10-22,1171
3922,['Holders'],2012-02-07,548
3923,['Holders'],2013-10-22,1171
3924,['Holders'],2011-12-09,488
3925,['Holders'],2013-10-20,1169
3926,['Holders'],2012-04-01,602
3927,"['Holders', 'Micropasta']",2012-04-01,602
3928,['Holders'],2018-06-14,2867
3929,['Holders'],2012-05-17,648
3930,['Holders'],2013-10-12,1161
3931,['Holders'],2013-10-23,1172
3932,['Holders'],2012-04-01,602
3933,"['Holders', 'Micropasta']",2012-04-01,602
3934,"['Holders', 'Micropasta']",2013-10-21,1170
3935,['Holders'],2011-08-27,384
3936,['Holders'],2012-04-01,602
3937,['Holders'],2013-10-12,1161
3938,['Holders'],2013-10-22,1171
3939,['Holders'],2013-10-22,1171
3940,['Holders'],2013-08-03,1091
3941,['Holders'],2018-06-14,2867
3942,['Holders'],2012-04-01,602
3943,['Holders'],2018-06-14,2867
3944,['Holders'],2011-08-27,384
3945,['Holders'],2012-04-01,602
3946,['Holders'],2013-10-12,1161
3947,"['Holders', 'Music']",2012-05-11,642
3948,"['Holders', 'Micropasta']",2012-04-01,602
3949,['Holders'],2013-10-13,1162
3950,['Holders'],2013-10-22,1171
3951,['Holders'],2013-10-12,1161
3952,"['Holders', 'Micropasta']",2018-06-05,2858
3953,['Holders'],2013-10-12,1161
3954,"['Holders', 'Micropasta']",2013-10-07,1156
3955,['Holders'],2013-10-23,1172
3956,['Holders'],2012-04-01,602
3957,['Holders'],2013-10-24,1173
3958,['Holders'],2018-06-05,2858
3959,['Holders'],2012-05-11,642
3960,['Holders'],2013-10-23,1172
3961,['Holders'],2018-06-03,2856
3962,['Holders'],2018-06-06,2859
3963,"['Holders', 'NSFW']",2012-04-01,602
3964,"['Holders', 'Micropasta']",2012-05-24,655
3965,['Holders'],2013-10-21,1170
3966,['Holders'],2013-10-20,1169
3967,['Holders'],2013-10-12,1161
3968,['Holders'],2013-10-22,1171
3969,['Holders'],2013-10-13,1162
3970,['Holders'],2013-10-23,1172
3971,['Holders'],2012-04-13,614
3972,['Holders'],2013-10-22,1171
3973,['Holders'],2013-10-13,1162
3974,['Holders'],2012-04-01,602
3975,"['Holders', 'Micropasta']",2011-12-13,492
3976,['Holders'],2011-12-09,488
3977,['Holders'],2018-06-14,2867
3978,['Holders'],2013-10-23,1172
3979,['Holders'],2013-10-12,1161
3980,['Holders'],2013-10-13,1162
3981,"['Holders', 'Micropasta']",2012-04-01,602
3982,['Holders'],2013-10-12,1161
3983,['Holders'],2013-10-12,1161
3984,['Holders'],2018-06-03,2856
3985,['Holders'],2013-10-23,1172
3986,['Holders'],2013-10-13,1162
3987,['Holders'],2013-10-23,1172
3988,['Holders'],2013-10-23,1172
3989,['Holders'],2018-06-14,2867
3990,['Holders'],2012-04-01,602
3991,['Holders'],2018-06-06,2859
3992,['Holders'],2013-10-22,1171
3993,['Holders'],2011-12-09,488
3994,['Holders'],2013-10-22,1171
3995,['Holders'],2013-10-23,1172
3996,['Holders'],2012-04-01,602
3997,['Holders'],2013-10-22,1171
3998,['Holders'],2012-03-02,572
3999,['Holders'],2013-10-23,1172
4000,['Holders'],2018-06-06,2859
4001,"['Holders', 'Micropasta']",2011-08-27,384
4002,"['Holders', 'NSFW']",2012-04-01,602
4003,['Holders'],2013-10-23,1172
4004,['Holders'],2011-08-27,384
4005,['Holders'],2013-10-23,1172
4006,['Holders'],2018-06-04,2857
4007,['Holders'],2013-10-12,1161
4008,['Holders'],2013-10-24,1173
4009,['Holders'],2018-06-06,2859
4010,['Holders'],2013-10-13,1162
4011,['Holders'],2013-10-24,1173
4012,['Holders'],2012-04-01,602
4013,['Holders'],2013-10-23,1172
4014,['Holders'],2012-04-01,602
4015,['Holders'],2012-04-01,602
4016,['Holders'],2013-10-12,1161
4017,['Holders'],2013-10-23,1172
4018,['Holders'],2013-10-23,1172
4019,['Holders'],2013-10-23,1172
4020,['Holders'],2013-10-22,1171
4021,['Holders'],2018-06-03,2856
4022,['Holders'],2018-06-04,2857
4023,['Holders'],2012-04-01,602
4024,['Holders'],2013-10-12,1161
4025,['Holders'],2012-04-01,602
4026,"['Holders', 'Mental Illness']",2012-04-01,602
4027,['Holders'],2018-06-06,2859
4028,['Holders'],2013-10-23,1172
4029,['Holders'],2013-10-23,1172
4030,['Holders'],2018-06-03,2856
4031,['Holders'],2013-10-23,1172
4032,['Holders'],2013-10-23,1172
4033,"['Holders', 'Micropasta']",2012-04-01,602
4034,['Holders'],2012-04-01,602
4035,['Holders'],2013-10-22,1171
4036,['Holders'],2013-10-22,1171
4037,"['Holders', 'Micropasta']",2012-04-01,602
4038,['Holders'],2012-04-01,602
4039,['Holders'],2011-12-09,488
4040,['Holders'],2012-04-01,602
4041,['Holders'],2011-08-27,384
4042,['Holders'],2012-04-01,602
4043,['Holders'],2013-10-23,1172
4044,['Holders'],2018-06-03,2856
4045,['Holders'],2012-05-16,647
4046,['Holders'],2013-10-22,1171
4047,['Holders'],2013-10-22,1171
4048,"['Appealed Spinoffs', 'Holders']",2013-05-13,1009
4049,['Holders'],2013-10-23,1172
4050,['Holders'],2013-10-23,1172
4051,['Holders'],2012-04-01,602
4052,['Holders'],2018-06-05,2858
4053,['Holders'],2012-05-16,647
4054,['Holders'],2018-06-03,2856
4055,['Holders'],2012-04-01,602
4056,['Holders'],2013-10-12,1161
4057,['Holders'],2012-04-01,602
4058,['Holders'],2013-10-23,1172
4059,['Holders'],2012-04-01,602
4060,['Holders'],2013-10-22,1171
4061,['Holders'],2011-08-27,384
4062,['Holders'],2013-10-22,1171
4063,['Holders'],2012-08-29,752
4064,['Holders'],2011-08-27,384
4065,['Holders'],2013-10-24,1173
4066,['Holders'],2011-12-09,488
4067,['Holders'],2012-04-01,602
4068,['Holders'],2013-10-12,1161
4069,['Holders'],2011-12-13,492
4070,['Holders'],2012-04-01,602
4071,"['Holders', 'Micropasta']",2013-10-13,1162
4072,['Holders'],2012-04-01,602
4073,['Holders'],2013-10-23,1172
4074,['Holders'],2012-04-01,602
4075,['Holders'],2012-04-01,602
4076,"['Holders', 'Micropasta']",2012-04-01,602
4077,"['Holders', 'Micropasta']",2011-12-09,488
4078,['Holders'],2018-06-04,2857
4079,['Holders'],2012-04-01,602
4080,[' Holders'],2018-06-03,2856
4081,['Holders'],2013-10-12,1161
4082,['Holders'],2013-10-23,1172
4083,['Holders'],2013-10-22,1171
4084,['Holders'],2013-10-22,1171
4085,['Holders'],2012-04-01,602
4086,['Holders'],2013-10-22,1171
4087,"['Holders', 'Micropasta']",2013-10-23,1172
4088,['Holders'],2013-10-22,1171
4089,['Holders'],2011-08-27,384
4090,"['Holders', 'Micropasta']",2010-08-18,10
4091,['Holders'],2018-06-06,2859
4092,['Holders'],2013-10-23,1172
4093,['Holders'],2013-10-22,1171
4094,['Holders'],2012-04-01,602
4095,['Holders'],2010-12-08,122
4096,['Holders'],2013-10-24,1173
4097,['Holders'],2013-10-23,1172
4098,['Holders'],2012-04-01,602
4099,['Holders'],2012-04-01,602
4100,['Holders'],2013-10-18,1167
4101,['Holders'],2012-04-01,602
4102,"['Holders', 'Micropasta']",2013-10-12,1161
4103,['Holders'],2013-10-22,1171
4104,['Holders'],2013-10-22,1171
4105,['Holders'],2012-08-29,752
4106,['Holders'],2013-10-12,1161
4107,['Holders'],2013-10-22,1171
4108,['Holders'],2018-06-05,2858
4109,['Holders'],2012-06-10,672
4110,['Holders'],2013-10-23,1172
4111,['Holders'],2012-04-01,602
4112,"['Holders', 'Micropasta']",2013-10-13,1162
4113,"['Holders', 'Micropasta']",2012-04-01,602
4114,['Holders'],2012-04-01,602
4115,['Holders'],2012-04-01,602
4116,['Holders'],2012-04-01,602
4117,['Holders'],2012-04-01,602
4118,"['Holders', 'Micropasta']",2013-10-22,1171
4119,['Holders'],2013-10-24,1173
4120,['Holders'],2013-10-22,1171
4121,['Holders'],2013-10-22,1171
4122,['Holders'],2018-06-03,2856
4123,['Holders'],2013-10-23,1172
4124,"['Holders', 'Micropasta']",2012-04-01,602
4125,['Holders'],2011-12-09,488
4126,['Holders'],2012-04-01,602
4127,['Holders'],2013-10-12,1161
4128,['Holders'],2012-04-01,602
4129,['Holders'],2013-10-12,1161
4130,['Holders'],2013-10-22,1171
4131,['Holders'],2013-10-12,1161
4132,['Holders'],2013-10-22,1171
4133,['Holders'],2013-10-22,1171
4134,['Holders'],2013-10-12,1161
4135,['Holders'],2013-10-12,1161
4136,['Holders'],2013-10-12,1161
4137,['Holders'],2018-06-03,2856
4138,['Holders'],2013-10-23,1172
4139,['Holders'],2013-10-23,1172
4140,['Holders'],2012-04-01,602
4141,['Holders'],2013-10-12,1161
4142,['Holders'],2012-04-01,602
4143,['Holders'],2013-10-13,1162
4144,['Holders'],2013-10-13,1162
4145,['Holders'],2013-10-22,1171
4146,['Holders'],2012-04-01,602
4147,['Holders'],2013-10-12,1161
4148,['Holders'],2013-10-22,1171
4149,['Holders'],2013-10-12,1161
4150,"['Ghosts', 'Photography', 'Items/Objects', 'Dreams/Sleep', 'Jdeschene', 'Videos']",2020-05-07,3560
4151,"['Places', 'Diary/Journal', 'Mental Illness', 'Weird']",2011-12-05,484
4152,['Weird'],2014-04-18,1349
4153,['Animals'],2012-04-02,603
4154,['Places'],2014-10-21,1535
4155,"['Beings', 'Mental Illness', 'Reddit Pastas', 'Dismemberment']",2012-01-09,519
4156,"['Monsters', 'Animals']",2012-01-07,517
4157,"['Disappearances', 'Beings', 'Christmas', 'Nature']",2013-12-02,1212
4158,"['Reality', 'Beings', 'Halloween']",2011-11-22,471
4159,['Contest Winner'],2015-02-20,1657
4160,"['Diary/Journal', 'Beings', 'Mental Illness']",2014-10-11,1525
4161,"['Beings', 'Micropasta']",2017-10-09,2619
4162,['Mental Illness'],2014-04-10,1341
4163,['Places'],2017-08-25,2574
4164,['Monsters'],2019-11-28,3399
4165,['Places'],2012-01-15,525
4166,"['Alparos-Lilah', 'Mirrors']",2023-07-08,4717
4167,"['Mental Illness', 'Food']",2013-06-07,1034
4168,['Weird'],2015-11-21,1931
4169,"['Monsters', 'Micropasta']",2014-10-25,1539
4170,"['Dismemberment', 'Mental Illness', 'Places']",2013-05-05,1001
4171,"['Mental Illness', 'Micropasta']",2014-03-19,1319
4172,"['HPL', 'Poetry', 'Demon/Devil']",2017-10-06,2616
4173,"['Beings', 'Computers and Internet']",2013-05-27,1023
4174,['Animals'],2017-12-20,2691
4175,['Weird'],2020-12-19,3786
4176,"['Items/Objects', 'History', 'Micropasta']",2012-03-11,581
4177,"['Beings', 'Mental Illness']",2011-10-24,442
4178,"['Demon/Devil', 'Gods', 'Nature', ""The Vesper's Bell""]",2023-02-25,4584
4179,['Monsters'],2012-11-20,835
4180,[],2013-11-13,1193
4181,"['Places', 'beings']",2011-03-20,224
4182,"['Television', 'Monsters', 'Weird', 'HopelessNightOwl']",2018-04-20,2812
4183,['Monsters'],2012-12-28,873
4184,['Weird'],2021-01-13,3811
4185,"['Mental Illness', 'Music']",2014-09-07,1491
4186,['Items/Objects'],2014-01-07,1248
4187,"['History', 'Military']",2013-05-03,999
4188,"['Ghosts', 'Hospitals', 'Historical Archive', 'Micropasta']",2011-03-23,227
4189,['Hospitals'],2014-01-24,1265
4190,"['Beings', 'Hospitals']",2017-08-30,2579
4191,"['AustinDR', 'Weird', 'Videos']",2020-01-28,3460
4192,"['Dismemberment', 'Hospitals', 'Mental Illness']",2015-04-27,1723
4193,"['Military', 'Science']",2014-05-11,1372
4194,"['Military', 'Science']",2014-05-14,1375
4195,"['Military', 'Science']",2014-05-19,1380
4196,"['Military', 'Science']",2014-05-23,1384
4197,"['Military', 'Science']",2014-05-28,1389
4198,"['Places', 'Disappearances', 'History', 'Diary/Journal']",2015-02-21,1658
4199,"['Disappearances', 'Places']",2013-12-07,1217
4200,"['History', 'Beings', 'Dismemberment']",2012-02-18,559
4201,['Places'],2013-01-19,895
4202,['Beings'],2012-07-25,717
4203,"['Places', 'Micropasta']",2012-10-03,787
4204,['Ghosts'],2014-10-21,1535
4205,"['Demon/Devil', 'Places', 'Weird']",2020-01-14,3446
4206,"['Dreams/Sleep', 'Places']",2014-06-10,1402
4207,"['Monsters', 'Science']",2012-12-04,849
4208,['Monsters'],2013-08-05,1093
4209,"['MLycantrope', 'Dreams/Sleep', 'History']",2022-04-16,4269
4210,"['Reality', 'Dreams/Sleep', 'Gods', 'Micropasta']",2013-09-29,1148
4211,"['Books', 'Places']",2019-10-31,3371
4212,['Beings'],2015-04-23,1719
4213,"['CertainShadows', 'Videos', 'Weird']",2020-05-23,3576
4214,['Mirrors'],2012-03-29,599
4215,"['Disappearances', 'Dismemberment']",2014-04-13,1344
4216,"['Places', 'Demon/Devil']",2012-09-16,770
4217,"['Beings', 'Places', 'Historical Archive', 'Suggested Reading']",2011-04-27,262
4218,"['Diary/Journal', 'Beings', 'Places']",2013-08-11,1099
4219,"['Places', 'Beings']",2013-06-05,1032
4220,"['Places', 'Ghosts', 'Dreams/Sleep']",2012-10-03,787
4221,"['Beings', 'ZugZuwang', 'Weird']",2021-09-16,4057
4222,"['Dismemberment', 'Mental Illness', 'Weird', 'ZugZuwang']",2022-03-05,4227
4223,"['Beings', 'Nature']",2012-12-03,848
4224,['Dismemberment'],2013-10-10,1159
4225,"['EmpyrealInvective', 'Mental Illness', 'Videos']",2016-05-04,2096
4226,['Demon/Devil'],2016-03-03,2034
4227,['Historical Archive/PD'],2020-04-22,3545
4228,['Monsters'],2013-01-08,884
4229,"['Crime', 'Demon/Devil']",2020-06-10,3594
4230,"['Mental Illness', 'Dreams/Sleep']",2013-07-31,1088
4231,"['Weird', 'Dark Humour 2017']",2017-02-24,2392
4232,"['Places', 'Ghosts']",2021-06-07,3956
4233,['Historical Archive/PD'],2020-04-22,3545
4234,"['Ritual', 'Beings']",2015-02-19,1656
4235,['Disappearances'],2016-03-07,2038
4236,"['Beings', 'Mental Illness']",2022-01-28,4191
4237,"['Diary/Journal', 'Beings', 'Mental Illness', 'Places', 'Reality', 'Dismemberment', 'Science']",2017-02-10,2378
4238,['Historical Archive/PD'],2018-05-29,2851
4239,"['DFPC15', 'Mental Illness']",2014-07-23,1445
4240,"['Places', 'Vehicles']",2014-03-03,1303
4241,"['Josef K.', 'Historical Archive', 'Weird', 'Nature', 'Micropasta']",2011-07-19,345
4242,"['Computers and Internet', 'Reality', 'D. Compton Ambrose']",2019-02-04,3102
4243,['Ghosts'],2013-08-25,1113
4244,['Reality'],2018-07-08,2891
4245,"['Beings', 'Dreams/Sleep', 'PotM', 'RedNovaTyrant', 'Ritual', 'Videos']",2018-08-17,2931
4246,"['Gods', 'Ritual']",2014-03-02,1302
4247,"['Dreams/Sleep', 'Mental Illness']",2016-01-04,1975
4248,"['Mental Illness', 'AustinDR', 'Dismemberment', 'Halloween', 'Videos', 'Micropasta']",2019-10-30,3370
4249,"['Ritual', 'Items/Objects', 'Weird']",2019-05-21,3208
4250,"['Dreams/Sleep', 'Items/Objects', 'Micropasta']",2014-06-20,1412
4251,"['Ritual', 'Dismemberment', 'RTWC23']",2023-08-15,4755
4252,"['Ghosts', 'Ritual']",2013-11-21,1201
4253,"['Beings', 'Ritual']",2014-03-16,1316
4254,['Ritual'],2020-03-10,3502
4255,"['Reddit Pastas', 'NSFW', 'Dismemberment', 'Demon/Devil']",2017-05-30,2487
4256,"['Dreams/Sleep', 'Beings', 'Books', 'Mental Illness']",2015-04-08,1704
4257,"['PotM', 'Ritual', 'Beings', 'Mental Illness', 'MakRalston']",2022-03-08,4230
4258,['EAP'],2012-04-30,631
4259,"['Dismemberment', 'Diary/Journal']",2013-03-23,958
4260,['Mental Illness'],2014-12-10,1585
4261,"['StalkerShrike', 'Places', 'Beings']",2021-12-15,4147
4262,"['Places', 'Ritual', 'Items/Objects']",2012-08-18,741
4263,"['RTWC23', 'Computers and Internet', 'Animals', 'Monsters', 'Postuhenin']",2023-08-28,4768
4264,"['Beings', 'Reality']",2015-04-28,1724
4265,['Mental Illness'],2021-07-18,3997
4266,"['Monsters', 'Weird']",2017-08-13,2562
4267,"['Tiololo', 'Dismemberment', 'Science', 'Mental Illness']",2015-04-05,1701
4268,"['Tiololo', 'Places', 'Beings']",2015-04-09,1705
4269,"['Tiololo', 'Beings', 'Dismemberment', 'Places', 'Items/Objects']",2015-04-10,1706
4270,['Mental Illness'],2014-10-03,1517
4271,['Science'],2015-08-11,1829
4272,"['Reality', 'Dreams/Sleep', 'Theory']",2013-06-10,1037
4273,"['Weird', 'Military', 'Longpasta']",2014-11-19,1564
4274,['Beings'],2013-04-22,988
4275,"['Places', 'Television']",2015-08-01,1819
4276,"['MakRalston', 'Weird']",2021-05-08,3926
4277,['Beings'],2017-05-06,2463
4278,"['Monsters', 'Mental Illness']",2011-08-23,380
4279,"['Ghosts', 'Places', 'Military', 'Suggested Reading', 'NSFW', 'Historical Archive', 'Longpasta']",2010-08-16,8
4280,"['Demon/Devil', 'Dismemberment', 'SCAnti-Cliche2016']",2016-09-21,2236
4281,"['Beings', 'Disappearances', 'Nature', 'Places']",2017-08-12,2561
4282,"['Places', 'Micropasta']",2010-12-16,130
4283,"['Animals', 'Mental Illness']",2014-09-21,1505
4284,"['Mental Illness', 'Dismemberment', 'Television']",2013-09-10,1129
4285,"['Summer Creative Writing 2016', 'Contest Winner', 'Crime', 'History', 'Weird']",2016-07-06,2159
4286,"['Ghosts', 'Ritual']",2015-05-26,1752
4287,"['Animals', 'Nature', 'Micropasta']",2021-03-06,3863
4288,"['Demon/Devil', 'Disappearances', 'Computers and Internet']",2012-03-15,585
4289,"['Cryptids', 'Dismemberment', 'Nature', 'Places']",2020-02-09,3472
4290,['Monsters'],2014-07-02,1424
4291,"['Cryptids', 'Nature', 'RedNovaTyrant']",2022-07-31,4375
4292,['Weird'],2014-08-19,1472
4293,['Monsters'],2013-08-25,1113
4294,"['Places', 'Mental Illness', 'Nature', 'Historical Archive']",2012-02-28,569
4295,"['Beings', 'CPWSong2015']",2015-05-30,1756
4296,['Disappearances'],2023-12-02,4864
4297,"['History', 'NSFW']",2013-05-28,1024
4298,"['Beings', 'Diary/Journal']",2014-06-10,1402
4299,['Beings'],2014-01-16,1257
4300,"['Beings', 'Diary/Journal']",2015-10-11,1890
4301,['Poetry'],2012-05-09,640
4302,"['Weird', 'Poetry', 'Micropasta']",2023-04-01,4619
4303,"['DFPC15', 'Diary/Journal', 'Disappearances', 'Monsters', 'Nature', 'Places']",2014-07-22,1444
4304,"['Ghosts', 'Mental Illness', 'Weird']",2013-06-20,1047
4305,"['EAP', 'Poetry']",2012-05-10,641
4306,"['Memes', 'Troll Pasta', 'Micropasta']",2011-05-29,294
4307,"['Mental Illness', 'Items/Objects', 'Reality']",2014-04-13,1344
4308,"['Diary/Journal', 'Disappearances', 'Jollytime Murderfest 2016']",2016-12-24,2330
4309,"['Animals', 'Mmpratt99 deviantart', 'Places', '2015 Creepypasta Freestyle Challenge/Finals']",2015-02-21,1658
4310,"['L0CKED334', 'Space', 'Science', ""Hel's Bible Black 2019""]",2019-05-06,3193
4311,"['Science', 'AltLang']",2011-12-10,489
4312,"['Beings', 'History']",2014-08-18,1471
4313,"['PokéMon', 'Videos', 'Memes', 'Micropasta', 'Poetry']",2011-03-24,228
4314,['HPL'],2012-03-29,599
4315,"['Monsters', 'Nature', 'Weird']",2018-04-14,2806
4316,"['Nature', 'Animals']",2021-10-07,4078
4317,"['Demon/Devil', 'Places', 'Ritual', 'Dismemberment', 'Videos', 'Disappearances', 'K. Banning Kellum']",2017-08-21,2570
4318,"['Beings', 'Dreams/Sleep', 'Jdeschene', 'Videos']",2018-08-02,2916
4319,"['Reddit Pastas', 'Monsters', 'Places']",2017-10-15,2625
4320,['Science'],2011-08-28,385
4321,['Weird'],2020-07-11,3625
4322,"['Mental Illness', 'Dismemberment']",2015-12-16,1956
4323,"['Monsters', 'Beings']",2022-02-10,4204
4324,['Music'],2012-04-16,617
4325,"['Ghosts', 'Dreams/Sleep']",2018-06-26,2879
4326,"['Appealed Stories', 'Weird']",2017-01-25,2362
4327,['Beings'],2014-02-01,1273
4328,"['Books', 'Places', 'Dismemberment', 'Ritual']",2013-02-07,914
4329,"['Ghosts', 'Dismemberment']",2013-01-24,900
4330,['Beings'],2017-02-28,2396
4331,['Mental Illness'],2014-03-06,1306
4332,"['Mirrors', 'Beings', 'Mental Illness']",2015-03-17,1682
4333,['Mental Illness'],2014-11-14,1559
4334,"['Beings', 'Micropasta']",2013-10-30,1179
4335,"['Beings', 'Micropasta']",2014-03-27,1327
4336,"['Beings', 'Mental Illness']",2013-07-16,1073
4337,"['Mental Illness', 'Weird']",2022-11-04,4471
4338,['Beings'],2017-10-20,2630
4339,['Beings'],2014-01-03,1244
4340,['Reality'],2015-12-18,1958
4341,['Mental Illness'],2013-08-09,1097
4342,"['EmpyrealInvective', 'Monsters', 'Videos']",2013-11-17,1197
4343,['Dreams/Sleep'],2014-07-23,1445
4344,"['Dreams/Sleep', 'Reality']",2012-06-05,667
4345,['Beings'],2020-10-06,3712
4346,"['Monsters', 'Places', 'Beings']",2017-09-27,2607
4347,"['Reddit Pastas', 'NSFW', 'Reality', 'Beings', 'Weird', 'Dismemberment']",2017-08-01,2550
4348,"['Diary/Journal', 'Dreams/Sleep', 'Mental Illness']",2013-07-29,1086
4349,"['Mental Illness', 'TheWizardOfTheWoods', 'Videos']",2016-07-09,2162
4350,"['We Go Bump 2', 'Dreams/Sleep', 'Dismemberment', 'Monsters']",2012-04-02,603
4351,"['MJTR', 'Mental Illness', 'Science']",2015-01-15,1621
4352,"['Dreams/Sleep', 'Lovecraftian', 'Mental Illness']",2017-06-21,2509
4353,"['Reality', 'Places']",2015-08-14,1832
4354,"['Ghosts', 'Mental Illness', 'WriterJosh', 'Micropasta']",2015-01-12,1618
4355,"['Weird', 'Reality', 'Mental Illness', 'Jdeschene']",2018-06-15,2868
4356,"['DFPC15', 'Beings']",2014-08-23,1476
4357,"['PotM', 'Reddit Pastas', 'Disappearances', 'Dismemberment', 'Nature', 'Cryptids', 'Military', 'Longpasta']",2017-07-31,2549
4358,"['Ghosts', 'Mental Illness', 'Places']",2014-08-07,1460
4359,"['Monsters', 'Reality']",2017-11-02,2643
4360,"['Dorkpool', 'Computers and Internet']",2023-11-14,4846
4361,"['Dorkpool', 'Computers and Internet']",2023-10-17,4818
4362,"['Reddit Pastas', 'Weird', 'Fairly7Local']",2019-08-01,3280
4363,"['Video Games', 'Weird', 'Reddit Pastas']",2020-01-15,3447
4364,"['Beings', 'Dreams/Sleep']",2013-07-23,1080
4365,"['Military', 'History', 'Micropasta']",2011-12-03,482
4366,"['PotM', 'Reality']",2019-07-27,3275
4367,"[""The Vesper's Bell""]",2023-06-24,4703
4368,['Monsters'],2018-05-23,2845
4369,"['Floyd Pinkerton', 'Beings']",2014-01-15,1256
4370,"['Computers and Internet', 'Mental Illness', 'Music']",2012-01-28,538
4371,"['Diary/Journal', 'EmpyrealInvective', 'Ghosts', 'Lovecraftian', 'Videos']",2013-10-28,1177
4372,"['Hospitals', 'Mental Illness']",2020-06-10,3594
4373,"['PotM', 'Computers and Internet', 'Mental Illness']",2022-10-06,4442
4374,"['Beings', 'Places', 'Lovecraftian', 'WriterJosh']",2018-09-14,2959
4375,"['Places', 'Beings', 'Dismemberment', 'Disappearances']",2017-11-23,2664
4376,['Monsters'],2013-02-16,923
4377,['Dreams/Sleep'],2013-09-14,1133
4378,['Beings'],2012-11-28,843
4379,['Beings'],2013-07-18,1075
4380,['Mental Illness'],2014-01-13,1254
4381,"['Items/Objects', 'Micropasta']",2015-02-13,1650
4382,"['Halloween', 'Demon/Devil', 'Reality']",2017-10-12,2622
4383,"['Beings', 'Micropasta']",2012-10-07,791
4384,"['Reddit Pastas', 'Beings', 'Places']",2016-07-17,2170
4385,['Places'],2017-09-09,2589
4386,"['Reality', 'Beings']",2013-02-13,920
4387,"['Mental Illness', 'Weird', 'Micropasta']",2020-09-25,3701
4388,['Animals'],2017-05-31,2488
4389,"['Weird', 'Diary/Journal', 'Science', 'William See']",2020-10-03,3709
4390,"['Diary/Journal', 'Mental Illness', 'Computers and Internet', 'Demon/Devil', 'Items/Objects', 'NSFW']",2012-10-14,798
4391,['Poetry'],2020-10-01,3707
4392,"['Computers and Internet', 'Beings']",2013-11-17,1197
4393,['PokéMon'],2012-02-22,563
4394,"['Dreams/Sleep', 'Micropasta']",2013-05-26,1022
4395,"['DFPC15', 'Dreams/Sleep', 'Mental Illness', 'NSFW', 'Reality']",2014-06-26,1418
4396,"['Science', 'Micropasta']",2019-05-22,3209
4397,"['Demon/Devil', 'Ritual', 'Micropasta']",2011-04-21,256
4398,['Beings'],2015-04-14,1710
4399,"['Mental Illness', 'Places', 'Micropasta']",2013-10-20,1169
4400,"['Television', 'Places', 'Mental Illness']",2012-05-19,650
4401,['Mental Illness'],2015-02-06,1643
4402,"['DrBobSmith', 'Videos', 'Weird']",2018-07-18,2901
4403,['Beings'],2015-02-03,1640
4404,['Monsters'],2012-07-03,695
4405,"['Dorkpool', 'Spotlighted Pastas', 'Computers and Internet']",2023-11-28,4860
4406,['Monsters'],2013-06-09,1036
4407,['Monsters'],2015-08-13,1831
4408,['Beings'],2014-04-27,1358
4409,"['Mental Illness', 'Longpasta']",2013-03-30,965
4410,['Mental Illness'],2016-05-10,2102
4411,"['Ghosts', 'Mental Illness', 'Television', 'Computers and Internet', 'Diary/Journal']",2019-05-24,3211
4412,"['Mental Illness', 'Micropasta']",2013-01-12,888
4413,"['Beings', 'Weird', 'Items/Objects']",2018-12-28,3064
4414,"['Jdeschene', 'Monsters', 'Reality', 'Videos']",2020-03-30,3522
4415,"['Mental Illness', 'Ghosts']",2014-10-16,1530
4416,"['Tiololo', 'Mental Illness']",2015-04-03,1699
4417,"['Jdeschene', 'Mental Illness', 'Videos']",2018-10-09,2984
4418,['Dreams/Sleep'],2012-08-26,749
4419,"['Mental Illness', 'Dreams/Sleep', 'Micropasta']",2020-11-16,3753
4420,['Mental Illness'],2012-05-20,651
4421,['Dreams/Sleep'],2014-05-01,1362
4422,"['Animals', 'Dismemberment', 'Disappearances']",2012-04-03,604
4423,"['Dorkpool', 'Computers and Internet']",2023-12-01,4863
4424,"['Beings', 'Mental Illness']",2017-05-18,2475
4425,"['Reality', 'Monsters']",2016-09-14,2229
4426,"['Reality', 'Dreams/Sleep']",2016-09-22,2237
4427,"['Mental Illness', 'Dismemberment', 'Videos']",2012-06-17,679
4428,"['Dismemberment', 'Photography', 'Reality', 'Science']",2023-03-02,4589
4429,"['Reality', 'Beings']",2014-06-14,1406
4430,"['Gods', 'Dreams/Sleep', 'Historical Archive']",2012-04-20,621
4431,"['Dreams/Sleep', 'Monsters']",2019-05-24,3211
4432,"['Videos', 'Reddit Pastas', 'Computers and Internet', 'Items/Objects', 'Photography', 'Reality']",2017-09-12,2592
4433,['Reality'],2021-03-14,3871
4434,"['Beings', 'Weird']",2013-04-01,967
4435,"['Reddit Pastas', 'Reality', 'Micropasta']",2017-08-01,2550
4436,['Beings'],2014-10-15,1529
4437,"['Mental Illness', 'Places', 'Beings']",2016-02-11,2013
4438,"['GreyOwl', 'Beings', 'Mental Illness', 'Reality', 'Dreams/Sleep']",2014-07-29,1451
4439,"['Dreams/Sleep', 'Science']",2015-03-15,1680
4440,['Ghosts'],2012-05-02,633
4441,"['Cryptids', 'Mental Illness', 'Dreams/Sleep']",2011-12-31,510
4442,"['Dreams/Sleep', 'Mental Illness']",2011-04-21,256
4443,['Mental Illness'],2019-07-03,3251
4444,"['CWWriting15', 'Mental Illness', 'Dismemberment']",2015-04-10,1706
4445,['Weird'],2016-09-10,2225
4446,"['Dreams/Sleep', 'Mental Illness']",2013-08-16,1104
4447,"['Dorkpool', 'Computers and Internet']",2023-11-29,4861
4448,"['Places', 'Dreams/Sleep', 'Weird', 'Longpasta']",2021-08-06,4016
4449,"['Ghosts', 'Hospitals', 'Mental Illness', 'Videos']",2017-06-14,2502
4450,"['Science', 'Beings', 'Television']",2021-04-23,3911
4451,['Beings'],2011-07-26,352
4452,['Cryptids'],2020-05-23,3576
4453,"['Places', 'Beings']",2023-04-17,4635
4454,"['Ghosts', 'Reddit Pastas']",2016-01-17,1988
4455,"['Disappearances', 'Monsters', 'Nature', 'Places', 'PotM', 'Shadowswimmer77', 'Vehicles', 'Videos']",2019-09-22,3332
4456,"['Diary/Journal', 'Places', 'Nature', 'Animals']",2018-07-10,2893
4457,"['Photography', 'Items/Objects', 'Nature', 'Places', 'Historical Archive', 'Suggested Reading', 'Micropasta']",2011-06-12,308
4458,"['Lovecraftian', 'Videos']",2018-08-12,2926
4459,"['Items/Objects', 'Beings']",2020-05-14,3567
4460,"['Dorkpool', 'Computers and Internet', 'NSFW']",2023-12-11,4873
4461,['Beings'],2017-03-08,2404
4462,"['Places', 'Animals']",2018-01-05,2707
4463,['Beings'],2017-02-10,2378
4464,['Weird'],2015-08-27,1845
4465,"['Monsters', 'Micropasta']",2011-12-30,509
4466,['Beings'],2021-04-22,3910
4467,"['Places', 'Reality']",2014-02-25,1297
4468,"['Demon/Devil', 'Diary/Journal', 'SCAnti-Cliche2016']",2016-09-16,2231
4469,['Beings'],2015-10-26,1905
4470,"['Mental Illness', 'Ghosts']",2017-02-08,2376
4471,"['Reddit Pastas', 'Computers and Internet', 'Reality']",2018-06-22,2875
4472,"['Hospitals', 'Videos', 'DrBobSmith']",2018-06-17,2870
4473,"['Dreams/Sleep', 'Beings', 'Mental Illness']",2012-11-13,828
4474,"['Mental Illness', 'Nature', 'Places', 'Dismemberment']",2013-10-29,1178
4475,['Demon/Devil'],2020-05-26,3579
4476,['Crime'],2021-08-10,4020
4477,"['Beings', 'Crime', 'Longpasta', 'Reddit Pastas']",2021-04-17,3905
4478,"['Beings', 'Reddit Pastas', 'Crime', 'Hospitals']",2021-04-12,3900
4479,"['Monsters', 'Crime', 'Redit Pastas']",2021-03-26,3883
4480,"['Beings', 'Crime', 'Places', 'Reddit Pastas']",2021-04-03,3891
4481,"['Beings', 'Mental Illness']",2012-06-23,685
4482,"['Television', 'Monsters']",2021-10-13,4084
4483,['Beings'],2021-01-11,3809
4484,['Mental Illness'],2013-05-09,1005
4485,"['Mirrors', 'Demon/Devil', 'Ritual']",2014-10-04,1518
4486,"['Beings', 'Weird']",2017-02-27,2395
4487,"['Mental Illness', 'Dismemberment', 'Animals']",2012-04-13,614
4488,"['Beings', 'Reality', 'Vehicles', 'Computers and Internet']",2021-04-20,3908
4489,"['Crime', 'Video Games']",2013-12-09,1219
4490,"['Mental Illness', 'Weird']",2020-12-17,3784
4491,"['Weird', 'Ghosts']",2018-05-09,2831
4492,"['Mental Illness', 'Ritual', 'Dismemberment']",2013-06-23,1050
4493,"['Mental Illness', 'Animals']",2020-11-18,3755
4494,"['Dorkpool', 'Computers and Internet', 'Beings']",2023-12-04,4866
4495,"['Weird', 'Micropasta']",2021-04-01,3889
4496,"['Mental Illness', 'Places']",2015-08-10,1828
4497,['Dismemberment'],2012-07-25,717
4498,"['Reality', 'Micropasta']",2015-01-16,1622
4499,"['Disappearances', 'Demon/Devil', 'Ritual', 'Places']",2012-01-21,531
4500,"['Reality', 'Items/Objects', 'Micropasta']",2013-08-18,1106
4501,"['Mental Illness', 'Micropasta']",2013-11-30,1210
4502,['Beings'],2014-06-08,1400
4503,['Mental Illness'],2011-12-03,482
4504,"['Vehicles', 'Mental Illness']",2015-04-28,1724
4505,['Ghosts'],2013-03-24,959
4506,['Mental Illness'],2011-10-30,448
4507,"['Disappearances', 'Mental Illness', 'Banned In CP', 'Weird', 'Videos', 'Micropasta']",2017-02-11,2379
4508,"['Mental Illness', 'Reality']",2013-07-30,1087
4509,"['Dismemberment', 'Mental Illness']",2017-05-20,2477
4510,"['Banned In CP', 'Beings', 'Science']",2018-11-07,3013
4511,"['Items/Objects', 'Dismemberment', 'Videos', 'TheWizardOfTheWoods', 'Micropasta']",2018-07-04,2887
4512,"['Poetry', 'Items/Objects', 'History']",2015-03-02,1667
4513,"['Beings', 'Dismemberment', 'Weird', 'MalumLibrum958']",2022-11-25,4492
4514,"['Monsters', 'Cryptids']",2022-01-31,4194
4515,"['Beings', 'Diary/Journal']",2017-05-07,2464
4516,[],2017-03-19,2415
4517,"['Mental Illness', 'Reality']",2015-08-07,1825
4518,"['Dismemberment', 'Weird']",2014-08-02,1455
4519,"['Reality', 'Computers and Internet', 'Monsters', 'Micropasta']",2013-10-07,1156
4520,"['ClericofMadness', 'Ritual', 'Beings', 'Micropasta']",2011-09-07,395
4521,"['Weird', 'Nature', 'Micropasta']",2017-10-23,2633
4522,"['Dreams/Sleep', 'Mental Illness']",2011-03-03,207
4523,"['Monsters', 'Diary/Journal', 'Hospitals', 'Mental Illness']",2017-03-14,2410
4524,"['Tiololo', 'Weird', 'Reality']",2015-06-03,1760
4525,['Dismemberment'],2016-09-03,2218
4526,"['Beings', 'Weird']",2017-11-12,2653
4527,"['Items/Objects', 'Beings', 'Dreams/Sleep', 'Dismemberment', 'Disappearances', 'Longpasta']",2018-09-04,2949
4528,"['Dreams/Sleep', 'Reality']",2014-08-19,1472
4529,['Beings'],2019-06-20,3238
4530,['Computers and Internet'],2015-08-07,1825
4531,"['Reddit Pastas', 'Computers and Internet']",2017-05-26,2483
4532,"['History', 'Places']",2018-03-06,2767
4533,['Monsters'],2014-07-04,1426
4534,"['FearAddict', 'Beings']",2015-07-06,1793
4535,"['Animals', 'Disappearances', 'Beings', 'Parlour']",2019-07-31,3279
4536,"['Cryptids', 'Beings', 'Monsters']",2023-09-28,4799
4537,"['Reality', 'Beings']",2013-08-21,1109
4538,['Monsters'],2014-08-28,1481
4539,"['Ghosts', 'Historical Archive']",2012-07-06,698
4540,['Ghosts'],2016-06-17,2140
4541,"['Dreams/Sleep', 'Micropasta']",2013-04-22,988
4542,['Reality'],2016-08-09,2193
4543,"['Beings', 'DoctorBleed', 'Mental Illness']",2016-03-22,2053
4544,"['Mental Illness', 'Videos']",2013-05-29,1025
4545,['Dismemberment'],2020-08-04,3649
4546,"['Items/Objects', 'Mental Illness', 'Micropasta']",2012-01-01,511
4547,"['Beings', 'NSFW', 'Ritual', 'Longpasta', 'Mental Illness']",2023-12-13,4875
4548,['Demon/Devil'],2013-09-20,1139
4549,['Gods'],2016-12-17,2323
4550,"['Dreams/Sleep', 'Beings']",2014-10-28,1542
4551,"['Beings', 'Dreams/Sleep', 'CPWSong2016']",2016-01-14,1985
4552,['Weird'],2021-05-08,3926
4553,"['Animals', 'Places']",2020-07-03,3617
4554,['Mental Illness'],2014-08-11,1464
4555,['Mental Illness'],2013-12-11,1221
4556,"['Demon/Devil', 'Killahawke1', 'Weird']",2017-12-04,2675
4557,"['Monsters', 'Micropasta']",2021-09-10,4051
4558,"['Beings', 'Items/Objects', 'Computers and Internet']",2014-03-21,1321
4559,"['Reddit Pastas', 'Diary/Journal', 'Mental Illness']",2015-02-20,1657
4560,"['Mental Illness', 'Reality', 'Theory', 'D. Compton Ambrose']",2020-07-01,3615
4561,"['Reddit Pastas', 'Lovecraftian', 'Items/Objects', 'Cryptids', 'Dreams/Sleep', 'Places']",2017-08-30,2579
4562,['Mental Illness'],2014-09-17,1501
4563,['Ghosts'],2018-04-17,2809
4564,['Demon/Devil'],2014-07-07,1429
4565,"['Beings', 'Places']",2013-09-08,1127
4566,['Beings'],2018-05-18,2840
4567,"['Weird', 'Ghosts', 'Micropasta']",2014-05-10,1371
4568,"['Beings', 'Items/Objects', 'Computers and Internet']",2011-07-02,328
4569,"['Computers and Internet', 'Reddit Pastas']",2017-02-19,2387
4570,['Monsters'],2020-12-17,3784
4571,['Weird'],2015-09-14,1863
4572,['Music'],2017-03-05,2401
4573,"['Computers and Internet', 'Demon/Devil']",2018-04-08,2800
4574,['Monsters'],2013-06-09,1036
4575,"['Videos', 'Reddit Pastas', 'Military', 'Places', 'Demon/Devil', 'Disappearances', 'Weird', 'Dreams/Sleep']",2017-07-31,2549
4576,"['Animals', 'DrBobSmith', 'Weird', 'Reality']",2018-11-11,3017
4577,"['AustinDR', 'Beings', 'Videos']",2020-01-19,3451
4578,"['EmpyrealInvective', 'Mental Illness', 'Reality']",2016-07-11,2164
4579,"['Dreams/Sleep', 'Lovecraftian', 'Beings']",2015-02-21,1658
4580,"['Reddit Pastas', 'Ghosts']",2018-06-24,2877
4581,"['Computers and Internet', 'Beings']",2018-04-20,2812
4582,"['Disappearances', 'Weird']",2015-07-10,1797
4583,['Dreams/Sleep'],2021-05-07,3925
4584,"['Poetry', 'Monsters', 'Nature']",2015-03-18,1683
4585,"['Reddit Pastas', 'Beings', 'Crime', 'Computers and Internet', 'Items/Objects', 'Disappearances', 'Places']",2020-03-07,3499
4586,"['History', 'Ghosts']",2012-12-27,872
4587,"['Disappearances', 'Weird', 'Places', 'Ghosts']",2018-02-25,2758
4588,"['Reality', 'Demon/Devil', 'Books']",2014-05-21,1382
4589,"['Beings', 'Vehicles']",2015-06-17,1774
4590,"['Christmas', 'Dreams/Sleep', 'Monsters']",2020-09-13,3689
4591,['Dreams/Sleep'],2014-11-20,1565
4592,"['PokéMon', 'FlakyPorcupine']",2013-04-11,977
4593,"['Places', 'Disappearances', 'Weird']",2019-08-16,3295
4594,['Demon/Devil'],2014-08-13,1466
4595,['Dismemberment'],2018-09-01,2946
4596,"['Parlour', 'Demon/Devil']",2019-03-25,3151
4597,"['Dismemberment', 'Disappearances', 'Mental Illness', 'Science']",2018-04-20,2812
4598,"['Historical Archive/PD', 'Poetry']",2013-12-23,1233
4599,['HPL'],2012-04-07,608
4600,"['Mental Illness', 'Places']",2014-10-06,1520
4601,"['Ghosts', 'Mental Illness', 'Disappearances', 'Vehicles', 'Micropasta']",2013-06-08,1035
4602,"['Beings', 'Computers and Internet', 'Places']",2011-11-22,471
4603,"['Beings', 'Items/Objects']",2013-12-18,1228
4604,"['Dreams/Sleep', 'Ghosts', 'Items/Objects', 'Weird']",2018-04-23,2815
4605,['Dismemberment'],2015-11-01,1911
4606,"['Beings', 'Monsters', 'Weird']",2021-10-31,4102
4607,"['Computers and Internet', 'Disappearances', 'Dismemberment', 'Music', 'NSFW', 'VerminGoat']",2015-02-06,1643
4608,"['Mental Illness', 'Diary/Journal']",2014-06-11,1403
4609,"['Demon/Devil', 'Dreams/Sleep']",2018-04-25,2817
4610,"['Mirrors', 'Mental Illness', 'Reality']",2020-11-23,3760
4611,"['Weird', 'Jdeschene', 'Disappearances', 'Micropasta']",2020-12-10,3777
4612,['Items/Objects'],2014-11-19,1564
4613,['Weird'],2013-08-30,1118
4614,"['Reality', 'Beings']",2020-04-30,3553
4615,['Ghosts'],2014-09-30,1514
4616,"['Beings', 'Jollytime Murderfest 2016', 'Christmas']",2016-12-15,2321
4617,"['Monsters', 'Reddit Pastas']",2017-09-15,2595
4618,"['Ritual', 'Ghosts']",2013-01-06,882
4619,['Beings'],2020-07-26,3640
4620,"['Demon/Devil', 'L0CKED334']",2018-08-10,2924
4621,['Theory'],2017-04-03,2430
4622,['Weird'],2020-01-04,3436
4623,"['Beings', 'Diary/Journal', 'Music']",2020-06-12,3596
4624,"['Mental Illness', 'Television']",2013-09-26,1145
4625,"['Tiololo', 'Disappearances', 'Reality']",2015-07-09,1796
4626,"['Reality', 'Disappearances', 'Dreams/Sleep']",2017-11-23,2664
4627,['Ghosts'],2015-05-29,1755
4628,['Computers and Internet'],2017-06-11,2499
4629,"['Dismemberment', 'Reddit Pastas']",2017-02-14,2382
4630,['Hospitals'],2011-07-02,328
4631,['Ghosts'],2015-12-23,1963
4632,"['Reality', 'Mental Illness', 'Beings']",2012-02-17,558
4633,"['Reality', 'Mental Illness', 'AltLang']",2012-02-17,558
4634,"['Items/Objects', 'Beings']",2012-04-29,630
4635,"['Mental Illness', 'Reality']",2013-11-05,1185
4636,"['Space', 'Science', 'Dreams/Sleep', 'Monsters', 'Longpasta']",2018-07-25,2908
4637,"['EAP', 'Poetry']",2012-05-11,642
4638,"['AustinDR', 'Lovecraftian', 'Videos']",2019-12-02,3403
4639,['Video Games'],2012-08-17,740
4640,['Mental Illness'],2022-08-30,4405
4641,"['Demon/Devil', 'Mental Illness', 'Longpasta']",2016-03-21,2052
4642,"['Monsters', 'Dismemberment']",2012-06-24,686
4643,"['Science', 'Animals', 'Nature']",2013-05-17,1013
4644,"['Science', 'Weird']",2019-06-12,3230
4645,['Video Games'],2013-07-15,1072
4646,"['Monsters', 'Weird', 'Kolpik', 'Videos']",2018-04-01,2793
4647,"['Beings', 'Photography']",2017-01-26,2363
4648,"['Mirrors', 'Beings', 'Dismemberment', 'Items/Objects', 'Micropasta']",2011-03-20,224
4649,"['Mental Illness', 'Science']",2015-01-03,1609
4650,"['Science', 'Computers and Internet', 'Historical Archive', 'Ghosts', 'Micropasta']",2010-08-19,11
4651,"['Mental Illness', 'Dismemberment', 'Monsters']",2013-03-15,950
4652,['Mental Illness'],2015-04-17,1713
4653,"['Weird', 'Jdeschene', 'Videos']",2018-12-23,3059
4654,"['Places', 'Longpasta']",2020-09-11,3687
4655,"['Dreams/Sleep', 'Theory', 'Micropasta']",2013-04-28,994
4656,"['Space', 'Beings', 'Reality', 'Science', 'Television']",2013-08-08,1096
4657,['Reality'],2013-09-17,1136
4658,"['Disappearances', 'Television']",2021-12-08,4140
4659,"['Longpasta', 'Military', 'History', 'Demon/Devil']",2023-10-23,4824
4660,"['Weird', 'NSFW', 'Jdeschene']",2018-05-19,2841
4661,"['Dreams/Sleep', 'Mental Illness']",2012-02-26,567
4662,"['Poetry', 'Lovecraftian', 'Gods', 'Videos']",2021-04-29,3917
4663,"['Weird', 'Dreams/Sleep']",2020-04-05,3528
4664,"['AustinDR', 'Gods']",2019-10-11,3351
4665,"['Beings', 'Places', 'Dismemberment']",2015-09-02,1851
4666,"['Beings', 'Historical Archive', 'Micropasta']",2011-02-27,203
4667,['Weird'],2015-02-26,1663
4668,"['Monsters', 'Animals']",2014-09-22,1506
4669,"['Dreams/Sleep', 'Places']",2013-11-29,1209
4670,"['Beings', 'Mental Illness', 'Weird', 'Videos']",2023-03-28,4615
4671,"['Dreams/Sleep', 'Beings']",2014-02-02,1274
4672,"['Dreams/Sleep', 'NSFW', 'Weird', 'Micropasta']",2023-04-09,4627
4673,"['Dismemberment', 'Science']",2014-05-27,1388
4674,"['Dreams/Sleep', 'Beings', 'Mental Illness']",2013-06-05,1032
4675,['Mental Illness'],2013-11-15,1195
4676,"['Weird', 'Dreams/Sleep', 'Mental Illness', 'Longpasta']",2021-10-13,4084
4677,"['Mental Illness', 'Dismemberment', 'Disappearances']",2015-08-02,1820
4678,"['Diary/Journal', 'Mental Illness', 'EtherBot']",2018-01-31,2733
4679,['Ghosts'],2014-02-14,1286
4680,"['Ghosts', 'Computers and Internet', 'Places']",2015-07-01,1788
4681,"['Demon/Devil', 'Dreams/Sleep', 'Mental Illness']",2015-09-25,1874
4682,"['Dreams/Sleep', 'Dismemberment', 'Computers and Internet']",2013-03-30,965
4683,"['AltLang', 'Reality']",2019-09-23,3333
4684,"['Dgrady237', ""Hel's Bible Black 2019"", 'Contest Winner', 'Demon/Devil', 'Reality', 'Videos']",2019-06-17,3235
4685,['Video Games'],2021-03-16,3873
4686,"['Dreams/Sleep', 'Poetry']",2016-11-27,2303
4687,"['Nature', 'Places', 'Reality', 'VerminGoat', 'Micropasta']",2013-04-03,969
4688,"['Disappearances', 'Diary/Journal', 'Crime']",2023-11-27,4859
4689,['Space'],2011-11-11,460
4690,"['ClericofMadness', 'Diary/Journal', 'Science', 'Mental Illness']",2011-03-31,235
4691,['Beings'],2020-09-14,3690
4692,"['Places', 'History']",2012-05-07,638
4693,['Beings'],2012-10-19,803
4694,"['Beings', 'Jdeschene']",2018-12-26,3062
4695,"['Beings', 'Dismemberment', 'Mental Illness']",2018-04-26,2818
4696,"['Beings', 'Places', 'Micropasta']",2013-04-13,979
4697,"['DFPC15', 'Television']",2014-07-10,1432
4698,['Monsters'],2011-02-27,203
4699,"['Monsters', 'Dismemberment', 'Jdeschene']",2018-08-19,2933
4700,"['Weird', 'Gods']",2015-09-09,1858
4701,"['Demon/Devil', 'Items/Objects']",2012-04-22,623
4702,"['Beings', 'Dreams/Sleep']",2017-10-14,2624
4703,['Monsters'],2013-03-05,940
4704,['Beings'],2015-03-04,1669
4705,"['Places', 'Monsters']",2015-12-27,1967
4706,['Poetry'],2023-12-29,4891
4707,"['Historical Archive/PD', 'Longpasta']",2017-10-19,2629
4708,"['Reality', 'Micropasta']",2013-04-12,978
4709,"['Weird', 'Dismemberment', 'HopelessNightOwl']",2018-01-08,2710
4710,"['REH', 'Cryptids', 'Places', 'Items/Objects']",2017-09-25,2605
4711,"['Disappearances', 'Monsters']",2014-01-19,1260
4712,"['Diary/Journal', 'Dismemberment']",2012-12-03,848
4713,"['Beings', 'Animals', 'Weird']",2017-07-03,2521
4714,['Video Games'],2020-08-08,3653
4715,"['Beings', 'Diary/Journal', 'Reality']",2012-07-04,696
4716,"['Beings', 'Music']",2013-10-25,1174
4717,['Disappearances'],2013-02-27,934
4718,"['Beings', 'Dreams/Sleep', 'Micropasta']",2015-09-21,1870
4719,"['Mental Illness', 'Weird', 'Reality', 'Dreams/Sleep']",2023-12-12,4874
4720,"['Places', 'Demon/Devil']",2016-11-01,2277
4721,"['Mirrors', 'Beings', 'Historical Archive', 'Micropasta']",2010-08-08,0
4722,"['Disappearances', 'Diary/Journal', 'Mental Illness', 'Science']",2013-04-17,983
4723,"['Mental Illness', 'Television', 'Dreams/Sleep', 'Videos']",2016-10-22,2267
4724,"['Animals', 'Beings']",2012-12-30,875
4725,"['Mmpratt99 deviantart', 'Places']",2023-10-08,4809
4726,"['Items/Objects', 'Kafka', 'Reality', 'Science', 'Longpasta']",2013-02-22,929
4727,['Dreams/Sleep'],2013-04-21,987
4728,['Animals'],2013-05-17,1013
4729,"['Mirrors', 'Beings', 'Halloween']",2013-11-01,1181
4730,"['Items/Objects', 'Micropasta']",2021-02-28,3857
4731,"['Beings', 'Historical Archive', 'Micropasta']",2011-01-02,147
4732,"['Beings', 'Military']",2014-06-24,1416
4733,['HPL'],2012-03-29,599
4734,['Monsters'],2012-11-05,820
4735,"['Beings', 'Dreams/Sleep', 'Historical Archive']",2010-11-07,91
4736,"['HPL', 'Longpasta']",2017-10-05,2615
4737,"['ClericofMadness', 'Mental Illness', 'Poetry', 'Monsters']",2011-03-31,235
4738,"['Places', 'Nature', 'Beings', 'Dismemberment', 'Items/Objects']",2015-03-09,1674
4739,"['Dismemberment', 'Places', 'Weird']",2014-08-26,1479
4740,"['Ritual', 'Historical Archive']",2010-11-07,91
4741,"['Jdeschene', 'Beings', 'Micropasta']",2021-11-28,4130
4742,"['Weird', 'Micropasta']",2013-10-12,1161
4743,"['Demon/Devil', 'Mmpratt99 deviantart', 'Places']",2019-09-28,3338
4744,['PokéMon'],2012-03-28,598
4745,['Mental Illness'],2018-04-20,2812
4746,"['Ghosts', 'Mental Illness', 'NSFW', 'Diary/Journal', 'Places']",2015-07-07,1794
4747,"['ExRwood', 'Mental Illness']",2021-01-13,3811
4748,['Beings'],2013-10-18,1167
4749,['Gods'],2014-09-14,1498
4750,"['Beings', 'Books', 'Disappearances', 'Places']",2014-12-29,1604
4751,"['Cryptids', 'Monsters']",2013-05-16,1012
4752,"['Nature', 'Places']",2014-05-29,1390
4753,"['Collab', 'Monsters', 'Places', 'Science', 'Longpasta']",2015-06-07,1764
4754,"['Science', 'Historical Archive', 'Micropasta']",2010-08-17,9
4755,['Mental Illness'],2020-03-21,3513
4756,"['Mental Illness', 'Diary/Journal', 'Science']",2012-05-15,646
4757,['Beings'],2013-07-01,1058
4758,"['Science', 'Raidra']",2014-05-11,1372
4759,['Mental Illness'],2012-11-04,819
4760,['Monsters'],2014-04-11,1342
4761,"['ClericofMadness', 'Mental Illness', 'Micropasta']",2011-02-15,191
4762,['Science'],2016-10-29,2274
4763,['Computers and Internet'],2013-03-26,961
4764,"['Mental Illness', 'Weird', 'Dismemberment']",2014-11-04,1549
4765,"['Diary/Journal', 'Animals', 'Disappearances', 'Science']",2014-03-10,1310
4766,"['Dreams/Sleep', 'Beings']",2018-03-10,2771
4767,"['Diary/Journal', 'Dismemberment']",2015-07-16,1803
4768,"['ExRwood', 'Ghosts', 'Places', 'Reality']",2021-12-27,4159
4769,['Demon/Devil'],2012-02-11,552
4770,"['Ritual', 'Places', 'Books', 'Beings']",2021-02-27,3856
4771,"['Dismemberment', 'Mental Illness', 'Nature']",2012-02-17,558
4772,"['Video Games', 'Micropasta']",2013-06-10,1037
4773,['Video Games'],2013-11-11,1191
4774,"['Mirrors', 'Beings']",2013-03-14,949
4775,"['EmpyrealInvective', 'Mental Illness']",2018-08-16,2930
4776,"['Beings', 'Mental Illness', 'Theory']",2013-10-14,1163
4777,['Weird'],2011-02-17,193
4778,"['Nature', 'Hospitals']",2022-05-31,4314
4779,"['Ritual', 'Mirrors', 'Books', 'MakRalston']",2021-05-06,3924
4780,"['Monsters', 'Weird', 'Micropasta']",2013-04-15,981
4781,"['Places', 'Ghosts']",2013-06-15,1042
4782,"['DFPC15', 'History', 'Mental Illness']",2014-08-13,1466
4783,"['Beings', 'Books', 'L0CKED334', 'Videos', 'Mental Illness']",2018-08-02,2916
4784,"['Television', 'Beings', 'William See']",2020-12-03,3770
4785,"['Animals', 'Disappearances', 'Nature']",2014-08-17,1470
4786,['Demon/Devil'],2013-04-30,996
4787,"['Demon/Devil', 'Beings']",2014-06-13,1405
4788,"['Cryptids', 'Dreams/Sleep', 'Reality']",2012-11-10,825
4789,"['Mental Illness', 'NSFW']",2017-10-04,2614
4790,['Dismemberment'],2012-06-13,675
4791,"['Beings', 'Reality', 'Weird', 'Spotlighted Pastas']",2014-11-10,1555
4792,"['Animals', 'Mental Illness', 'Tewahway', 'Videos']",2021-12-12,4144
4793,"['DFPC15', 'Dismemberment', 'Mental Illness', 'Disappearances']",2012-04-21,622
4794,"['Mental Illness', 'Monsters']",2012-06-24,686
4795,['Mental Illness'],2014-03-06,1306
4796,"['Places', 'Monsters']",2022-02-18,4212
4797,['Mental Illness'],2013-11-13,1193
4798,"['Dismemberment', 'Mental Illness', 'Places']",2013-12-18,1228
4799,"['Beings', 'Places', 'Mental Illness']",2017-06-10,2498
4800,"['Military', 'History']",2013-11-03,1183
4801,"['TheDoctorFF', 'Beings', 'Animals', 'Mental Illness', 'Longpasta']",2018-03-28,2789
4802,"['Reality', 'Mental Illness']",2017-02-16,2384
4803,['Disappearances'],2014-08-10,1463
4804,['Monsters'],2013-01-20,896
4805,"['Weird', 'Reality', 'Micropasta']",2016-12-13,2319
4806,['Places'],2012-07-05,697
4807,"['Historical Archive', 'Mental Illness', 'Weird']",2014-10-12,1526
4808,"['Dreams/Sleep', 'Science', 'Theory']",2013-11-10,1190
4809,['Dreams/Sleep'],2013-07-03,1060
4810,"['Dreams/Sleep', 'Videos', 'Dismemberment']",2013-02-13,920
4811,"['Reality', 'Ritual', 'Beings', 'Historical Archive']",2010-09-30,53
4812,['Mental Illness'],2012-06-24,686
4813,"['Computers and Internet', 'Beings']",2014-07-17,1439
4814,"['Ritual', 'Micropasta']",2011-12-24,503
4815,"['Animals', 'Crime', 'Monsters', 'Longpasta']",2018-09-26,2971
4816,"['Computers and Internet', 'Science']",2014-04-18,1349
4817,"['Space', 'Beings', 'Longpasta']",2016-09-03,2218
4818,"['Places', 'Mental Illness']",2012-08-12,735
4819,['Mental Illness'],2015-07-27,1814
4820,"['Dismemberment', 'Doom Vroom', 'Places', 'Videos', 'Monsters']",2015-06-02,1759
4821,"['Computers and Internet', 'Mental Illness']",2019-07-06,3254
4822,"['Poetry', 'Computers and Internet']",2023-01-27,4555
4823,"['Military', 'Monsters', 'Mental Illness', 'Memes', 'Disappearances']",2012-08-10,733
4824,"['Dismemberment', 'Mental Illness']",2022-08-24,4399
4825,['Mental Illness'],2023-04-01,4619
4826,['Places'],2014-09-02,1486
4827,"['Dismemberment', 'NSFW', 'Jdeschene']",2018-05-06,2828
4828,['Dreams/Sleep'],2013-03-29,964
4829,['Mental Illness'],2021-03-20,3877
4830,"['Places', 'Monsters', 'Nature']",2017-11-19,2660
4831,"['AustinDR', 'Beings', 'Gods', 'Lovecraftian']",2019-12-08,3409
4832,"['Disappearances', 'CertainShadows']",2020-07-07,3621
4833,"['Memes', 'Video Games']",2012-08-07,730
4834,"['Poetry', 'Ritual', 'Demon/Devil']",2014-10-01,1515
4835,"['Mirrors', 'Kolpik', 'Beings', 'Dreams/Sleep', 'Items/Objects', 'PotM', 'Videos']",2018-09-01,2946
4836,"['Monsters', 'WaveDivisionMultiplexer']",2013-06-26,1053
4837,"['Weird', 'Beings', 'Computers and Internet']",2015-07-18,1805
4838,"['Mental Illness', 'Reality']",2014-07-27,1449
4839,['Dreams/Sleep'],2017-08-26,2575
4840,"['Space', 'Science', 'Diary/Journal']",2014-02-09,1281
4841,['Poetry'],2012-10-27,811
4842,"['DFPC15', 'Diary/Journal', 'Computers and Internet', 'Crime']",2014-09-06,1490
4843,"['Beings', 'Disappearances', 'Items/Objects', 'Places']",2013-04-07,973
4844,['Dismemberment'],2012-10-20,804
4845,"['Beings', 'Disappearances', 'Weird', 'Nature']",2021-05-11,3929
4846,"['Spotlighted Pastas', 'Ritual', 'Weird']",2024-01-07,4900
4847,"['Beings', 'Dreams/Sleep']",2011-04-16,251
4848,['Beings'],2022-03-18,4240
4849,['Beings'],2012-10-15,799
4850,"['Floyd Pinkerton', 'Monsters']",2016-01-28,1999
4851,"['Beings', 'Dreams/Sleep', 'Micropasta']",2012-11-11,826
4852,"['Beings', 'Dreams/Sleep', 'Television']",2013-03-09,944
4853,"['Mental Illness', 'Science', 'Reality']",2023-07-11,4720
4854,['Reality'],2021-07-07,3986
4855,"['Dreams/Sleep', 'Items/Objects', 'Computers and Internet']",2012-12-27,872
4856,"['Ghosts', 'Demon/Devil']",2021-01-08,3806
4857,"['Weird', 'Micropasta']",2022-02-02,4196
4858,"['Beings', 'Monsters']",2018-04-04,2796
4859,"['EAP', 'Poetry']",2012-05-12,643
4860,"['Historical Archive', 'Micropasta']",2010-09-08,31
4861,['Theory'],2017-04-01,2428
4862,"['Computers and Internet', 'Photography']",2015-05-20,1746
4863,['Reality'],2013-12-29,1239
4864,"['We Go Bump 2', 'Mental Illness', 'Reality', 'Diary/Journal']",2012-07-01,693
4865,"['Beings', 'Micropasta']",2012-05-14,645
4866,['Beings'],2013-01-06,882
4867,['Beings'],2013-12-06,1216
4868,"['Tiololo', 'Mental Illness']",2015-04-04,1700
4869,"['Beings', 'Micropasta']",2013-04-22,988
4870,['Mental Illness'],2015-03-26,1691
4871,"['Places', 'Dreams/Sleep']",2013-08-02,1090
4872,"['ClericofMadness', 'Mental Illness', 'Micropasta']",2011-03-31,235
4873,['Monsters'],2015-03-11,1676
4874,"['Theory', 'Places']",2014-08-03,1456
4875,"['Cryptids', 'EmpyrealInvective', 'Nature', 'Videos']",2013-12-08,1218
4876,['Dismemberment'],2018-09-19,2964
4877,"['MJTR', 'NSFW', 'Dismemberment', 'Reality']",2013-01-09,885
4878,"['ExRwood', 'Mental Illness', 'Weird']",2021-04-30,3918
4879,['Nature'],2013-02-18,925
4880,['Reality'],2012-03-04,574
4881,"['Reddit Pastas', 'Places', 'Reality', 'Animals', 'Cryptids', 'Dismemberment', 'Longpasta']",2017-09-04,2584
4882,"['Dismemberment', 'Mental Illness']",2019-08-26,3305
4883,"['Dreams/Sleep', 'Beings']",2014-12-10,1585
4884,['Space'],2014-01-31,1272
4885,['Beings'],2013-03-09,944
4886,['Ghosts'],2012-03-16,586
4887,"['Mental Illness', 'Weird', 'Micropasta']",2015-04-21,1717
4888,['Weird'],2013-07-19,1076
4889,"['Dreams/Sleep', 'Dismemberment', 'Mental Illness']",2012-06-22,684
4890,"['Items/Objects', 'Beings']",2014-10-14,1528
4891,"['Parlour', 'Vehicles', 'Beings', 'Dismemberment']",2019-10-27,3367
4892,"['GreyOwl', 'Beings', 'Dreams/Sleep', 'Reality']",2014-09-22,1506
4893,"['Weird', 'Dreams/Sleep', 'Micropasta']",2012-06-15,677
4894,"['Dreams/Sleep', 'Beings']",2014-01-10,1251
4895,"['Monsters', 'Diary/Journal', 'Dismemberment']",2012-04-06,607
4896,"['Animals', 'History', 'Diary/Journal']",2012-07-27,719
4897,"['DFPC15', 'We Go Bump 2', 'Reality']",2014-03-18,1318
4898,"['Mental Illness', 'Places']",2017-09-10,2590
4899,"['Nature', 'Monsters', 'Poetry']",2022-11-02,4469
4900,['Science'],2014-01-09,1250
4901,"['Beings', 'Mental Illness']",2020-04-29,3552
4902,['Beings'],2014-04-03,1334
4903,"['GreyOwl', 'Mental Illness', 'Beings', 'Disappearances', 'Videos']",2014-07-30,1452
4904,"['EmpyrealInvective', 'Hospitals', 'Mental Illness', 'Monsters']",2016-03-14,2045
4905,"['Dismemberment', 'Monsters']",2014-07-13,1435
4906,"['Diary/Journal', 'Disappearances', 'Beings']",2020-03-03,3495
4907,"['Beings', 'Dreams/Sleep']",2018-07-21,2904
4908,"['Diary/Journal', 'Monsters', 'Military']",2012-11-02,817
4909,"['Monsters', 'Animals', 'Dismemberment']",2012-05-23,654
4910,"['Monsters', 'Animals']",2017-12-31,2702
4911,"['Reality', 'Disappearances', 'Beings', 'Space']",2013-06-23,1050
4912,"['Ghosts', 'Beings', 'Monsters']",2021-06-21,3970
4913,['Beings'],2013-03-21,956
4914,"['FearAddict', 'Reality', 'Beings']",2015-07-02,1789
4915,['Dreams/Sleep'],2017-10-31,2641
4916,"['Military', 'Diary/Journal', 'History']",2015-04-30,1726
4917,"['Mental Illness', 'Poetry']",2012-10-19,803
4918,['Beings'],2012-10-10,794
4919,[' Beings'],2015-07-06,1793
4920,['Video Games'],2013-07-04,1061
4921,"['Beings', 'Disappearances', 'Micropasta']",2013-02-01,908
4922,"['Animals', 'Beings']",2017-10-12,2622
4923,['Monsters'],2013-07-20,1077
4924,"['Beings', 'Dismemberment']",2012-04-17,618
4925,['Monsters'],2013-09-02,1121
4926,"['Diary/Journal', 'Beings']",2018-01-15,2717
4927,"['Monsters', 'Mental Illness']",2013-08-15,1103
4928,"['NSFW', 'Mental Illness', 'Hospitals']",2023-12-02,4864
4929,['Beings'],2013-06-17,1044
4930,"['Mirrors', 'Ritual', 'Micropasta']",2012-05-25,656
4931,"['Weird', 'Demon/Devil']",2012-06-27,689
4932,"['Books', 'Dreams/Sleep']",2012-03-21,591
4933,"['RFCC15', 'Disappearances', 'Items/Objects', 'Mental Illness']",2015-04-24,1720
4934,"['Demon/Devil', 'DoctorBleed']",2016-05-27,2119
4935,['Monsters'],2011-09-23,411
4936,"['Nature', 'Places', 'Beings', 'Reality', 'Weird', 'Ritual']",2017-11-27,2668
4937,"['Beings', 'Places']",2014-12-21,1596
4938,"['Beings', 'Dismemberment', 'Weird']",2021-09-25,4066
4939,"['Disappearances', 'Nature']",2015-08-17,1835
4940,"['Lovecraftian', 'Beings']",2013-01-02,878
4941,"['Demon/Devil', 'Mirrors', 'Micropasta']",2012-02-02,543
4942,['Reality'],2013-07-30,1087
4943,"['Places', 'Beings', 'Disappearances', 'HopelessNightOwl']",2018-05-11,2833
4944,"['Mental Illness', 'Beings']",2013-06-05,1032
4945,['Computers and Internet'],2015-06-13,1770
4946,"['Hospitals', 'Mental Illness', 'Television']",2015-10-08,1887
4947,"['Demon/Devil', 'Items/Objects', 'Mental Illness', 'Micropasta']",2012-03-04,574
4948,['Dreams/Sleep'],2013-09-19,1138
4949,"['Computers and Internet', 'Mental Illness']",2013-08-14,1102
4950,"['PokéMon', 'Memes']",2012-03-06,576
4951,"['Reality', 'Beings', 'Micropasta']",2013-07-18,1075
4952,['Animals'],2015-09-06,1855
4953,"['Places', 'Beings']",2013-08-13,1101
4954,"['Animals', 'Mental Illness']",2013-09-09,1128
4955,"['Beings', 'Disappearances']",2022-01-20,4183
4956,"['Mental Illness', 'Beings']",2015-04-14,1710
4957,"['Monsters', 'Places']",2011-06-13,309
4958,"['Theory', 'Weird']",2014-08-06,1459
4959,['Science'],2012-08-14,737
4960,"['Diary/Journal', 'Science', 'Beings', 'Mental Illness']",2013-07-17,1074
4961,"['Animals', 'Micropasta']",2012-06-20,682
4962,['Beings'],2017-03-02,2398
4963,['Mental Illness'],2016-06-25,2148
4964,"['Dreams/Sleep', 'Beings']",2013-04-12,978
4965,"['Science', 'Beings', 'Mental Illness', 'Reality']",2012-01-24,534
4966,['Ghosts'],2015-03-15,1680
4967,"['Beings', 'Dismemberment', 'NSFW']",2016-11-09,2285
4968,['Monsters'],2016-07-01,2154
4969,"['Floyd Pinkerton', 'Ghosts', 'We Go Bump']",2013-01-05,881
4970,"['Computers and Internet', 'Dismemberment']",2020-12-16,3783
4971,"['Ritual', 'Mirrors', 'Computers and Internet', 'Music', 'Micropasta']",2011-04-21,256
4972,['Places'],2023-10-29,4830
4973,"['History', 'Reality', 'Theory', 'Historical Archive', 'Micropasta']",2010-08-19,11
4974,"['Poetry', 'Monsters']",2018-05-01,2823
4975,['Beings'],2011-07-07,333
4976,"['Ghosts', 'Mental Illness', 'Places']",2014-09-17,1501
4977,['Ghosts'],2020-11-16,3753
4978,['Beings'],2014-01-04,1245
4979,['Ghosts'],2014-05-31,1392
4980,"['Mental Illness', 'Diary/Journal', 'Beings']",2011-12-26,505
4981,['Monsters'],2010-11-04,88
4982,"['Ghosts', 'Diary/Journal', 'Historical Archive', 'Mental Illness', 'Dismemberment']",2010-08-31,23
4983,['History'],2014-11-20,1565
4984,"['Ghosts', 'Places']",2012-11-24,839
4985,['Video Games'],2012-10-08,792
4986,"['Dismemberment', 'VerminGoat']",2013-08-10,1098
4987,"['Kafka', 'Animals', 'Dismemberment', 'Items/Objects', 'Weird']",2017-09-15,2595
4988,"['DoctorBleed', 'Weird']",2015-08-28,1846
4989,['Mental Illness'],2014-07-26,1448
4990,['Reality'],2013-09-09,1128
4991,"['Monsters', 'Gods', 'Dismemberment', 'Mental Illness', 'William See']",2024-01-10,4903
4992,"['Places', 'Dreams/Sleep']",2013-11-16,1196
4993,['Weird'],2015-01-29,1635
4994,"['Computers and Internet', 'Dismemberment']",2013-01-06,882
4995,"['Computers and Internet', 'Monsters', 'Items/Objects', 'Disappearances']",2014-05-31,1392
4996,"['Video Games', 'Micropasta']",2022-02-02,4196
4997,"['Mental Illness', 'Dismemberment']",2013-05-07,1003
4998,"['Disappearances', 'Science', 'History', 'Micropasta']",2011-04-22,257
4999,['Items/Objects'],2015-01-29,1635
5000,['Dreams/Sleep'],2014-06-19,1411
5001,"['Disappearances', 'Vehicles', 'HopelessNightOwl']",2017-08-02,2551
5002,"['Photography', 'Computers and Internet', 'Dismemberment']",2012-04-27,628
5003,['Dismemberment'],2015-12-20,1960
5004,"['Beings', 'Dreams/Sleep']",2014-06-12,1404
5005,"['Ghosts', 'Nature', 'Places']",2013-09-15,1134
5006,"['Ritual', 'Beings', 'Dreams/Sleep']",2014-11-03,1548
5007,"['Diary/Journal', 'Places', 'Weird']",2020-04-21,3544
5008,"['DFPC15', 'Weird', 'Micropasta']",2014-09-11,1495
5009,"['Books', 'Places', 'Umbrello', 'Videos', 'DFPC15', 'We Go Bump 3']",2014-07-21,1443
5010,"['AltLang', 'Diary/Journal', 'Beings']",2013-11-24,1204
5011,"['ClericofMadness', 'Ghosts', 'Micropasta']",2011-02-15,191
5012,['Beings'],2014-01-05,1246
5013,['Demon/Devil'],2014-01-05,1246
5014,['Ritual'],2011-02-17,193
5015,['Mental Illness'],2012-03-13,583
5016,"['Contest Winner', 'Dismemberment', 'Mental Illness', 'Memes', 'Videos', 'K. Banning Kellum', 'Longpasta']",2015-12-07,1947
5017,['Items/Objects'],2014-09-21,1505
5018,"['Animals', 'Science']",2012-12-15,860
5019,"['JohnathanNash', 'Mental Illness', 'Reality']",2016-11-07,2283
5020,"['Demon/Devil', 'Items/Objects', 'Music']",2012-11-18,833
5021,['Items/Objects'],2012-04-18,619
5022,"['Animals', 'Halloween', 'Items/Objects']",2021-04-25,3913
5023,"['Dreams/Sleep', 'Diary/Journal']",2011-10-27,445
5024,"['Beings', 'Dismemberment', 'Items/Objects']",2011-10-22,440
5025,"['Beings', 'Dreams/Sleep']",2017-01-19,2356
5026,"['Music', 'Beings', 'Jdeschene']",2020-04-28,3551
5027,['Items/Objects'],2018-12-14,3050
5028,['PokéMon'],2011-06-13,309
5029,"['Items/Objects', 'Dismemberment']",2013-01-19,895
5030,"['Computers and Internet', 'Food', 'Jdeschene']",2018-03-20,2781
5031,"['Weird', 'RCainTales']",2020-04-06,3529
5032,"['Mental Illness', 'Demon/Devil']",2011-03-23,227
5033,"['Disappearances', 'Historical Archive', 'Gods', 'Theory', 'Reality']",2010-11-07,91
5034,['Lost Episodes'],2012-12-17,862
5035,"['Videos', 'Historical Archive/PD']",2018-08-13,2927
5036,"['Video Games', 'Items/Objects']",2012-08-20,743
5037,['Mental Illness'],2021-05-11,3929
5038,"['Reddit Pastas', 'Places', 'Videos', 'Demon/Devil', 'Reality', 'Vehicles']",2018-07-03,2886
5039,"['Cryptids', 'Science', 'Weird', 'Micropasta']",2018-05-05,2827
5040,['Ghosts'],2013-05-03,999
5041,"['Videos', 'Historical Archive/PD']",2018-08-13,2927
5042,"['Beings', 'History', 'Places', 'The Hooded Werewolf', 'Science', 'Dismemberment', 'Military']",2013-11-14,1194
5043,"['EmpyrealInvective', 'Gods', 'NSFW', 'Videos']",2015-08-15,1833
5044,"['Ghosts', 'WriterJosh', 'Books', 'Places']",2015-03-30,1695
5045,"['Disappearances', 'Dreams/Sleep', 'JohnathanNash', 'Weird']",2016-01-23,1994
5046,"['Mental Illness', 'Reality']",2013-03-01,936
5047,"['Historical Archive/PD', 'Poetry']",2018-05-30,2852
5048,"['AGB', 'Items/Objects']",2012-06-06,668
5049,['AGB'],2018-07-10,2893
5050,['Monsters'],2012-07-12,704
5051,['Mirrors'],2015-01-04,1610
5052,"['AGB', 'Animals']",2012-06-04,666
5053,['Mental Illness'],2011-03-23,227
5054,['Beings'],2017-12-04,2675
5055,"['Dreams/Sleep', 'Dismemberment', 'Mental Illness']",2013-08-04,1092
5056,['Monsters'],2014-01-18,1259
5057,['Science'],2013-03-04,939
5058,"['Ghosts', 'Theory']",2014-06-10,1402
5059,"['Demon/Devil', 'Mental Illness', 'Items/Objects']",2012-10-25,809
5060,"['CertainShadows', 'Disappearances', 'Ghosts', 'Mental Illness', 'Nature', 'Videos']",2020-04-30,3553
5061,"['Places', 'Cryptids', 'Disappearances']",2018-06-22,2875
5062,['Monsters'],2012-12-27,872
5063,"['Kafka', 'Mental Illness']",2013-02-22,929
5064,"['Demon/Devil', 'Historical Archive']",2011-12-26,505
5065,"['Diary/Journal', 'Beings', 'Dismemberment', 'PotM', 'Longpasta']",2011-07-01,327
5066,['Diary/Journal'],2013-06-12,1039
5067,"['Beings', 'Diary/Journal', 'Items/Objects']",2019-11-27,3398
5068,['Diary/Journal'],2013-04-23,989
5069,"['Diary/Journal', 'Mental Illness']",2014-06-26,1418
5070,"['Mental Illness', 'Diary/Journal']",2014-04-17,1348
5071,['Dreams/Sleep'],2014-04-27,1358
5072,['PokéMon'],2012-08-17,740
5073,"['Computers and Internet', 'Dreams/Sleep', 'Demon/Devil']",2015-08-24,1842
5074,"['Ghosts', 'History', 'Places']",2019-05-21,3208
5075,"['Historical Archive/PD', 'Videos']",2018-06-19,2872
5076,"['Beings', 'Micropasta']",2012-03-11,581
5077,"['Television', 'Computers and Internet', 'Memes', 'Mental Illness', 'Reality', 'Weird']",2012-03-27,597
5078,['Items/Objects'],2013-03-16,951
5079,"['Beings', 'Dreams/Sleep']",2013-03-28,963
5080,"['Ghosts', 'Dreams/Sleep', 'Places', 'Reality', 'Historical Archive', 'Suggested Reading']",2010-08-18,10
5081,['Ghosts'],2015-06-19,1776
5082,"['Beings', 'Disappearances', 'Poetry', 'Items/Objects']",2013-05-29,1025
5083,['Beings'],2013-07-19,1076
5084,"['Diary/Journal', 'Monsters']",2022-03-15,4237
5085,"['DFPC15', 'Demon/Devil', 'History', 'Science']",2013-10-13,1162
5086,"['Demon/Devil', 'History']",2014-07-07,1429
5087,['Science'],2015-04-12,1708
5088,"['Dreams/Sleep', 'Demon/Devil', 'Mental Illness']",2013-09-22,1141
5089,['Monsters'],2012-09-21,775
5090,['Mental Illness'],2013-09-05,1124
5091,['Places'],2023-11-03,4835
5092,"['Weird', 'NSFW', 'Dismemberment']",2014-08-24,1477
5093,"['NSFW', 'Demon/Devil', 'Dismemberment', 'Mental Illness', 'Micropasta']",2015-07-04,1791
5094,['Mental Illness'],2013-08-30,1118
5095,"['Disappearances', 'Dreams/Sleep', 'Beings']",2015-07-08,1795
5096,"['Beings', 'Micropasta']",2013-01-03,879
5097,['Weird'],2020-11-10,3747
5098,['Places'],2013-03-31,966
5099,"['Monsters', 'Mirrors']",2011-09-09,397
5100,"['Dismemberment', 'Ghosts']",2014-05-14,1375
5101,"['Television', 'Memes', 'Beings']",2012-04-26,627
5102,"['Dreams/Sleep', 'Reality']",2014-06-08,1400
5103,"['DFPC15', 'Dreams/Sleep']",2014-06-20,1412
5104,['Demon/Devil'],2013-07-08,1065
5105,"['Mental Illness', 'Mirrors', 'Dismemberment']",2011-07-22,348
5106,"['Beings', 'Reality']",2012-12-24,869
5107,"['Animals', 'Reality']",2011-03-23,227
5108,['Reality'],2012-01-29,539
5109,"['Ghosts', 'Mental Illness']",2015-02-06,1643
5110,"['Reality', 'Mental Illness', 'Raidra', 'Videos', 'Micropasta']",2014-03-10,1310
5111,['Science'],2013-09-06,1125
5112,"['Beings', 'Mental Illness']",2013-07-14,1071
5113,"['Monsters', 'Micropasta']",2014-06-01,1393
5114,"['Reality', 'Dreams/Sleep', 'Mental Illness', 'FlakyPorcupine']",2013-07-11,1068
5115,"['Places', 'Disappearances']",2014-12-26,1601
5116,['Animals'],2011-03-23,227
5117,"['Dreams/Sleep', 'Beings']",2012-10-04,788
5118,"['Items/Objects', 'Disappearances']",2012-10-13,797
5119,['Beings'],2013-10-24,1173
5120,['Beings'],2012-05-19,650
5121,"['Demon/Devil', 'Micropasta']",2017-12-31,2702
5122,"['Mirrors', 'Beings']",2012-04-10,611
5123,"['Items/Objects', 'Mental Illness']",2018-10-07,2982
5124,['Dreams/Sleep'],2013-04-20,986
5125,"['Dreams/Sleep', 'Ghosts']",2014-03-23,1323
5126,['History'],2014-01-10,1251
5127,"['Items/Objects', 'Mental Illness']",2011-12-11,490
5128,"['Beings', 'Micropasta']",2013-10-06,1155
5129,"['Dreams/Sleep', 'Beings']",2014-02-20,1292
5130,"['Dreams/Sleep', 'Reality']",2014-03-25,1325
5131,"['Spotlighted Pastas', 'Dismemberment', 'Reality', 'Weird']",2022-12-23,4520
5132,"['Disappearances', 'Diary/Journal']",2012-07-28,720
5133,"['Dreams/Sleep', 'Video Games', 'Beings', 'Historical Archive', 'Suggested Reading']",2011-04-23,258
5134,"['Military', 'Science']",2014-02-28,1300
5135,"['Computers and Internet', 'Beings']",2012-10-26,810
5136,"['Television', 'Demon/Devil', 'Mental Illness', 'Photography', 'Postuhenin']",2020-05-28,3581
5137,"['Beings', 'Dismemberment', 'Places']",2015-02-05,1642
5138,['Demon/Devil'],2013-05-14,1010
5139,"['Historical Archive', 'Science', 'Ritual', 'History', 'Dismemberment', 'Memes', 'Music', 'Videos']",2011-11-16,465
5140,"['Beings', 'Dismemberment']",2013-12-07,1217
5141,"['Dismemberment', 'Crime', 'Weird', 'MalumLibrum958']",2022-11-17,4484
5142,['Television'],2024-02-01,4925
5143,"['Dreams/Sleep', 'Beings']",2013-06-17,1044
5144,['Beings'],2012-03-17,587
5145,['Gods'],2013-10-30,1179
5146,['Mental Illness'],2023-09-05,4776
5147,"['Mental Illness', 'Dismemberment', 'Monsters', 'Micropasta']",2015-04-07,1703
5148,['Ghosts'],2015-11-09,1919
5149,"['Mental Illness', 'Dismemberment', 'Weird']",2017-03-05,2401
5150,['Monsters'],2012-05-19,650
5151,"['Places', 'Weird']",2020-10-01,3707
5152,"['Beings', 'Computers and Internet', 'Items/Objects']",2013-09-24,1143
5153,"['Mental Illness', 'Ghosts']",2013-10-26,1175
5154,['Mental Illness'],2015-02-16,1653
5155,"['Music', 'Mental Illness']",2013-11-27,1207
5156,"['Beings', 'Diary/Journal']",2012-05-26,657
5157,"['Icydice', 'Weird', 'Micropasta']",2022-05-19,4302
5158,"['Gods', 'Ritual']",2011-04-21,256
5159,"['Dreams/Sleep', 'Books']",2013-08-21,1109
5160,"['Beings', 'Mirrors', 'Items/Objects', 'Micropasta']",2014-03-15,1315
5161,"['L0CKED334', 'Videos', 'Weird']",2018-08-15,2929
5162,['Monsters'],2020-07-25,3639
5163,"['Ghosts', 'Places']",2015-05-20,1746
5164,"['Demon/Devil', 'NSFW', 'VerminGoat']",2015-02-17,1654
5165,"['Places', 'Ritual', 'Ghosts', 'Historical Archive', 'Vehicles', 'Micropasta']",2010-08-19,11
5166,"['Lovecraftian', 'Monsters', 'Military', 'Science', 'Dreams/Sleep']",2012-12-29,874
5167,"['Beings', 'Places']",2019-11-01,3372
5168,['Historical Archive/PD'],2020-03-18,3510
5169,['PokéMon'],2012-02-22,563
5170,['Computers and Internet'],2013-10-20,1169
5171,"['Mental Illness', 'Reality']",2015-03-27,1692
5172,"['Weird', 'Jdeschene']",2018-10-18,2993
5173,"['Gods', 'Ritual']",2014-08-08,1461
5174,"['Places', 'History']",2013-02-27,934
5175,['Demon/Devil'],2012-06-13,675
5176,"['Places', 'Reality']",2020-11-13,3750
5177,['Beings'],2017-05-08,2465
5178,['Beings'],2013-03-06,941
5179,['Mental Illness'],2012-06-16,678
5180,"['Disappearances', 'Mental Illness', 'Demon/Devil']",2011-08-24,381
5181,"['Demon/Devil', 'Diary/Journal', 'Disappearances']",2013-06-18,1045
5182,"['Dismemberment', 'Mental Illness', 'NSFW', 'Disappearances', 'Places', 'Dark Humour 2017']",2017-02-27,2395
5183,"['Mental Illness', 'Science', 'Computers and Internet', 'Dismemberment']",2013-06-18,1045
5184,"['Mental Illness', 'Demon/Devil']",2013-12-22,1232
5185,"['Mirrors', 'Dreams/Sleep', 'Beings', 'Mental Illness']",2012-05-04,635
5186,['Mental Illness'],2014-08-15,1468
5187,['Beings'],2014-04-14,1345
5188,"['Computers and Internet', 'Dismemberment']",2023-12-15,4877
5189,"['Ghosts', 'Vehicles']",2022-06-11,4325
5190,"['Mental Illness', 'Items/Objects']",2013-08-15,1103
5191,"['Beings', 'Dismemberment']",2020-07-05,3619
5192,"['L0CKED334', 'Places', 'Halloween']",2019-10-15,3355
5193,"['Dreams/Sleep', 'Items/Objects', 'Disappearances', 'Beings']",2020-02-24,3487
5194,['Dreams/Sleep'],2014-07-12,1434
5195,['EAP'],2012-04-30,631
5196,['Demon/Devil'],2014-01-25,1266
5197,"['RTWC23', 'Animals', 'Mmpratt99 deviantart']",2023-07-28,4737
5198,"['Gods', 'Mental Illness', 'Items/Objects']",2014-04-03,1334
5199,['Beings'],2017-10-30,2640
5200,"['Places', 'Ghosts']",2011-07-15,341
5201,"['Places', 'Beings']",2013-04-15,981
5202,['Beings'],2015-06-24,1781
5203,['Animals'],2012-08-21,744
5204,"['Dreams/Sleep', 'Reality', 'Diary/Journal', 'Mental Illness']",2015-11-03,1913
5205,"['Crime', 'Places', 'MalumLibrum958']",2022-11-12,4479
5206,"['Dismemberment', 'Monsters', 'Mental Illness', 'Demon/Devil']",2020-06-18,3602
5207,"['Monsters', 'Diary/Journal']",2013-05-25,1021
5208,['Weird'],2013-05-13,1009
5209,"['Computers and Internet', 'Dreams/Sleep', 'Video Games', 'Beings']",2011-11-25,474
5210,"['Reality', 'Videos', 'Micropasta']",2012-04-14,615
5211,"['Monsters', 'Micropasta']",2015-01-19,1625
5212,"['Beings', 'Reality']",2013-01-23,899
5213,"['Beings', 'Dreams/Sleep']",2012-05-12,643
5214,"['Monsters', 'Dreams/Sleep', 'Micropasta']",2012-08-09,732
5215,['Beings'],2012-05-14,645
5216,"['Mental Illness', 'Micropasta']",2014-09-23,1507
5217,"['Beings', 'Mental Illness', 'Dreams/Sleep']",2010-11-14,98
5218,"['Halloween 2021', 'Halloween', 'Ghosts', 'Monsters', 'Dismemberment', 'Ritual', 'Videos', 'Contest Winner', 'Kolpik']",2021-10-27,4098
5219,"['Ghosts', 'Nature', 'Places', 'Longpasta']",2019-05-28,3215
5220,"['Items/Objects', 'Ritual']",2013-03-25,960
5221,['Monsters'],2012-06-16,678
5222,"['Places', 'Reality', 'Dismemberment\\u200f\\u200e']",2015-04-14,1710
5223,['Television'],2022-02-13,4207
5224,"['Demon/Devil', 'Reality', 'Theory', 'Micropasta']",2011-06-13,309
5225,"['History', 'Dismemberment', 'Monsters']",2020-10-23,3729
5226,"['History', 'Monsters']",2020-11-13,3750
5227,"['Weird', 'Items/Objects']",2023-12-15,4877
5228,['Poetry'],2013-12-01,1211
5229,"['Diary/Journal', 'Ghosts']",2013-08-11,1099
5230,"['Ritual', 'Ghosts', 'Micropasta']",2011-04-21,256
5231,"['Monsters', 'Dreams/Sleep', 'Science', 'Raidra']",2013-09-17,1136
5232,"['Demon/Devil', 'Halloween', 'Dreams/Sleep']",2015-10-31,1910
5233,['Ghosts'],2012-01-31,541
5234,['Ghosts'],2011-09-09,397
5235,"['Dismemberment', 'Science']",2013-08-13,1101
5236,['Mental Illness'],2013-06-21,1048
5237,"['Places', 'Ritual', 'Dreams/Sleep', 'Tewahway', 'Liminal Spaces 2022']",2022-12-09,4506
5238,['Computers and Internet'],2013-05-14,1010
5239,"['Beings', 'Computers and Internet', 'Diary/Journal', 'Longpasta']",2020-11-15,3752
5240,"['Computers and Internet', 'Dreams/Sleep']",2013-11-27,1207
5241,['Video Games'],2011-03-23,227
5242,"['Killahawke1', 'Demon/Devil', 'PotM', 'Suggested Reading']",2018-06-21,2874
5243,"['Beings', 'EmpyrealInvective', 'Videos']",2014-04-12,1343
5244,"['Ghosts', 'Micropasta']",2020-11-08,3745
5245,"['Ghosts', 'Ritual']",2015-04-01,1697
5246,"['History', 'Micropasta']",2023-04-13,4631
5247,"['Television', 'Lost Episodes', 'Micropasta']",2012-12-31,876
5248,"['Disappearances', 'Ghosts', 'AltLang', 'Videos']",2011-06-16,312
5249,"['Dreams/Sleep', 'Historical Archive', 'Micropasta']",2010-08-20,12
5250,"['Ghosts', 'Hospitals']",2021-07-10,3989
5251,"['Reality', 'Weird']",2017-08-16,2565
5252,"['Demon/Devil', 'Disappearances', 'Reality', 'Places']",2013-11-12,1192
5253,['Weird'],2014-06-16,1408
5254,['Ghosts'],2013-07-04,1061
5255,['Monsters'],2012-12-19,864
5256,"['Beings', 'Mental Illness']",2013-04-17,983
5257,"['HPL', 'Poetry']",2012-04-13,614
5258,"['Places', 'Reality']",2012-02-24,565
5259,"['History', 'Places', 'Micropasta']",2011-04-25,260
5260,"['Demon/Devil', 'Nature', 'Places']",2012-04-24,625
5261,"['Mental Illness', 'Animals']",2014-10-30,1544
5262,"['Poetry', 'History']",2014-07-17,1439
5263,"['Lovecraftian', 'Beings', 'Micropasta']",2018-02-21,2754
5264,"['MLycantrope', 'Gods', 'Poetry']",2021-01-03,3801
5265,['Items/Objects'],2012-01-10,520
5266,"['Mental Illness', 'Places']",2015-03-04,1669
5267,"['Floyd Pinkerton', 'Monsters']",2016-01-28,1999
5268,"['Monsters', 'Dismemberment', 'Micropasta']",2013-08-27,1115
5269,['EAP'],2012-04-30,631
5270,"['Mental Illness', 'Science']",2020-10-18,3724
5271,"['Mental Illness', 'Beings']",2020-06-02,3586
5272,"['Beings', 'Computers and Internet', 'D. Compton Ambrose', 'Science', 'Space']",2018-07-31,2914
5273,"['Disappearances', 'Items/Objects', 'Diary/Journal', 'Mental Illness', 'PotM', 'Suggested Reading', 'Longpasta']",2013-07-30,1087
5274,"['Ghosts', 'Micropasta']",2014-08-03,1456
5275,"['Disappearances', 'Ritual', 'Ghosts']",2012-02-22,563
5276,"['Computers and Internet', 'Video Games', 'Dismemberment']",2013-10-12,1161
5277,['Reality'],2011-09-02,390
5278,['Diary/Journal'],2015-11-15,1925
5279,['Reality'],2017-05-26,2483
5280,"['History', 'Disappearances', 'Historical Archive', 'Micropasta']",2010-08-19,11
5281,"['Vehicles', 'Places', 'Weird', 'Beings']",2021-06-08,3957
5282,['Mental Illness'],2011-09-04,392
5283,['Mental Illness'],2014-07-04,1426
5284,['Animals'],2012-02-09,550
5285,['Beings'],2014-02-27,1299
5286,"['Historical Archive', 'Beings', 'Ritual', 'Dismemberment']",2011-03-20,224
5287,"['Historical Archive', 'Places', 'Troll Pasta', 'Memes', 'Photography']",2010-12-13,127
5288,"['Military', 'Micropasta']",2015-03-07,1672
5289,['Books'],2014-02-15,1287
5290,['Dourdan'],2019-06-11,3229
5291,['Beings'],2017-04-29,2456
5292,['Television'],2023-11-25,4857
5293,['Beings'],2012-12-03,848
5294,['Mental Illness'],2016-10-21,2266
5295,"['Vehicles', 'Dismemberment']",2015-06-18,1775
5296,"['We Go Bump 2', 'Beings', 'Weird']",2013-03-14,949
5297,"['Dismemberment', 'Places']",2013-07-02,1059
5298,"['Dreams/Sleep', 'Mental Illness', 'Disappearances', 'Reddit Pastas', 'Micropasta']",2015-02-23,1660
5299,"['Killahawke1', 'Monsters']",2017-01-20,2357
5300,['Lost Episodes'],2011-08-26,383
5301,"['Monsters', 'Mental Illness', 'NSFW']",2013-11-23,1203
5302,"['Beings', 'Memes']",2012-07-03,695
5303,"['Places', 'Monsters']",2013-02-08,915
5304,"['Ghosts', 'Micropasta']",2012-11-29,844
5305,"['EmpyrealInvective', 'Mental Illness', 'Videos']",2014-08-03,1456
5306,['PokéMon'],2012-12-11,856
5307,"['PokéMon', 'Memes']",2011-10-31,449
5308,"['PokéMon', 'Memes', 'Videos', 'Historical Archive', 'Micropasta', 'Music']",2011-04-28,263
5309,"['PokéMon', 'Memes', 'Historical Archive']",2012-01-25,535
5310,"['Reality', 'Beings', 'Micropasta']",2012-10-25,809
5311,"['Mental Illness', 'Micropasta']",2013-05-27,1023
5312,"['Dreams/Sleep', 'Animals', 'Science']",2012-10-06,790
5313,['Weird'],2013-09-28,1147
5314,"['AltLang', 'Ghosts', 'Mental Illness', 'Mmpratt99 deviantart']",2012-03-25,595
5315,"['AltLang', 'Animals', 'Diary/Journal', 'Mmpratt99 deviantart']",2012-04-02,603
5316,"['Crime', 'History', 'Places', 'Items/Objects']",2012-07-03,695
5317,['Monsters'],2014-09-20,1504
5318,"['Reality', 'Science']",2012-09-23,777
5319,"['Monsters', 'Kolpik']",2018-03-17,2778
5320,['Beings'],2014-06-07,1399
5321,['Ghosts'],2021-05-20,3938
5322,"['Items/Objects', 'Disappearances']",2013-07-31,1088
5323,"['Reality', 'Places', 'Dreams/Sleep', 'Crime', 'Jdeschene']",2018-07-10,2893
5324,"['Beings', 'Dreams/Sleep', 'Micropasta']",2011-07-25,351
5325,"['Beings', 'Mental Illness', 'Videos']",2012-07-22,714
5326,"['Disappearances', 'Beings', 'Diary/Journal']",2013-09-28,1147
5327,['Beings'],2014-02-27,1299
5328,['Zelda'],2012-07-31,723
5329,"['Animals', 'Beings', 'Micropasta']",2013-04-19,985
5330,['Demon/Devil'],2014-05-24,1385
5331,['Beings'],2013-08-12,1100
5332,['Lost Episodes'],2014-04-16,1347
5333,['Beings'],2014-01-16,1257
5334,['Beings'],2020-03-02,3494
5335,"['Mental Illness', 'Dreams/Sleep', 'Beings']",2012-11-10,825
5336,"['Monsters', 'Places']",2014-06-21,1413
5337,"['Music', 'Mental Illness', 'Items/Objects']",2012-11-28,843
5338,['Poetry'],2012-05-14,645
5339,"['History', 'Historical Archive', 'Micropasta']",2010-08-16,8
5340,"['Dismemberment', 'Disappearances', 'Television']",2013-10-16,1165
5341,"['Halloween', 'Animals', 'Items/Objects']",2012-11-03,818
5342,"['Computers and Internet', 'Gods', 'Reality', 'Icydice', 'Videos']",2018-02-18,2751
5343,"['Items/Objects', 'Dismemberment']",2013-01-11,887
5344,"['Disappearances', 'Dismemberment', 'Jdeschene']",2021-04-24,3912
5345,"['Weird', 'Micropasta']",2014-04-26,1357
5346,"['TheDoctorFF', 'Beings', 'Items/Objects']",2017-10-29,2639
5347,"['Dismemberment', 'Mental Illness']",2012-03-26,596
5348,"['Ritual', 'Ghosts', 'Disappearances']",2012-07-27,719
5349,"['Reality', 'Dgrady237']",2015-03-29,1694
5350,['Beings'],2014-03-20,1320
5351,"['History', 'Science', 'Dismemberment', 'Military']",2013-03-29,964
5352,['Contest Winner'],2015-02-20,1657
5353,['Items/Objects'],2014-06-14,1406
5354,['Historical Archive/PD'],2018-09-02,2947
5355,"['Reality', 'Theory']",2014-05-30,1391
5356,['Weird'],2021-04-19,3907
5357,['Mental Illness'],2014-06-03,1395
5358,"['Demon/Devil', 'Mental Illness']",2014-11-20,1565
5359,"['Icydice', 'Gods']",2022-09-23,4429
5360,"['HopelessNightOwl', 'Disappearances', 'Places']",2017-07-17,2535
5361,['Mental Illness'],2017-03-07,2403
5362,"['Dismemberment', 'Military', 'Micropasta']",2011-02-28,204
5363,"['Space', 'Lovecraftian']",2020-10-30,3736
5364,"['StalkerShrike', 'Beings', 'Mental Illness', 'Places']",2022-05-27,4310
5365,"['Mental Illness', 'Ghosts', 'Longpasta']",2015-02-20,1657
5366,"['Dismemberment', 'Nature']",2013-08-27,1115
5367,"['Demon/Devil', 'Reality']",2015-02-24,1661
5368,"['Animals', 'Historical Archive', 'Suggested Reading']",2010-08-19,11
5369,"['Television', 'Disappearances']",2014-02-24,1296
5370,"['Beings', 'Reality', 'Micropasta']",2013-02-02,909
5371,"['HPL', 'Poetry']",2012-04-14,615
5372,['Ghosts'],2023-10-15,4816
5373,"['Mental Illness', 'Reality']",2012-08-08,731
5374,['Demon/Devil'],2022-11-15,4482
5375,"['Mental Illness', 'Weird', 'Micropasta']",2012-12-27,872
5376,"['Animals', 'Micropasta']",2012-04-09,610
5377,['Mental Illness'],2014-07-23,1445
5378,"['Gods', 'Reality']",2012-02-25,566
5379,['Mental Illness'],2014-10-13,1527
5380,"['Science', 'Computers and Internet', 'Mental Illness']",2014-12-26,1601
5381,"['Ritual', 'Items/Objects']",2011-08-18,375
5382,"['Places', 'Dreams/Sleep']",2011-10-14,432
5383,"['Theory', 'Reality', 'Micropasta']",2012-06-23,685
5384,"['Dreams/Sleep', 'Animals']",2015-08-18,1836
5385,"['Weird', 'Jdeschene']",2018-07-05,2888
5386,"['Weird', 'Micropasta']",2014-11-27,1572
5387,['Reality'],2017-03-14,2410
5388,['EAP'],2012-04-30,631
5389,"['Demon/Devil', 'Reality', 'Micropasta']",2011-12-26,505
5390,"['Mental Illness', 'Ghosts']",2012-11-10,825
5391,['Items/Objects'],2013-05-08,1004
5392,"['Beings', 'Mental Illness', 'Military', 'Diary/Journal', 'Monsters']",2013-01-04,880
5393,"['Disappearances', 'Items/Objects', 'Cornconic', 'Videos']",2020-05-20,3573
5394,"['Places', 'Ritual', 'Books', 'Historical Archive', 'Micropasta']",2010-08-19,11
5395,"['Ritual', 'Places', 'Historical Archive', 'Suggested Reading']",2011-03-23,227
5396,['Ghosts'],2013-03-08,943
5397,['Photography'],2014-01-08,1249
5398,"['Photography', 'Dreams/Sleep']",2012-07-31,723
5399,"['Science', 'We Go Bump 3', 'Videos', 'Shadowswimmer77']",2014-07-19,1441
5400,"['Reality', 'Beings', 'Micropasta']",2012-02-16,557
5401,['Mental Illness'],2015-03-15,1680
5402,['Mental Illness'],2014-06-10,1402
5403,"['Dreams/Sleep', 'Reality', 'Monsters', 'Micropasta']",2011-05-25,290
5404,"['Beings', 'Disappearances', 'Science']",2015-08-17,1835
5405,"['Lovecraftian', 'Disappearances', 'Animals']",2012-11-16,831
5406,"['Reality', 'TheWizardOfTheWoods', 'Mental Illness']",2019-03-12,3138
5407,['Mental Illness'],2013-11-30,1210
5408,['Mental Illness'],2014-06-11,1403
5409,"['CPWH11', 'Monsters', 'Dismemberment', 'Weird', 'Micropasta']",2011-10-21,439
5410,"['Dismemberment', 'Dreams/Sleep']",2013-08-04,1092
5411,"['Disappearances', 'Crime', 'Dreams/Sleep', 'Mental Illness', 'Monsters']",2012-08-31,754
5412,['Ghosts'],2013-11-29,1209
5413,['Monsters'],2013-08-04,1092
5414,['Demon/Devil'],2012-06-13,675
5415,"['Items/Objects', 'Mental Illness', 'Disappearances']",2014-08-10,1463
5416,"['Mental Illness', 'Micropasta']",2012-05-20,651
5417,"['Dreams/Sleep', 'Beings']",2023-06-08,4687
5418,['Beings'],2013-11-16,1196
5419,"['Mental Illness', 'Cryptids', 'Theory']",2013-07-10,1067
5420,['Beings'],2013-09-11,1130
5421,"['Gods', 'Dreams/Sleep']",2012-04-21,622
5422,['Beings'],2014-02-26,1298
5423,"['HPL', 'Poetry']",2012-04-13,614
5424,"['Beings', 'Mental Illness']",2014-11-09,1554
5425,['Zelda'],2011-03-15,219
5426,"['Zelda', 'AltLang']",2011-04-26,261
5427,"['Zelda', 'Micropasta']",2012-08-10,733
5428,['Ghosts'],2013-07-27,1084
5429,"['Disappearances', 'Dreams/Sleep', 'Diary/Journal']",2012-03-11,581
5430,['EAP'],2012-04-30,631
5431,"['Mental Illness', 'NSFW']",2017-02-16,2384
5432,['Weird'],2016-12-23,2329
5433,['Items/Objects'],2012-07-15,707
5434,"['Computers and Internet', 'Items/Objects', 'Micropasta']",2012-03-10,580
5435,"['Places', 'Beings', 'Dismemberment']",2015-05-07,1733
5436,"['Ritual', 'Weird']",2012-09-05,759
5437,"['Items/Objects', 'Beings', 'Television']",2011-11-11,460
5438,['Mental Illness'],2013-08-29,1117
5439,"['Animals', 'Poetry', 'Cornconic', 'Videos']",2019-06-27,3245
5440,"['Demon/Devil', 'Places', 'Dismemberment']",2013-03-15,950
5441,"['Dreams/Sleep', 'Halloween', 'Umbrello', 'Videos', 'We Go Bump 3']",2014-10-16,1530
5442,"['Items/Objects', 'Demon/Devil']",2014-04-01,1332
5443,"['Mental Illness', 'Ghosts']",2014-06-04,1396
5444,['Beings'],2014-04-04,1335
5445,['Video Games'],2013-11-19,1199
5446,"['Videos', 'Reality', 'Disappearances']",2011-10-17,435
5447,"['Animals', 'Beings']",2014-03-12,1312
5448,"['Weird', 'Mental Illness']",2020-12-30,3797
5449,"['Places', 'Crime']",2012-02-24,565
5450,"['Items/Objects', 'Beings', 'Books', 'Dreams/Sleep']",2015-08-03,1821
5451,['Ghosts'],2013-05-20,1016
5452,"['Beings', 'Books', 'Places', 'MalumLibrum958']",2022-11-22,4489
5453,"['Historical Archive/PD', 'Poetry']",2018-05-19,2841
5454,['Ghosts'],2017-02-24,2392
5455,['Ghosts'],2013-04-08,974
5456,"['Dreams/Sleep', 'Mental Illness']",2014-10-18,1532
5457,"['Nature', 'Beings']",2020-02-17,3480
5458,['Ghosts'],2018-08-01,2915
5459,"['Mental Illness', 'Reality']",2014-06-28,1420
5460,['Music'],2013-08-22,1110
5461,"['Diary/Journal', 'Dreams/Sleep']",2013-10-15,1164
5462,"['Mental Illness', 'Reality', 'Science']",2014-09-03,1487
5463,"['Mental Illness', 'Dismemberment', 'Items/Objects']",2012-06-18,680
5464,['Ghosts'],2014-03-27,1327
5465,"['Weird', 'Jdeschene']",2018-06-06,2859
5466,"['Dismemberment', 'Disappearances', 'Television']",2018-01-04,2706
5467,['Diary/Journal'],2013-03-10,945
5468,"['Ghosts', 'AltLang']",2011-06-16,312
5469,"['Mental Illness', 'NSFW']",2016-11-18,2294
5470,['Mental Illness'],2012-07-21,713
5471,"['Monsters', 'Reality']",2014-05-24,1385
5472,"['EmpyrealInvective', 'Items/Objects', 'NSFW']",2020-03-17,3509
5473,"['Beings', 'Dreams/Sleep']",2016-03-17,2048
5474,"['Monsters', 'Micropasta']",2013-12-08,1218
5475,"['Mental Illness', 'Videos', 'Dismemberment', 'Disappearances', 'Longpasta']",2018-06-11,2864
5476,"['Mental Illness', 'Videos', 'Disappearances', 'Longpasta']",2018-06-11,2864
5477,"['Mental Illness', 'Reality']",2012-06-09,671
5478,['Mental Illness'],2014-08-11,1464
5479,['Demon/Devil'],2015-08-02,1820
5480,"['Diary/Journal', 'Disappearances']",2014-04-04,1335
5481,"['Monsters', 'Places']",2014-09-15,1499
5482,"['Animals', 'Ghosts']",2013-07-18,1075
5483,"['Mental Illness', 'Dismemberment']",2013-01-17,893
5484,"['Space', 'Beings', 'Nature']",2015-02-17,1654
5485,"['Beings', 'Nature', 'Items/Objects', 'Reality']",2011-09-25,413
5486,"['Reality', 'Micropasta']",2011-04-21,256
5487,"['Ghosts', 'History']",2013-07-15,1072
5488,"['Beings', 'Dismemberment']",2014-08-31,1484
5489,"['Places', 'Ritual', 'Micropasta']",2012-11-02,817
5490,['Ghosts'],2013-11-29,1209
5491,"['Poetry', 'Mental Illness']",2023-10-05,4806
5492,"['Mental Illness', 'Diary/Journal']",2013-11-16,1196
5493,['Beings'],2014-08-13,1466
5494,['Places'],2013-01-06,882
5495,['Hospitals'],2021-03-01,3858
5496,"['Vehicles', 'Places', 'Dreams/Sleep']",2018-10-25,3000
5497,"['Items/Objects', 'Beings', 'Demon/Devil']",2023-06-13,4692
5498,"['Beings', 'Music']",2013-06-28,1055
5499,"['Animals', 'Ghosts', 'Items/Objects', 'Places']",2011-10-21,439
5500,['Dreams/Sleep'],2017-03-21,2417
5501,"['Theory', 'Mirrors']",2020-11-03,3740
5502,"['Beings', 'Computers and Internet']",2015-02-17,1654
5503,"['Beings', 'Mental Illness']",2018-06-25,2878
5504,['Weird'],2021-03-01,3858
5505,['Weird'],2018-12-28,3064
5506,"['Ghosts', 'Places']",2013-03-19,954
5507,"['Gods', 'Places', 'Dark Humour 2017']",2017-02-12,2380
5508,"['Beings', 'Diary/Journal', 'Mental Illness']",2011-12-04,483
5509,"['HumboldtLycanthrope', 'Monsters', 'Places']",2015-02-03,1640
5510,"['Ghosts', 'Reality']",2013-03-24,959
5511,"['Weird', 'Dreams/Sleep', 'Mental Illness']",2013-07-10,1067
5512,"['Lovecraftian', 'Beings', 'Reality', 'Places', 'Diary/Journal', 'Dismemberment', 'Mental Illness']",2017-08-05,2554
5513,"['Disappearances', 'Ghosts', 'Nature', 'SnakeTongue237']",2016-02-06,2008
5514,"['Disappearances', 'Demon/Devil', 'Computers and Internet']",2015-12-14,1954
5515,"['Mental Illness', 'Diary/Journal']",2018-08-17,2931
5516,['Mental Illness'],2014-01-07,1248
5517,"['Disappearances', 'Reality', 'Weird']",2014-09-02,1486
5518,['EAP'],2012-04-30,631
5519,"['Video Games', 'Ritual']",2016-03-24,2055
5520,['PokéMon'],2011-09-10,398
5521,"['Ghosts', 'Hospitals', 'Reality', 'Jdeschene']",2020-07-19,3633
5522,"['Weird', 'Items/Objects', 'Jdeschene', 'Videos']",2018-04-13,2805
5523,"['Science', 'Space', 'Micropasta']",2011-06-21,317
5524,"['Appealed Spinoffs', 'HopelessNightOwl', 'Lost Episodes', 'PotM', 'Longpasta']",2019-04-24,3181
5525,"['Ghosts', 'Disappearances', 'Videos', 'Items/Objects']",2018-09-11,2956
5526,"['Ghosts', 'Dismemberment']",2012-03-22,592
5527,"['Lovecraftian', 'Places', 'RCainTales']",2019-09-28,3338
5528,"['NSFW', 'Places', 'Mental Illness']",2013-11-02,1182
5529,['Diary/Journal'],2013-07-04,1061
5530,"['Appealed Spinoffs', 'Lost Episodes', 'Television', 'Weird']",2023-03-18,4605
5531,"['ClericofMadness', 'Items/Objects', 'Micropasta']",2011-03-31,235
5532,['Places'],2013-03-12,947
5533,"['Disappearances', 'Places', 'HopelessNightOwl', 'Micropasta']",2018-02-06,2739
5534,"['Mental Illness', 'Places']",2016-07-01,2154
5535,"['Beings', 'Dreams/Sleep']",2013-10-25,1174
5536,"['Nature', 'Disappearances']",2018-01-10,2712
5537,['Places'],2013-02-23,930
5538,"['Disappearances', 'Dreams/Sleep', 'Mental Illness', 'Reality', 'Tewahway', 'Videos']",2021-12-26,4158
5539,"['Ghosts', 'PotM']",2011-03-05,209
5540,['Beings'],2016-01-15,1986
5541,"['Demon/Devil', 'Dismemberment', 'NSFW']",2019-11-22,3393
5542,['Mental Illness'],2013-08-07,1095
5543,"['Mental Illness', 'Reality']",2013-09-08,1127
5544,"['NSFW', 'Beings', 'Weird']",2020-06-27,3611
5545,['NSFW'],2012-03-24,594
5546,"['Dismemberment', 'Items/Objects']",2016-11-08,2284
5547,['Mental Illness'],2015-09-04,1853
5548,"['Mental Illness', 'Dismemberment']",2012-05-01,632
5549,['Mental Illness'],2012-03-06,576
5550,['Beings'],2013-10-28,1177
5551,['Ghosts'],2013-03-18,953
5552,['Ghosts'],2013-07-26,1083
5553,"['Ritual', 'Places']",2012-04-24,625
5554,"['Disappearances', 'Beings']",2012-01-17,527
5555,"['Demon/Devil', 'Dourdan']",2019-01-09,3076
5556,['Mental Illness'],2012-12-03,848
5557,"['Reality', 'Mental Illness']",2013-08-18,1106
5558,"['Diary/Journal', 'Reality', 'Mental Illness']",2013-05-05,1001
5559,"['Science', 'Hospitals']",2018-05-31,2853
5560,['HPL'],2012-03-21,591
5561,"['Mental Illness', 'Reality']",2013-06-14,1041
5562,"['Ghosts', 'Items/Objects', 'Music']",2011-09-16,404
5563,"['Mental Illness', 'Micropasta']",2011-09-04,392
5564,"['Dreams/Sleep', 'MakRalston', 'Weird']",2021-05-05,3923
5565,"['Mental Illness', 'Computers and Internet']",2013-02-19,926
5566,['Mental Illness'],2022-09-29,4435
5567,['Mental Illness'],2014-11-16,1561
5568,"['Tiololo', 'Reality', 'Weird', 'Micropasta']",2015-08-17,1835
5569,"['Places', 'Beings']",2014-06-19,1411
5570,"['NSFW', 'Beings']",2013-10-27,1176
5571,"['Dreams/Sleep', 'Beings']",2012-07-02,694
5572,"['Dreams/Sleep', 'Beings']",2013-07-31,1088
5573,"['Theory', 'Mental Illness', 'Dreams/Sleep']",2012-06-07,669
5574,"['Mental Illness', 'Reality']",2015-05-09,1735
5575,"['Diary/Journal', 'Beings', 'Lovecraftian', 'Dreams/Sleep']",2017-06-02,2490
5576,['Dreams/Sleep'],2013-05-23,1019
5577,"['Science', 'Beings']",2021-10-24,4095
5578,"['Demon/Devil', 'CPWDemonDevil2015', 'Dgrady237']",2015-07-15,1802
5579,"['Mental Illness', 'Monsters']",2014-03-21,1321
5580,"['Dismemberment', 'Mental Illness']",2012-01-15,525
5581,"['Historical Archive', 'Beings', 'Reality', 'Micropasta']",2011-03-21,225
5582,['Disappearances'],2020-01-18,3450
5583,"['Mental Illness', 'Beings']",2013-10-05,1154
5584,['Demon/Devil'],2014-07-02,1424
5585,"['Demon/Devil', 'Dismemberment', 'Dreams/Sleep']",2013-04-22,988
5586,"['Beings', 'Crime']",2017-02-24,2392
5587,"['Monsters', 'Items/Objects']",2013-08-16,1104
5588,['Ritual'],2012-12-04,849
5589,"['Places', 'Mental Illness']",2015-03-28,1693
5590,"['Diary/Journal', 'Weird']",2014-10-24,1538
5591,['Mental Illness'],2015-11-06,1916
5592,"['Ghosts', 'Items/Objects', 'Micropasta']",2013-09-04,1123
5593,"['Video Games', 'Videos', 'Memes']",2011-07-02,328
5594,['Space'],2018-10-20,2995
5595,"['Weird', 'Animals']",2013-07-15,1072
5596,"['Beings', 'Disappearances']",2013-07-25,1082
5597,['Computers and Internet'],2017-11-08,2649
5598,['Mental Illness'],2011-12-10,489
5599,['Diary/Journal'],2013-12-01,1211
5600,"['Theory', 'Weird', 'Micropasta']",2012-11-09,824
5601,"['Beings', 'Ritual', 'Micropasta']",2013-07-17,1074
5602,['Demon/Devil'],2013-08-04,1092
5603,"['Dreams/Sleep', 'Reality', 'CPWSong2015']",2015-05-28,1754
5604,['Demon/Devil'],2018-12-08,3044
5605,"['Ghosts', 'Vehicles']",2019-05-03,3190
5606,"['Disappearances', 'Dismemberment', 'History', 'Monsters', 'Places']",2012-02-01,542
5607,"['Ghosts', 'Animals', 'Micropasta']",2012-11-30,845
5608,"['Mental Illness', 'Reality']",2014-04-09,1340
5609,"['Computers and Internet', 'Diary/Journal', 'Music']",2016-11-20,2296
5610,['Computers and Internet'],2012-06-25,687
5611,"['PotM', 'History', 'Military', 'Beings']",2023-06-20,4699
5612,"['Military', 'Disappearances', 'Theory', 'Mental Illness', 'NSFW']",2012-01-29,539
5613,['PokéMon'],2011-04-01,236
5614,"['Video Games', 'Historical Archive', 'Memes']",2011-03-06,210
5615,"['Diary/Journal', 'Computers and Internet']",2013-02-12,919
5616,"['Science', 'History', 'Reality', 'Military']",2012-11-11,826
5617,"['Items/Objects', 'Music', 'Beings']",2020-10-17,3723
5618,['EAP'],2012-04-30,631
5619,"['Beings', 'Disappearances']",2013-03-03,938
5620,"['Weird', 'Places']",2015-06-01,1758
5621,"['Mental Illness', 'Dismemberment']",2014-06-28,1420
5622,"['Computers and Internet', 'Diary/Journal', 'Beings', 'Weird']",2023-11-07,4839
5623,"['Crime', 'Beings', 'Diary/Journal', 'Weird']",2023-11-27,4859
5624,"['Science', 'Space', 'Theory']",2012-07-07,699
5625,"['Reality', 'Dismemberment', 'Mental Illness']",2013-09-09,1128
5626,"['Dismemberment', 'Disappearances', 'Mental Illness']",2014-03-07,1307
5627,['Video Games'],2012-08-27,750
5628,['Mental Illness'],2017-05-25,2482
5629,"['History', 'Military', 'Diary/Journal', 'Animals']",2021-04-14,3902
5630,"['AustinDR', 'Beings', 'Lovecraftian', 'Videos']",2019-12-01,3402
5631,"['Computers and Internet', 'Video Games']",2019-09-18,3328
5632,"['Dismemberment', 'Places', 'Mental Illness', 'Longpasta']",2015-09-14,1863
5633,"['Reality', 'Beings']",2011-03-24,228
5634,"['Demon/Devil', 'Places', 'Mental Illness']",2014-03-31,1331
5635,"['MJTR', 'Computers and Internet']",2018-12-01,3037
5636,"['Memes', 'Zelda']",2010-11-08,92
5637,"['Weird', 'Dismemberment', 'Mental Illness', 'Military']",2014-10-17,1531
5638,['Beings'],2014-08-15,1468
5639,['Mental Illness'],2014-06-10,1402
5640,"['Ritual', 'Monsters']",2014-09-15,1499
5641,"['Reality', 'Historical Archive']",2010-08-18,10
5642,"['Poetry', 'Gods']",2014-01-20,1261
5643,"['Diary/Journal', 'Mental Illness', 'Science']",2013-09-27,1146
5644,"['Computers and Internet', 'Beings']",2013-02-21,928
5645,"['Disappearances', 'Beings']",2013-09-21,1140
5646,['Contest Winner'],2015-02-20,1657
5647,"['Computers and Internet', 'Reality']",2015-07-10,1797
5648,"['Mental Illness', 'NSFW', 'Reality']",2013-10-23,1172
5649,"['Weird', 'Jdeschene']",2020-07-12,3626
5650,"['Mental Illness', 'AustinDR', 'Micropasta']",2019-10-18,3358
5651,['Ghosts'],2012-11-16,831
5652,"['Animals', 'Reality']",2015-02-05,1642
5653,"['Music', 'Computers and Internet']",2015-06-19,1776
5654,"['Animals', 'Dismemberment']",2013-01-11,887
5655,['Mental Illness'],2012-06-02,664
5656,"['Beings', 'Space', 'Diary/Journal']",2014-11-14,1559
5657,['Mental Illness'],2013-07-25,1082
5658,['Historical Archive/PD'],2018-06-19,2872
5659,"['Animals', 'Weird', 'MalumLibrum958']",2022-11-08,4475
5660,['Weird'],2016-03-25,2056
5661,['Ghosts'],2013-10-10,1159
5662,['Ghosts'],2012-03-08,578
5663,"['Reddit Pastas', 'Beings']",2016-10-17,2262
5664,['Beings'],2013-10-27,1176
5665,"['Items/Objects', 'Beings']",2014-03-05,1305
5666,['Beings'],2014-09-21,1505
5667,"['Poetry', 'Beings', 'Vehicles']",2012-01-24,534
5668,"['Appealed Spinoffs', 'Computers and Internet', 'Items/Objects']",2014-05-16,1377
5669,"['Beings', 'Mental Illness']",2013-10-19,1168
5670,"['Military', 'Beings']",2013-01-06,882
5671,"['Beings', 'Books']",2012-05-11,642
5672,"['Space', 'Cryptids', 'Reality', 'Science', 'Mental Illness']",2012-04-16,617
5673,['Places'],2012-04-16,617
5674,['Diary/Journal'],2014-08-15,1468
5675,"['DrBobSmith', 'Mental Illness', 'Dismemberment', 'Gods']",2019-08-08,3287
5676,"['AltLang', 'Military', 'Reality']",2012-12-06,851
5677,"['Floyd Pinkerton', 'Beings']",2018-04-27,2819
5678,"['Disappearances', 'Nature', 'Military', 'Places', 'Science']",2013-08-30,1118
5679,['Mental Illness'],2015-12-04,1944
5680,"['Monsters', 'Places', 'Diary/Journal']",2014-10-09,1523
5681,"['Video Games', 'Dismemberment']",2023-12-01,4863
5682,"['Mirrors', 'Ghosts']",2012-08-24,747
5683,"['Animals', 'Lovecraftian']",2017-01-06,2343
5684,['Historical Archive/PD'],2018-06-26,2879
5685,"['Disappearances', 'Reality']",2017-01-23,2360
5686,['Computers and Internet'],2015-03-03,1668
5687,['Mental Illness'],2013-10-23,1172
5688,"['Ritual', 'Demon/Devil']",2021-04-24,3912
5689,"['Computers and Internet', 'Beings']",2014-09-13,1497
5690,['Mental Illness'],2012-09-29,783
5691,"['Disappearances', 'Mental Illness']",2016-11-08,2284
5692,"['Disappearances', 'Mental Illness']",2013-05-14,1010
5693,"['Cryptids', 'Diary/Journal']",2014-01-26,1267
5694,['Historical Archive/PD'],2020-04-21,3544
5695,['Monsters'],2014-06-04,1396
5696,['Weird'],2011-11-24,473
5697,['Mental Illness'],2012-09-02,756
5698,['Monsters'],2013-11-27,1207
5699,"['Ghosts', 'Places']",2011-12-18,497
5700,['Gods'],2018-05-02,2824
5701,"['Mental Illness', 'Micropasta']",2012-10-27,811
5702,"['Mental Illness', 'Items/Objects']",2014-05-21,1382
5703,"['Beings', 'Mirrors']",2019-03-25,3151
5704,['Mental Illness'],2013-10-05,1154
5705,['Mirrors'],2017-12-20,2691
5706,"['Mental Illness', 'History', 'Micropasta']",2012-06-08,670
5707,['Beings'],2013-08-23,1111
5708,"['Cryptids', 'Disappearances', 'Nature', 'Shadowswimmer77']",2023-07-25,4734
5709,"['Items/Objects', 'Gods', 'Mirrors', 'Ritual', 'Tewahway']",2022-02-16,4210
5710,['Dismemberment'],2016-05-17,2109
5711,"['Photography', 'Videos', 'Micropasta']",2012-07-04,696
5712,"['Beings', 'Theory', 'Reality', 'Micropasta']",2011-10-23,441
5713,"['Items/Objects', 'Raidra', 'Videos']",2015-01-12,1618
5714,"['Dreams/Sleep', 'Disappearances', 'Beings']",2013-08-31,1119
5715,"['Mental Illness', 'Hospitals']",2013-09-19,1138
5716,"['Dismemberment', 'Micropasta']",2012-04-29,630
5717,['Computers and Internet'],2014-02-09,1281
5718,['Beings'],2019-08-02,3281
5719,"['Monsters', 'D. Compton Ambrose']",2020-12-21,3788
5720,"['Historical Archive', 'Suggested Reading', 'Dreams/Sleep', 'Monsters', 'Memes']",2011-12-29,508
5721,['Weird'],2018-05-01,2823
5722,['Beings'],2014-01-29,1270
5723,"['Diary/Journal', 'Beings']",2014-01-13,1254
5724,['Dreams/Sleep'],2013-08-29,1117
5725,"['Gods', 'Reality', 'Music', 'Jdeschene']",2020-04-27,3550
5726,"['Diary/Journal', 'Science']",2014-12-24,1599
5727,['Monsters'],2019-06-22,3240
5728,"['Places', 'Science', 'Longpasta']",2012-09-22,776
5729,['Video Games'],2013-05-21,1017
5730,['Poetry'],2012-12-13,858
5731,"['Nature', 'Places']",2014-07-04,1426
5732,"['Mental Illness', 'NSFW', 'Dismemberment']",2011-02-28,204
5733,"['Ghosts', 'Dreams/Sleep']",2013-07-13,1070
5734,"['Beings', 'Dreams/Sleep']",2012-07-22,714
5735,"['Items/Objects', 'Videos']",2013-11-19,1199
5736,['Beings'],2015-03-24,1689
5737,"['Beings', 'Nature']",2011-03-23,227
5738,"['Theory', 'Micropasta']",2011-10-11,429
5739,['Items/Objects'],2013-12-13,1223
5740,['Beings'],2017-05-01,2458
5741,"['Weird', 'Icydice', 'Micropasta']",2022-06-16,4330
5742,['Food'],2023-03-15,4602
5743,['Dismemberment'],2020-12-03,3770
5744,"['Computers and Internet', 'Beings', 'Poetry']",2012-05-12,643
5745,"[""The Vesper's Bell"", 'Beings', 'Dismemberment', 'Lovecraftian', 'Television']",2021-08-07,4017
5746,['Ghosts'],2013-12-13,1223
5747,['Dreams/Sleep'],2013-07-08,1065
5748,"['Dismemberment', 'Hospitals', 'Mental Illness', 'Science', 'TheWizardOfTheWoods']",2018-08-19,2933
5749,"['Wheel of Misfortune 2022', 'Hospitals', 'Mental Illness', 'Micropasta']",2022-04-14,4267
5750,"['Diary/Journal', 'Monsters', 'Mental Illness', 'The Hooded Werewolf']",2014-02-20,1292
5751,"['Mental Illness', 'Diary/Journal', 'Micropasta']",2015-06-11,1768
5752,"['Mental Illness', 'Disappearances']",2013-08-30,1118
5753,['HPL'],2015-10-15,1894
5754,"['PotM', 'Reality', 'Videos']",2014-02-12,1284
5755,['Mental Illness'],2012-07-21,713
5756,"['Beings', 'Computers and Internet', 'Dismemberment', 'Historical Archive']",2010-11-07,91
5757,"['Items/Objects', 'Collab', 'Longpasta']",2014-09-01,1485
5758,"['Demon/Devil', 'Dreams/Sleep']",2015-08-04,1822
5759,"['Weird', 'Vehicles', 'Crime']",2023-07-12,4721
5760,"['Mental Illness', 'Dismemberment', 'Science']",2012-05-10,641
5761,"['Items/Objects', 'History', 'DrBobSmith', 'Military', 'Reality']",2018-06-22,2875
5762,['Beings'],2014-06-11,1403
5763,['EAP'],2012-04-30,631
5764,"['Ghosts', 'Dreams/Sleep', 'Historical Archive']",2010-08-17,9
5765,['Music'],2013-12-10,1220
5766,['PokéMon'],2012-01-18,528
5767,"['Beings', 'Ritual']",2023-04-20,4638
5768,['Mental Illness'],2012-10-27,811
5769,"['Video Games', 'Demon/Devil']",2014-05-20,1381
5770,"['Reality', 'Umbrello', 'Videos']",2014-12-20,1595
5771,"['Mental Illness', 'Theory']",2013-03-12,947
5772,"['Nature', 'Weird']",2023-10-04,4805
5773,"['Computers and Internet', 'Mental Illness', 'NSFW', 'Diary/Journal', 'Disappearances']",2015-01-29,1635
5774,"['Computers and Internet', 'Mental Illness', 'NSFW']",2015-01-29,1635
5775,"['Computers and Internet', 'Mental Illness', 'NSFW']",2015-01-29,1635
5776,"['Computers and Internet', 'Mental Illness', 'NSFW']",2015-01-29,1635
5777,['Mental Illness'],2012-05-28,659
5778,"['Dismemberment', 'Ghosts', 'Mental Illness']",2012-06-20,682
5779,"['Ghosts', 'Mental Illness']",2017-06-11,2499
5780,['Dismemberment'],2013-12-16,1226
5781,"['Dreams/Sleep', 'Beings']",2014-10-31,1545
5782,"['Beings', 'HPL', 'Places']",2012-03-30,600
5783,['Diary/Journal'],2012-04-28,629
5784,"['Mental Illness', 'Dreams/Sleep']",2014-06-27,1419
5785,"['Demon/Devil', 'Theory']",2013-04-30,996
5786,['Video Games'],2013-01-18,894
5787,"['Tiololo', 'Beings']",2015-06-09,1766
5788,"['Mental Illness', 'Hospitals']",2018-02-21,2754
5789,"['Animals', 'Beings', 'Photography']",2013-02-14,921
5790,['Mental Illness'],2012-08-09,732
5791,['Mental Illness'],2013-10-05,1154
5792,"['Memes', 'Computers and Internet', 'Videos', 'Historical Archive', 'Micropasta']",2010-08-08,0
5793,"['Ghosts', 'History']",2012-04-12,613
5794,['Ghosts'],2018-10-05,2980
5795,"['Monsters', 'Dreams/Sleep']",2014-08-15,1468
5796,"['Dismemberment', 'Monsters', 'Disappearances', 'Christmas']",2012-12-24,869
5797,"['Dismemberment', 'Beings', 'Longpasta']",2020-11-08,3745
5798,['EAP'],2012-04-30,631
5799,['Beings'],2016-04-21,2083
5800,"['Beings', 'Mental Illness', 'Reality']",2013-03-25,960
5801,['Science'],2014-02-20,1292
5802,"['Monsters', 'Kafka', 'Longpasta']",2013-02-18,925
5803,"['Mental Illness', 'Mental Illness']",2014-12-15,1590
5804,"['Reality', 'Space', 'Science', 'Dismemberment', 'Beings']",2010-11-28,112
5805,"['Ghosts', 'Places']",2013-11-21,1201
5806,['EAP'],2012-04-30,631
5807,['PokéMon'],2012-11-12,827
5808,['Beings'],2012-08-15,738
5809,"['Mental Illness', 'Dismemberment']",2013-08-08,1096
5810,"['Beings', 'Historical Archive']",2011-03-13,217
5811,['Science'],2011-03-21,225
5812,"['Mental Illness', 'Dismemberment']",2015-03-15,1680
5813,['Mental Illness'],2014-07-16,1438
5814,"['Lost Episodes', 'Memes']",2013-10-22,1171
5815,"['Places', 'Ghosts', 'History']",2012-02-25,566
5816,['Zelda'],2013-04-22,988
5817,['Beings'],2021-01-05,3803
5818,"['Monsters', 'Mental Illness']",2011-10-13,431
5819,"['Computers and Internet', 'Diary/Journal', 'Music']",2012-06-07,669
5820,"['Beings', 'Items/Objects', 'Dreams/Sleep', 'Music']",2013-11-29,1209
5821,['Beings'],2014-09-12,1496
5822,['Beings'],2015-01-04,1610
5823,"['Beings', 'Ritual', 'Dismemberment', 'Historical Archive']",2012-01-27,537
5824,['Items/Objects'],2013-07-24,1081
5825,[' Dreams/Sleep'],2014-02-21,1293
5826,"['Ghosts', 'Nature', 'Jdeschene', 'Videos']",2018-04-28,2820
5827,"['Weird', 'Dreams/Sleep', 'Micropasta']",2013-01-22,898
5828,"['Beings', 'Historical Archive', 'NSFW', 'Reality', 'Suggested Reading']",2010-09-30,53
5829,"['Beings', 'Places']",2013-08-29,1117
5830,['Mental Illness'],2019-03-25,3151
5831,"['Places', 'Demon/Devil', 'Animals', 'Historical Archive', 'Reality']",2011-03-23,227
5832,['Beings'],2018-01-09,2711
5833,"['Weird', 'NSFW']",2013-02-23,930
5834,['Mental Illness'],2014-04-27,1358
5835,"['Christmas', 'Items/Objects']",2013-12-07,1217
5836,"['Reddit Pastas', 'Animals', 'Photography']",2017-08-30,2579
5837,"['Tiololo', 'Mental Illness', 'Dismemberment', 'Micropasta']",2014-06-17,1409
5838,"['Mental Illness', 'Science']",2014-06-27,1419
5839,"['Diary/Journal', 'Beings']",2015-04-20,1716
5840,['Places'],2012-10-20,804
5841,"['Monsters', 'MalumLibrum958']",2022-11-19,4486
5842,['Beings'],2023-06-30,4709
5843,[' Mirrors'],2014-05-18,1379
5844,"['Beings', 'Science']",2013-06-26,1053
5845,"['Beings', 'Science', 'Military']",2013-06-26,1053
5846,"['Diary/Journal', 'Mental Illness', 'Nature']",2020-08-19,3664
5847,['Beings'],2011-12-02,481
5848,"['Computers and Internet', 'Beings']",2012-12-14,859
5849,"['GreyOwl', 'Monsters', 'Items/Objects', 'Mental Illness', 'Dismemberment', 'Mirrors', 'Videos']",2014-09-10,1494
5850,"['Reality', 'Beings']",2013-02-26,933
5851,['Mirrors'],2011-09-18,406
5852,"['Dismemberment', 'Weird', 'Micropasta']",2020-11-07,3744
5853,"['Beings', 'Places', 'Reality', 'Mirrors', 'Historical Archive']",2012-01-25,535
5854,"['Ritual', 'Mirrors', 'Historical Archive', 'Items/Objects']",2010-11-07,91
5855,['Ghosts'],2013-08-14,1102
5856,"['Mirrors', 'Micropasta']",2014-02-09,1281
5857,['Mirrors'],2015-07-24,1811
5858,"['Beings', 'Mirrors', 'Mental Illness']",2013-05-12,1008
5859,"['STTWC15', 'Mirrors', 'Reality', 'Disappearances']",2015-04-16,1712
5860,"['Mirrors', 'Micropasta']",2016-09-16,2231
5861,['Mirrors'],2016-07-01,2154
5862,"['Mirrors', 'Reality', 'Ritual', 'Micropasta']",2014-10-27,1541
5863,"['Mirrors', 'Ritual', 'Demon/Devil', 'Reality', 'Micropasta']",2011-08-06,363
5864,['Mirrors'],2015-02-21,1658
5865,"['Theory', 'Mirrors', 'Reality', 'Micropasta']",2014-08-29,1482
5866,"['Mirrors', 'Micropasta']",2011-03-23,227
5867,"['Mirrors', 'Beings', 'Micropasta']",2013-08-29,1117
5868,['Mirrors'],2015-10-16,1895
5869,"['Places', 'Beings', 'WriterJosh']",2015-01-14,1620
5870,['Diary/Journal'],2013-12-02,1212
5871,"['Ritual', 'Books', 'Monsters', 'Videos', 'Kolpik', 'Cruel Fate 2020']",2020-02-11,3474
5872,"['Video Games', 'Videos']",2012-12-03,848
5873,"['Ghosts', 'Items/Objects', 'Mental Illness']",2017-10-19,2629
5874,"['Mental Illness', 'Nature', 'Places']",2020-08-03,3648
5875,"['Demon/Devil', 'Dismemberment', 'Items/Objects', 'Animals', 'Diary/Journal']",2021-07-26,4005
5876,"['Animals', 'Ghosts', 'Demon/Devil', 'Disappearances']",2021-09-25,4066
5877,"['Poetry', 'Science', 'Dismemberment']",2012-05-16,647
5878,['Television'],2013-12-11,1221
5879,"['Animals', 'Disappearances']",2021-05-27,3945
5880,"['Places', 'Weird']",2017-09-30,2610
5881,['Monsters'],2012-02-18,559
5882,"['Items/Objects', 'Dreams/Sleep', 'Disappearances']",2012-03-09,579
5883,"['Historical Archive', 'Beings', 'Disappearances']",2011-07-02,328
5884,"['CertainShadows', 'Disappearances', 'Mental Illness', 'Videos']",2020-04-19,3542
5885,"['Monsters', 'Disappearances', 'Places']",2012-04-07,608
5886,['Monsters'],2013-08-31,1119
5887,"['Mental Illness', 'Disappearances']",2015-10-26,1905
5888,"['Ghosts', 'Dreams/Sleep', 'Places']",2019-08-28,3307
5889,"['Military', 'Monsters', 'Reality']",2013-07-21,1078
5890,"['Videos', 'D. Compton Ambrose', 'Mental Illness', 'Space', 'Longpasta']",2017-12-17,2688
5891,['Monsters'],2014-09-26,1510
5892,"['PotM', 'RedNovaTyrant', 'Crime', 'Diary/Journal', 'Dismemberment', 'Ghosts', 'NSFW', 'Videos', 'Longpasta']",2020-01-21,3453
5893,"['Demon/Devil', 'Mental Illness']",2014-02-21,1293
5894,['Ghosts'],2014-05-31,1392
5895,"['Monsters', 'Jdeschene', 'Videos']",2020-07-31,3645
5896,"['Mental Illness', 'Reality', 'D. Compton Ambrose']",2019-02-15,3113
5897,['Dreams/Sleep'],2014-05-03,1364
5898,['Beings'],2013-07-10,1067
5899,"['Beings', 'Places', 'Dismemberment']",2014-05-12,1373
5900,"['Beings', 'Places']",2021-12-14,4146
5901,"['Ghosts', 'Animals|Mittens', 'Dreams/Sleep']",2013-06-03,1030
5902,['Demon/Devil'],2012-08-22,745
5903,['Computers and Internet'],2012-08-09,732
5904,"['Computers and Internet', 'NSFW']",2013-02-02,909
5905,"['Stormlilly', 'Weird', 'Nature']",2013-09-30,1149
5906,"['Items/Objects', 'Places']",2015-05-31,1757
5907,"['Poetry', 'Mental Illness', 'ZugZuwang', 'Weird']",2021-09-15,4056
5908,"['Beings', 'Music']",2017-08-01,2550
5909,['Video Games'],2013-02-22,929
5910,"['Items/Objects', 'Mental Illness']",2013-07-19,1076
5911,['Animals'],2012-07-07,699
5912,['Computers and Internet'],2015-05-13,1739
5913,"['Dismemberment', 'Places']",2015-02-20,1657
5914,"['Ghosts', 'Micropasta']",2013-12-01,1211
5915,"['Mental Illness', 'Reality']",2013-08-13,1101
5916,"['Monsters', 'Dismemberment']",2013-05-30,1026
5917,"['TheDoctorFF', 'Monsters']",2018-05-07,2829
5918,"['Beings', 'Computers and Internet']",2019-03-23,3149
5919,['Mental Illness'],2014-05-04,1365
5920,"['Computers and Internet', 'Diary/Journal', 'Disappearances', 'Mental Illness']",2019-12-10,3411
5921,"['DFPC15', 'Poetry', 'Mental Illness', 'Monsters']",2013-11-21,1201
5922,['Monsters'],2013-11-25,1205
5923,"['Monsters', 'Places']",2016-07-23,2176
5924,"['Monsters', 'Micropasta']",2014-04-08,1339
5925,"['Mental Illness', 'Books']",2014-09-14,1498
5926,"['Monsters', 'Mental Illness', 'Cryptids']",2021-02-26,3855
5927,['Beings'],2013-04-09,975
5928,"['Monsters', 'Micropasta']",2012-10-12,796
5929,"['Reality', 'Beings', 'Mental Illness']",2012-05-16,647
5930,"['Beings', 'Dreams/Sleep']",2012-08-18,741
5931,"['Beings', 'Dreams/Sleep']",2012-09-12,766
5932,"['Ritual', 'Demon/Devil']",2021-06-15,3964
5933,"['Ritual', 'Dismemberment', 'Historical Archive', 'Television']",2010-08-18,10
5934,"['HopelessNightOwl', 'Beings', 'Dreams/Sleep', 'Nature', 'Places', 'Music', 'Videos']",2018-12-22,3058
5935,"['Historical Archive/PD', 'Videos']",2015-07-18,1805
5936,"['Beings', 'Places']",2014-03-21,1321
5937,"['Places', 'Ghosts']",2017-07-04,2522
5938,"['Gods', 'Space', 'Jdeschene', 'Mental Illness', 'NSFW', 'Videos']",2020-07-13,3627
5939,['Mental Illness'],2019-03-10,3136
5940,['Monsters'],2012-08-13,736
5941,"['Computers and Internet', 'Mental Illness', 'Dreams/Sleep', 'Dismemberment']",2012-11-08,823
5942,"['Computers and Internet', 'Items/Objects', 'Beings']",2013-03-07,942
5943,"['Places', 'History', 'Historical Archive']",2010-11-07,91
5944,"['NSFW', 'Weird', 'Jdeschene']",2018-07-04,2887
5945,"['Demon/Devil', 'Items/Objects', 'Animals']",2011-10-31,449
5946,['Places'],2015-12-16,1956
5947,['Dreams/Sleep'],2013-07-09,1066
5948,['Disappearances'],2013-10-21,1170
5949,"['Monsters', 'NSFW', 'Icydice']",2023-07-11,4720
5950,['EAP'],2014-11-03,1548
5951,['Computers and Internet'],2011-06-02,298
5952,"['ClericofMadness', 'Gods', 'Reality', 'Micropasta']",2011-03-31,235
5953,"['Dismemberment', 'Mental Illness']",2015-08-31,1849
5954,['Beings'],2012-08-24,747
5955,"['AustinDR', 'Gods', 'Lovecraftian', 'Videos']",2019-12-11,3412
5956,"['Beings', 'Poetry', 'TheWizardOfTheWoods']",2019-06-26,3244
5957,"['Stormlilly', 'Monsters', 'Military']",2013-09-30,1149
5958,"['Dismemberment', 'Disappearances', 'Mental Illness']",2013-03-17,952
5959,"['DFPC15', 'Mental Illness', 'Beings']",2014-08-10,1463
5960,['Video Games'],2014-04-28,1359
5961,['Ghosts'],2012-10-22,806
5962,"['Items/Objects', 'Raidra', 'History', 'Videos']",2013-10-04,1153
5963,"['Diary/Journal', 'Cryptids']",2013-10-06,1155
5964,['Mental Illness'],2012-04-22,623
5965,"['Beings', 'Historical Archive', 'Memes', 'Micropasta']",2010-08-28,20
5966,['Weird'],2023-05-14,4662
5967,"['Dreams/Sleep', 'Beings']",2013-12-02,1212
5968,['Beings'],2014-12-28,1603
5969,"['We Go Bump 3', 'Weird']",2015-01-03,1609
5970,"['DoctorBleed', 'Lovecraftian', 'Monsters']",2016-08-22,2206
5971,['Beings'],2013-08-26,1114
5972,"['Ghosts', 'NSFW', 'Jdeschene']",2018-09-15,2960
5973,['Dismemberment'],2019-11-18,3389
5974,['Beings'],2015-01-22,1628
5975,"['Mental Illness', 'Monsters']",2013-10-27,1176
5976,"['Animals', 'Mental Illness', 'Weird']",2023-12-29,4891
5977,"['Photography', 'Cryptids', 'Places', 'Micropasta']",2012-01-08,518
5978,['Cryptids'],2011-08-13,370
5979,"['Mental Illness', 'Animals']",2013-04-07,973
5980,"['Vehicles', 'Ritual']",2020-09-04,3680
5981,"['Diary/Journal', 'Beings']",2013-12-18,1228
5982,"['Dismemberment', 'NSFW', 'Places', 'VerminGoat', 'Dreams/Sleep']",2019-12-19,3420
5983,"['Dreams/Sleep', 'Beings', 'Places', 'Dismemberment', 'VerminGoat', 'Longpasta']",2021-12-15,4147
5984,"['Places', 'Disappearances', 'Animals']",2011-09-18,406
5985,"['Places', 'Reality']",2012-04-16,617
5986,['Demon/Devil'],2014-08-06,1459
5987,"['Animals', 'Items/Objects', 'Monsters']",2016-03-27,2058
5988,"['Mental Illness', 'Longpasta']",2015-03-18,1683
5989,"['Halloween', 'Mental Illness', 'Dismemberment']",2011-08-11,368
5990,['Disappearances'],2014-04-21,1352
5991,"['AGB', 'Items/Objects']",2012-05-22,653
5992,['Books'],2022-11-13,4480
5993,['Beings'],2011-07-07,333
5994,"['Halloween', 'Items/Objects', 'Beings']",2013-01-24,900
5995,['Video Games'],2012-08-05,728
5996,"['Beings', 'Mental Illness']",2017-04-16,2443
5997,"['Diary/Journal', 'Animals', 'Beings', 'History', 'Dreams/Sleep', 'Mental Illness']",2017-06-29,2517
5998,"['Disappearances', 'Monsters']",2013-11-24,1204
5999,['Science'],2013-04-04,970
6000,"['Reality', 'Beings']",2012-10-15,799
6001,['Beings'],2015-12-03,1943
6002,['Mental Illness'],2012-12-20,865
6003,"['Dismemberment', 'Mental Illness', 'Beings']",2014-09-25,1509
6004,['Mental Illness'],2013-10-23,1172
6005,"['Diary/Journal', 'Demon/Devil']",2013-04-25,991
6006,"['Beings', 'Dismemberment']",2013-06-10,1037
6007,"['Dismemberment', 'Mental Illness', 'Nature']",2013-09-18,1137
6008,['Disappearances'],2013-07-25,1082
6009,"['Halloween', 'Monsters']",2012-11-10,825
6010,"['Video Games', 'Historical Archive', 'Memes']",2011-11-17,466
6011,"['Reality', 'Disappearances']",2015-04-16,1712
6012,"['Diary/Journal', 'Disappearances', 'Photography']",2015-04-03,1699
6013,"['Theory', 'Monsters']",2012-03-28,598
6014,"['Mental Illness', 'Beings']",2013-09-02,1121
6015,"['Science', 'Beings']",2013-02-01,908
6016,['Beings'],2013-10-02,1151
6017,"['Beings', 'Disappearances']",2014-07-04,1426
6018,['Beings'],2012-12-23,868
6019,"['Monsters', 'Disappearances', 'Animals']",2013-05-03,999
6020,['Items/Objects'],2011-12-26,505
6021,"['Beings', 'Dismemberment', 'Places']",2013-05-14,1010
6022,"['Reality', 'Beings']",2015-07-10,1797
6023,"['Beings', 'Disappearances', 'Places', 'Videos']",2014-02-08,1280
6024,"['Lost Episodes', 'Weird']",2021-05-16,3934
6025,['Beings'],2011-09-17,405
6026,"['RedNovaTyrant', 'Reality', 'Places']",2020-09-09,3685
6027,"['Beings', 'Places', 'Memes', 'Historical Archive', 'Suggested Reading']",2010-11-07,91
6028,"['Theory', 'Computers and Internet', 'Beings', 'Mental Illness', 'Videos', 'Places', 'Ritual']",2015-07-12,1799
6029,"['Places', 'Disappearances']",2014-05-29,1390
6030,['PokéMon'],2011-09-09,397
6031,"['Places', 'Ghosts']",2012-03-04,574
6032,"['Monsters', 'Places']",2016-06-09,2132
6033,['Beings'],2018-12-30,3066
6034,['Mental Illness'],2014-02-09,1281
6035,"['Disappearances', 'Demon/Devil', 'Dismemberment']",2012-04-12,613
6036,"['Mental Illness', 'Poetry', 'NSFW']",2012-02-04,545
6037,"['Dismemberment', 'Mental Illness', 'NSFW']",2012-04-20,621
6038,['Weird'],2021-01-11,3809
6039,['Historical Archive/PD'],2017-11-28,2669
6040,"['Mental Illness', 'Dismemberment']",2014-08-06,1459
6041,"['Mental Illness', 'Places']",2020-12-08,3775
6042,['Ghosts'],2012-10-22,806
6043,"['Ghosts', 'Music']",2012-04-17,618
6044,"['Beings', 'Disappearances']",2014-01-20,1261
6045,"['Items/Objects', 'Mental Illness', 'Dreams/Sleep']",2013-12-04,1214
6046,"['Music', 'Beings']",2013-09-09,1128
6047,"['Computers and Internet', 'Music']",2021-03-27,3884
6048,"['Reddit Pastas', 'Mental Illness', 'Music']",2017-08-01,2550
6049,"['Appealed Stories', 'Banned In CP', 'Music', 'Mental Illness', 'Beings', 'Ritual']",2018-11-05,3011
6050,"['Mental Illness', 'Music']",2013-08-17,1105
6051,"['Weird', 'Items/Objects', 'Micropasta']",2012-12-30,875
6052,"['History', 'Reality', 'Military']",2012-10-07,791
6053,"['PokéMon', 'Theory', 'Historical Archive']",2010-11-19,103
6054,['Monsters'],2012-12-08,853
6055,"['Mental Illness', 'DrBobSmith']",2018-06-30,2883
6056,['Monsters'],2012-11-12,827
6057,"['AltLang', 'Items/Objects']",2013-05-23,1019
6058,['Computers and Internet'],2020-11-23,3760
6059,"['Places', 'Disappearances']",2016-05-28,2120
6060,['Beings'],2018-01-22,2724
6061,"['Military', 'Mental Illness']",2013-12-12,1222
6062,"['Poetry', 'TheWizardOfTheWoods']",2019-08-06,3285
6063,"['Ghosts', 'Photography', 'Micropasta']",2014-08-24,1477
6064,['Ghosts'],2013-10-30,1179
6065,['Dreams/Sleep'],2018-03-01,2762
6066,"['Beings', 'Mental Illness']",2022-02-19,4213
6067,"['Disappearances', 'Hospitals', 'Monsters']",2011-12-12,491
6068,"['Beings', 'Places']",2020-05-10,3563
6069,['Beings'],2013-05-20,1016
6070,"['Ghosts', 'Items/Objects', 'CPWX11', 'Christmas', 'Vehicles']",2011-12-27,506
6071,['Mental Illness'],2013-01-06,882
6072,"['Diary/Journal', 'Computers and Internet']",2014-02-11,1283
6073,"['DFPC15', 'Mental Illness', 'Dreams/Sleep', 'Lovecraftian', 'Weird']",2014-08-07,1460
6074,['Monsters'],2018-08-20,2934
6075,['Beings'],2016-04-11,2073
6076,"['Icydice', 'Mental Illness', 'Reality', 'Diary/Journal']",2021-09-09,4050
6077,"['AustinDR', 'Dismemberment']",2019-11-06,3377
6078,"['Reality', 'Science']",2015-04-20,1716
6079,"['Beings', 'Nature', 'Ritual']",2022-11-03,4470
6080,['Animals'],2014-04-05,1336
6081,"['Monsters', 'Mental Illness', 'Diary/Journal']",2013-05-05,1001
6082,"['Animals', 'Ghosts']",2014-07-19,1441
6083,"['Animals', 'Monsters', 'Reality']",2020-05-23,3576
6084,"['Items/Objects', 'Micropasta']",2011-10-15,433
6085,['Monsters'],2018-08-01,2915
6086,"['Beings', 'Icydice', 'Places', 'Christmas']",2018-11-29,3035
6087,"['Video Games', 'RCainTales']",2020-03-11,3503
6088,"['Ghosts', 'Micropasta']",2013-10-14,1163
6089,"['Weird', 'Mental Illness']",2021-01-07,3805
6090,"['Ghosts', 'Items/Objects', 'Micropasta']",2012-10-24,808
6091,"['Beings', 'Reddit Pastas', 'Nature']",2023-03-16,4603
6092,"['Mental Illness', 'Reality']",2019-08-25,3304
6093,[' Beings'],2014-05-15,1376
6094,"['Demon/Devil', 'Beings', 'Computers and Internet']",2019-04-29,3186
6095,"['Items/Objects', 'Ghosts']",2014-01-19,1260
6096,"['Beings', 'Weird', 'Mental Illness']",2023-04-01,4619
6097,"['Dismemberment', 'Mental Illness', 'Dreams/Sleep', 'Reality']",2021-12-16,4148
6098,"['Computers and Internet', 'Crime']",2015-07-21,1808
6099,"['Mental Illness', 'We Go Bump']",2012-02-09,550
6100,"['Demon/Devil', 'VerminGoat']",2018-06-08,2861
6101,"['Television', 'Animals', 'HopelessNightOwl']",2018-04-14,2806
6102,"['Demon/Devil', 'Reddit Pastas']",2019-08-21,3300
6103,"['Computers and Internet', 'Ghosts', 'PotM']",2014-07-29,1451
6104,"['Ghosts', 'Mental Illness']",2013-03-18,953
6105,['Mental Illness'],2013-04-15,981
6106,['Demon/Devil'],2017-01-22,2359
6107,['Beings'],2019-04-09,3166
6108,['Mental Illness'],2013-01-18,894
6109,['Beings'],2012-10-02,786
6110,['Mental Illness'],2020-10-17,3723
6111,['Poetry'],2012-10-11,795
6112,"['Mirrors', 'Dreams/Sleep', 'Beings']",2012-12-05,850
6113,"['Mental Illness', 'Micropasta']",2015-08-10,1828
6114,['Beings'],2016-11-02,2278
6115,"['Animals', 'Cryptids']",2017-09-19,2599
6116,['Items/Objects'],2012-06-29,691
6117,"['Items/Objects', 'Dismemberment']",2014-09-10,1494
6118,['Items/Objects'],2014-06-23,1415
6119,"['Disappearances', 'Beings']",2021-05-26,3944
6120,"['Television', 'Beings', 'HopelessNightOwl', 'Micropasta']",2018-01-06,2708
6121,['Dreams/Sleep'],2012-06-27,689
6122,"['Beings', 'Nature']",2023-10-26,4827
6123,"['DFPC15', 'Beings']",2014-07-24,1446
6124,['Mental Illness'],2012-11-05,820
6125,['Dreams/Sleep'],2014-06-11,1403
6126,['Places'],2017-10-27,2637
6127,"['Ghosts', 'Disappearances', 'Places']",2012-03-09,579
6128,"['Items/Objects', 'Mental Illness', 'Dreams/Sleep', 'Monsters', 'Places']",2016-04-04,2066
6129,['Weird'],2021-05-08,3926
6130,['Beings'],2012-08-29,752
6131,"['Computers and Internet', 'Dismemberment', 'Mental Illness']",2012-08-16,739
6132,"['Diary/Journal', 'Icydice', 'Mental Illness', 'PotM', 'Dreams/Sleep']",2021-08-30,4040
6133,"['Dreams/Sleep', 'Items/Objects', 'Beings']",2013-07-11,1068
6134,"['Items/Objects', 'Disappearances', 'Demon/Devil', 'Dismemberment']",2014-06-20,1412
6135,"['Diary/Journal', 'Demon/Devil']",2014-08-20,1473
6136,['Dismemberment'],2013-02-26,933
6137,"['Music', 'Mental Illness']",2018-04-28,2820
6138,"['ClericofMadness', 'Demon/Devil']",2011-08-14,371
6139,"['Beings', 'Dreams/Sleep']",2014-04-14,1345
6140,"['Places', 'Books']",2014-10-01,1515
6141,"['Music', 'Items/Objects', 'Computers and Internet']",2013-07-09,1066
6142,"['AGB', 'Dismemberment']",2017-10-28,2638
6143,['Places'],2014-06-04,1396
6144,"['Mirrors', 'Ritual', 'Beings']",2014-11-02,1547
6145,['Theory'],2014-05-10,1371
6146,['Mental Illness'],2012-02-16,557
6147,"['Ghosts', 'Historical Archive']",2012-03-07,577
6148,"['Ghosts', 'Places']",2015-05-05,1731
6149,"['Glisario', 'Animals', 'Cryptids', 'Weird']",2022-08-12,4387
6150,"['Weird', 'Beings']",2015-09-19,1868
6151,"['Mental Illness', 'Dismemberment']",2013-01-02,878
6152,['Mental Illness'],2017-07-05,2523
6153,"['Reality', 'Diary/Journal', 'Computers and Internet']",2013-08-24,1112
6154,"['Beings', 'Mental Illness']",2012-10-15,799
6155,"['Mental Illness', 'Dismemberment', 'Reality']",2018-06-27,2880
6156,"['Dismemberment', 'Reality']",2012-07-31,723
6157,"['Mental Illness', 'Diary/Journal']",2015-07-19,1806
6158,"['Monsters', 'Dismemberment']",2013-05-29,1025
6159,['Computers and Internet'],2013-05-15,1011
6160,['Mental Illness'],2014-04-28,1359
6161,"['Mental Illness', 'Demon/Devil', 'Dreams/Sleep']",2015-08-16,1834
6162,['Diary/Journal'],2014-05-15,1376
6163,"['Monsters', 'Places']",2021-03-24,3881
6164,"['Dismemberment', 'Mental Illness', 'Micropasta']",2014-09-24,1508
6165,[],2018-04-26,2818
6166,"['Reality', 'Micropasta']",2017-03-29,2425
6167,"['Music', 'Dreams/Sleep', 'FlakyPorcupine']",2014-02-15,1287
6168,"['Beings', 'Dreams/Sleep']",2013-11-25,1205
6169,"['Animals', 'Cryptids', 'Nature', 'Weird', 'HopelessNightOwl']",2017-12-20,2691
6170,"['Mental Illness', 'Beings', 'WriterJosh']",2015-01-13,1619
6171,"['Military', 'Items/Objects', 'History']",2018-04-04,2796
6172,"['Beings', 'History', 'Military', 'Places']",2014-03-16,1316
6173,"['History', 'Military', 'NSFW', 'Reddit Pastas']",2017-02-11,2379
6174,['Places'],2014-01-29,1270
6175,['Items/Objects'],2017-02-04,2372
6176,"['Diary/Journal', 'Military', 'History']",2013-02-23,930
6177,"['Mental Illness', 'Places', 'Ghosts']",2017-09-22,2602
6178,"['Monsters', 'Mental Illness']",2013-04-13,979
6179,"['Beings', 'Books']",2011-09-09,397
6180,"['Reddit Pastas', 'Items/Objects', 'Music', 'Places', 'Dismemberment']",2018-01-05,2707
6181,"['Diary/Journal', 'Mental Illness']",2013-01-22,898
6182,"['Places', 'Weird']",2012-12-28,873
6183,['Demon/Devil'],2018-04-04,2796
6184,"['Ghosts', 'Halloween', 'Places', 'History']",2014-02-13,1285
6185,"['Dreams/Sleep', 'Diary/Journal', 'Mental Illness', 'Reality']",2011-11-09,458
6186,['Mental Illness'],2014-09-04,1488
6187,"['Beings', 'Ghosts']",2013-11-20,1200
6188,"['Items/Objects', 'Weird']",2020-09-23,3699
6189,['Demon/Devil'],2020-06-06,3590
6190,"['Demon/Devil', 'Ritual', 'Reality']",2021-05-25,3943
6191,"['Ritual', 'Demon/Devil']",2015-08-09,1827
6192,"['Poetry', 'Crime', 'Mental Illness']",2013-01-04,880
6193,"['Icydice', 'NSFW', 'Monsters', 'Dismemberment']",2022-03-01,4223
6194,"['Mental Illness', 'Places', 'Diary/Journal']",2014-09-24,1508
6195,"['Reality', 'Demon/Devil']",2013-10-01,1150
6196,['Poetry'],2013-11-02,1182
6197,"['Cryptids', 'Nature']",2017-12-26,2697
6198,"['Beings', 'Halloween', 'L0CKED334', 'Videos', 'Disappearances']",2018-10-04,2979
6199,"['Places', 'Demon/Devil', 'Food']",2014-06-01,1393
6200,['Reality'],2013-08-18,1106
6201,"['Beings', 'Nature', 'Animals', 'Jdeschene', 'Videos']",2018-04-23,2815
6202,['Monsters'],2013-06-24,1051
6203,['Dismemberment'],2013-06-26,1053
6204,['Reality'],2014-02-20,1292
6205,"['Liminal Spaces 2022', 'Contest Winner', 'Diary/Journal', 'Weird', ""The Vesper's Bell""]",2022-08-26,4401
6206,"['Beings', 'Places', 'Vehicles']",2016-07-19,2172
6207,['Poetry'],2012-07-24,716
6208,"['Weird', 'Micropasta']",2019-12-28,3429
6209,"['Dreams/Sleep', 'Mental Illness']",2013-03-06,941
6210,['Mental Illness'],2011-12-11,490
6211,"['Reality', 'Dreams/Sleep']",2012-07-12,704
6212,['Dreams/Sleep'],2016-04-06,2068
6213,['Mirrors'],2015-04-08,1704
6214,"['Tewahway', 'Beings', 'Reality', 'Mental Illness', 'Mirrors', 'Videos']",2022-01-04,4167
6215,"['Doom Vroom', 'Weird', 'Videos']",2016-12-02,2308
6216,"['Demon/Devil', 'Dreams/Sleep']",2015-03-13,1678
6217,"['Animals', 'Dreams/Sleep', 'Mmpratt99 deviantart', 'Videos', 'Micropasta']",2014-04-06,1337
6218,"['Diary/Journal', 'Ritual', 'Gods']",2013-12-30,1240
6219,"['Diary/Journal', 'Gods', 'History']",2014-06-18,1410
6220,['Places'],2012-09-27,781
6221,"['Mental Illness', 'Dismemberment']",2013-09-06,1125
6222,['Mental Illness'],2014-08-14,1467
6223,['Mental Illness'],2014-08-06,1459
6224,"['Dismemberment', 'Weird', 'Jdeschene', 'Videos']",2018-10-21,2996
6225,"['Music', 'Beings', 'CPWH11', 'Items/Objects', 'History']",2014-03-04,1304
6226,['Beings'],2013-10-06,1155
6227,"['Items/Objects', 'Beings', 'Micropasta']",2013-01-01,877
6228,['Beings'],2016-10-18,2263
6229,['Ghosts'],2011-07-21,347
6230,['Items/Objects'],2013-11-27,1207
6231,"['Mental Illness', 'Micropasta']",2013-03-06,941
6232,['Dismemberment'],2017-02-28,2396
6233,['Dreams/Sleep'],2013-12-07,1217
6234,"['Mental Illness', 'Dismemberment']",2012-12-24,869
6235,"['Reddit Pastas', 'Ghosts', 'Places', 'Videos']",2017-10-04,2614
6236,"['Dismemberment', 'Monsters']",2014-05-21,1382
6237,"['Monsters', 'Dreams/Sleep', 'Mental Illness', 'Dismemberment']",2012-06-13,675
6238,"['Dismemberment', 'Books', 'Crime', 'NSFW', 'Mental Illness', 'Monsters']",2012-06-18,680
6239,"['Television', 'Beings']",2013-06-07,1034
6240,['Mental Illness'],2014-12-19,1594
6241,"['Reality', 'Hospitals']",2017-07-27,2545
6242,['Items/Objects'],2014-04-20,1351
6243,"['Ghosts', 'Micropasta']",2012-04-29,630
6244,"['Halloween', 'Disappearances', 'Vehicles', 'Micropasta']",2015-03-07,1672
6245,"['CWWriting15', 'Reality', 'Mental Illness']",2015-04-04,1700
6246,['Dismemberment'],2014-08-07,1460
6247,"['Video Games', 'Diary/Journal']",2011-03-23,227
6248,['Places'],2013-12-12,1222
6249,"['Beings', 'Weird', 'Micropasta']",2016-02-03,2005
6250,['Beings'],2013-03-10,945
6251,"['L0CKED334', 'Demon/Devil', 'Mental Illness', 'Reality', 'Videos']",2018-12-11,3047
6252,"['Items/Objects', 'Halloween']",2020-11-14,3751
6253,"['Reality', 'Items/Objects']",2013-11-09,1189
6254,"['Computers and Internet', 'Cryptids']",2015-01-03,1609
6255,"['Mirrors', 'Mental Illness', 'Weird']",2022-09-19,4425
6256,"['Mirrors', 'Beings']",2020-05-27,3580
6257,"['Beings', 'Mirrors']",2015-01-17,1623
6258,"['Beings', 'PotM']",2018-04-29,2821
6259,"['Appealed Stories', 'Nature', 'Weird', 'MalumLibrum958']",2022-11-19,4486
6260,['Dreams/Sleep'],2015-02-23,1660
6261,['Diary/Journal'],2013-03-19,954
6262,['Mental Illness'],2014-12-01,1576
6263,"['Beings', 'Places', 'Reddit Pastas', 'Videos']",2017-08-13,2562
6264,"['Demon/Devil', 'Items/Objects']",2018-08-10,2924
6265,['Beings'],2016-06-14,2137
6266,['Cryptids'],2014-12-21,1596
6267,"['Mental Illness', 'Dismemberment']",2017-03-11,2407
6268,"['Monsters', 'Reality']",2018-01-03,2705
6269,"['Alparos-Lilah', 'Reality', 'Diary/Journal']",2023-06-09,4688
6270,['Animals'],2013-03-28,963
6271,"['Dreams/Sleep', 'Beings']",2015-04-13,1709
6272,"['Dreams/Sleep', 'Beings', 'Micropasta']",2011-12-08,487
6273,"['Reddit Pastas', 'Military', 'Places', 'Items/Objects', 'Music', 'Mental Illness']",2017-09-26,2606
6274,['Dreams/Sleep'],2013-04-10,976
6275,"['Crime', 'Weird', 'MalumLibrum958']",2022-11-24,4491
6276,"['Dismemberment', 'Mental Illness', 'Reality']",2014-09-04,1488
6277,"['Beings', 'Items/Objects']",2014-06-16,1408
6278,['Diary/Journal'],2013-09-29,1148
6279,"['Animals', 'Disappearances']",2015-07-08,1795
6280,"['Mental Illness', 'Crime', 'Reddit Pastas']",2020-06-09,3593
6281,"['Items/Objects', 'Weird']",2023-10-06,4807
6282,"['Poetry', 'Mental Illness']",2023-08-30,4770
6283,"['Music', 'Mental Illness']",2012-05-28,659
6284,"['Mental Illness', 'Places']",2013-07-19,1076
6285,['Video Games'],2015-01-27,1633
6286,"['Animals', 'Places']",2012-09-23,777
6287,"['Mental Illness', 'PotM']",2011-12-02,481
6288,"['Demon/Devil', 'Dreams/Sleep']",2017-11-01,2642
6289,"['L0CKED334', 'Weird']",2019-04-26,3183
6290,"['Computers and Internet', 'Items/Objects']",2017-03-13,2409
6291,['Mental Illness'],2012-02-07,548
6292,"['Music', 'Mental Illness', 'Dismemberment']",2016-11-10,2286
6293,['Beings'],2013-04-10,976
6294,['Mental Illness'],2017-04-19,2446
6295,"['Monsters', 'Dreams/Sleep']",2012-08-19,742
6296,"['Lovecraftian', 'Books', 'Ritual', 'Theory']",2015-06-18,1775
6297,"['Beings', 'Disappearances', 'Mental Illness']",2014-01-12,1253
6298,['Memes'],2011-09-04,392
6299,"['Christmas', 'Items/Objects']",2012-12-20,865
6300,['EAP'],2012-05-01,632
6301,"['Places', 'Military']",2013-05-26,1022
6302,"['Video Games', 'Demon/Devil', 'Suggested Reading']",2013-04-11,977
6303,['Article Subpages'],2013-04-11,977
6304,['Article Subpages'],2013-04-11,977
6305,['Article Subpages'],2013-04-12,978
6306,['Article Subpages'],2013-04-12,978
6307,['Article Subpages'],2013-06-06,1033
6308,['Article Subpages'],2013-04-12,978
6309,['Article Subpages'],2013-04-13,979
6310,['Article Subpages'],2013-04-13,979
6311,['Article Subpages'],2013-04-16,982
6312,['Article Subpages'],2013-06-06,1033
6313,['Article Subpages'],2013-05-08,1004
6314,['Article Subpages'],2013-06-04,1031
6315,['Article Subpages'],2013-06-04,1031
6316,"['Video Games', 'Micropasta']",2013-02-27,934
6317,"['Reality', 'Dismemberment', 'Disappearances', 'History', 'Military', 'Micropasta']",2015-03-22,1687
6318,"['StalkerShrike', 'Beings']",2020-12-04,3771
6319,"['Weird', 'Jdeschene']",2020-04-12,3535
6320,"['Beings', 'Historical Archive', 'Dreams/Sleep']",2010-11-04,88
6321,['Beings'],2012-09-06,760
6322,"['Beings', 'Micropasta']",2012-12-29,874
6323,"['Computers and Internet', 'Demon/Devil']",2014-03-23,1323
6324,"['DFPC15', 'Beings', 'Disappearances']",2014-06-10,1402
6325,"['Demon/Devil', 'Dreams/Sleep']",2015-07-01,1788
6326,['Ghosts'],2013-02-23,930
6327,"['Demon/Devil', 'Diary/Journal']",2014-08-19,1472
6328,['Items/Objects'],2012-07-08,700
6329,['Computers and Internet'],2012-03-31,601
6330,['PokéMon'],2012-02-20,561
6331,"['Ghosts', 'Micropasta']",2013-06-08,1035
6332,"['HPL', 'Poetry']",2012-04-14,615
6333,"['Dismemberment', 'Disappearances']",2014-08-23,1476
6334,"['Palaeontologica', 'Animals', 'Dismemberment']",2022-05-28,4311
6335,"['NSFW', 'Nature', 'Animals', 'Jdeschene']",2018-06-29,2882
6336,"['Lovecraftian', 'Disappearances', 'Military', 'Places']",2010-08-18,10
6337,"['Reality', 'Diary/Journal', 'Mental Illness']",2012-01-08,518
6338,"['Ghosts', 'Places']",2013-10-22,1171
6339,"['Mental Illness', 'Disappearances']",2014-12-17,1592
6340,"['Beings', 'Weird']",2018-11-13,3019
6341,"['Books', 'Reality', 'Beings', 'Lovecraftian']",2013-08-07,1095
6342,"['Books', 'Monsters']",2017-05-23,2480
6343,['Books'],2019-01-25,3092
6344,"['Beings', 'Places', 'Dismemberment', 'Disappearances']",2023-04-22,4640
6345,"['Mental Illness', 'Diary/Journal', 'Items/Objects']",2011-03-20,224
6346,"['Diary/Journal', 'Science', 'Mental Illness', 'Monsters']",2011-08-23,380
6347,"['Demon/Devil', 'Computers and Internet', 'Dreams/Sleep', 'PotM', 'Mental Illness', 'Videos']",2014-11-25,1570
6348,['Monsters'],2017-02-15,2383
6349,['Beings'],2015-04-05,1701
6350,"['Mental Illness', 'Items/Objects']",2014-09-22,1506
6351,['Mental Illness'],2014-04-09,1340
6352,"['Dismemberment', 'Mental Illness']",2013-10-31,1180
6353,['Ghosts'],2015-08-07,1825
6354,"['Historical Archive', 'Theory', 'Dreams/Sleep', 'Reality', 'Micropasta']",2011-01-02,147
6355,['Mental Illness'],2014-06-13,1405
6356,['Beings'],2016-09-14,2229
6357,['Monsters'],2013-12-11,1221
6358,"['Animals', 'Diary/Journal', 'Reality']",2021-08-21,4031
6359,"['HPL', 'Poetry']",2012-04-14,615
6360,['Beings'],2015-03-19,1684
6361,"['Places', 'Beings', 'History']",2023-09-02,4773
6362,"['Weird', 'Places', 'Videos']",2018-06-23,2876
6363,"['History', 'Military']",2015-03-24,1689
6364,['Science'],2014-03-03,1303
6365,"['EmpyrealInvective', 'Mental Illness', 'Reality', 'Videos']",2017-07-28,2546
6366,"['Monsters', 'Ghosts', 'Dismemberment']",2013-12-08,1218
6367,"['Beings', 'Micropasta']",2012-01-08,518
6368,['Beings'],2014-11-18,1563
6369,"['Computers and Internet', 'Books']",2013-08-29,1117
6370,['EAP'],2012-05-01,632
6371,['Video Games'],2013-01-17,893
6372,"['Science', 'Beings']",2013-12-02,1212
6373,"['NSFW', 'Mental Illness', 'Dreams/Sleep']",2015-06-20,1777
6374,"['Videos', 'Vehicles', 'Video Games']",2021-03-12,3869
6375,"['Items/Objects', 'Mental Illness']",2014-10-08,1522
6376,['Places'],2015-03-31,1696
6377,"['Historical Archive', 'Places', 'Beings', 'Ritual', 'Micropasta']",2011-04-22,257
6378,"['L0CKED334', 'Weird']",2019-01-03,3070
6379,"['Mental Illness', 'Diary/Journal', 'Dismemberment', 'Disappearances', 'Items/Objects']",2014-06-24,1416
6380,"['Disappearances', 'Mental Illness', 'Places', 'Dismemberment', 'Computers and Internet', 'Weird']",2014-10-04,1518
6381,"['CPWSong2016', 'Mental Illness', 'Dgrady237']",2016-01-13,1984
6382,['Beings'],2012-08-29,752
6383,"['Mental Illness', 'Reality']",2018-03-23,2784
6384,"['Beings', 'Places', 'Nature']",2020-12-28,3795
6385,['Dreams/Sleep'],2014-08-29,1482
6386,"['Beings', 'Places']",2011-04-28,263
6387,"['Monsters', 'Nature']",2013-07-31,1088
6388,"['Mental Illness', 'Mirrors']",2011-11-27,476
6389,"['Mental Illness', 'Nature', 'Beings', 'Places', 'Dismemberment', 'Dreams/Sleep']",2012-06-14,676
6390,"['Stormlilly', 'Ritual']",2013-09-30,1149
6391,"['Ghosts', 'Mental Illness']",2017-09-20,2600
6392,"['Items/Objects', 'Photography', 'Historical Archive', 'Micropasta']",2010-12-02,116
6393,"['Mental Illness', 'Places']",2014-08-20,1473
6394,"['Space', 'Science']",2012-01-27,537
6395,"['Beings', 'Weird']",2018-05-06,2828
6396,['Video Games'],2012-12-13,858
6397,"['Mental Illness', 'Dismemberment', 'NSFW', 'Fairly7Local', 'Longpasta']",2018-03-31,2792
6398,"['Mental Illness', 'Fairly7Local']",2018-04-01,2793
6399,"['Weird', 'Disappearances', 'Places']",2014-08-31,1484
6400,"['Items/Objects', 'Demon/Devil', 'Historical Archive', 'Dreams/Sleep', 'Micropasta']",2010-08-20,12
6401,"['Theory', 'Videos', 'Disappearances']",2013-06-09,1036
6402,"['Monsters', 'Micropasta']",2014-03-23,1323
6403,"['Micropasta', 'Food', 'Halloween', 'Television']",2022-12-09,4506
6404,['Mental Illness'],2014-09-01,1485
6405,"['NSFW', 'Dismemberment', 'Mental Illness']",2013-04-23,989
6406,['Gods'],2014-05-11,1372
6407,"['Beings', 'Items/Objects', 'Places', 'Weird']",2024-02-04,4928
6408,"['Video Games', 'Videos', 'NSFW']",2015-07-05,1792
6409,"['Micropasta', 'MalumLibrum958']",2022-11-14,4481
6410,"['Lovecraftian', 'Beings', 'Weird', 'Television', 'Reality']",2021-06-11,3960
6411,['Items/Objects'],2013-01-26,902
6412,['Beings'],2011-11-17,466
6413,"['Monsters', 'Micropasta']",2013-12-31,1241
6414,"['Beings', 'Disappearances', 'Places']",2011-06-26,322
6415,"['Mental Illness', 'Dismemberment']",2015-03-26,1691
6416,"['Beings', 'Dismemberment']",2017-03-01,2397
6417,['Reality'],2010-08-18,10
6418,"['Beings', 'Gods', 'Reality', 'Micropasta']",2011-12-21,500
6419,"['HPL', 'Poetry', 'Beings']",2017-10-06,2616
6420,"['FearAddict', 'Reality']",2014-07-18,1440
6421,"['Cryptids', 'Weird']",2019-05-08,3195
6422,"['CertainShadows', 'Videos', 'Weird', 'Vehicles']",2020-05-07,3560
6423,"['Places', 'Nature', 'Dgrady237']",2015-04-18,1714
6424,['Beings'],2013-02-12,919
6425,"['DrBobSmith', 'Ghosts', 'History', 'Places']",2018-07-04,2887
6426,"['Ritual', 'Places', 'Beings', 'Videos']",2013-02-25,932
6427,"['Dreams/Sleep', 'Reality']",2014-10-08,1522
6428,['Demon/Devil'],2012-08-11,734
6429,"['Animals', 'Beings']",2014-09-18,1502
6430,"['Dreams/Sleep', 'Micropasta']",2012-03-19,589
6431,"['Places', 'Dreams/Sleep']",2011-04-22,257
6432,"['Beings', 'Vehicles', 'Places', 'Jdeschene']",2018-08-07,2921
6433,"['Dreams/Sleep', 'Beings', 'Mental Illness']",2013-08-21,1109
6434,['Beings'],2014-09-06,1490
6435,"['Mental Illness', 'Nature']",2022-09-18,4424
6436,['Beings'],2011-08-05,362
6437,"['Reality', 'Beings', 'Micropasta']",2014-12-24,1599
6438,"['Animals', 'Nature']",2013-08-14,1102
6439,"['Disappearances', 'Reality', 'DrBobSmith']",2018-07-29,2912
6440,"['Ritual', 'Nature', 'Beings']",2020-12-07,3774
6441,"['Beings', 'Diary/Journal']",2013-03-24,959
6442,"['Beings', 'DoctorBleed', 'Dreams/Sleep']",2015-08-20,1838
6443,"['Beings', 'Dreams/Sleep']",2011-06-30,326
6444,"['Monsters', 'Hospitals', 'Military', 'Parlour']",2019-11-03,3374
6445,"['Animals', 'Ghosts', 'Poetry']",2021-09-19,4060
6446,"['Items/Objects', 'Dreams/Sleep', 'Animals']",2011-08-06,363
6447,"['DFPC15', 'Monsters', 'Items/Objects']",2014-02-27,1299
6448,['Cryptids'],2013-07-30,1087
6449,['PokéMon'],2011-10-19,437
6450,"['Dreams/Sleep', 'Beings']",2013-09-22,1141
6451,"['Monsters', 'Dismemberment']",2012-07-09,701
6452,"['Vehicles', 'Dreams/Sleep', 'Beings', 'Dismemberment', 'Noctevoire']",2017-11-24,2665
6453,"['Demon/Devil', 'Mental Illness']",2012-04-17,618
6454,"['Beings', 'Dreams/Sleep', 'Weird']",2018-08-20,2934
6455,['Weird'],2020-06-16,3600
6456,"['History', 'Mental Illness', 'Dreams/Sleep', 'DrBobSmith']",2018-06-10,2863
6457,"['Dreams/Sleep', 'Beings']",2012-10-15,799
6458,['Dreams/Sleep'],2015-05-14,1740
6459,"['Beings', 'Dismemberment', 'Dreams/Sleep']",2013-02-11,918
6460,"['GreyOwl', 'Science', 'Animals', 'Mental Illness']",2014-08-06,1459
6461,"['Weird', 'Dismemberment', 'Mental Illness', 'Beings']",2013-10-20,1169
6462,"['Nature', 'Beings', 'Places']",2016-05-04,2096
6463,"['Diary/Journal', 'Crime', 'Beings']",2013-10-06,1155
6464,"['Dismemberment', 'MalumLibrum958']",2022-11-14,4481
6465,"['MLycantrope', 'Beings', 'Mental Illness']",2022-01-23,4186
6466,"['NSFW', 'Science', 'Summer Creative Writing 2016', 'Longpasta']",2016-07-10,2163
6467,"['Animals', 'Military', 'Reality']",2013-04-28,994
6468,"['Mental Illness', 'Kolpik']",2018-12-09,3045
6469,"['Computers and Internet', 'Weird']",2014-02-22,1294
6470,"['Beings', 'Killahawke1', 'Poetry', 'Videos']",2016-12-07,2313
6471,"['Killahawke1', 'Poetry', 'Weird']",2016-12-07,2313
6472,['Mental Illness'],2012-01-05,515
6473,"['Demon/Devil', 'Places', 'Items/Objects', 'Ritual']",2013-12-19,1229
6474,"['Reality', 'Micropasta']",2013-02-11,918
6475,"['Music', 'Computers and Internet', 'Micropasta']",2012-01-16,526
6476,"['PotM', 'Suggested Reading', 'Historical Archive', 'Places', 'Mental Illness', 'Weird', 'Beings', 'Memes']",2011-06-30,326
6477,['Places'],2015-03-16,1681
6478,['Places'],2015-03-16,1681
6479,['Dreams/Sleep'],2012-09-22,776
6480,['Video Games'],2013-02-08,915
6481,"['Icydice', 'Wheel of Misfortune 2022', 'Science']",2022-04-30,4283
6482,"['Weird', 'Reality']",2013-10-10,1159
6483,"['Science', 'Places']",2016-09-10,2225
6484,"['CPWX11', 'Contest Winner', 'Historical Archive', 'PotM', 'Christmas', 'Ghosts']",2011-12-25,504
6485,"['CharminglyShallow', 'Demon/Devil', 'Mental Illness']",2016-09-29,2244
6486,"['Reality', 'Mental Illness']",2012-07-12,704
6487,"['Television', 'Mental Illness', 'Animals']",2013-11-01,1181
6488,"['Mental Illness', 'Umbrello', 'Weird']",2016-04-20,2082
6489,"['Beings', 'Mmpratt99 deviantart', 'We Go Bump 3']",2012-03-19,589
6490,"['Beings', 'Mental Illness', 'Reality', 'MLycantrope']",2024-02-02,4926
6491,"['Dreams/Sleep', 'Theory']",2015-08-02,1820
6492,"['History', 'Military']",2012-01-03,513
6493,['Mental Illness'],2013-03-31,966
6494,"['Vehicles', 'Mental Illness']",2017-01-31,2368
6495,"['NSFW', 'Demon/Devil']",2015-06-19,1776
6496,['Mental Illness'],2012-06-29,691
6497,"['Videos', 'Beings']",2012-08-20,743
6498,"['Demon/Devil', 'Weird']",2017-03-20,2416
6499,['Beings'],2013-03-09,944
6500,"['Beings', 'Diary/Journal']",2012-04-15,616
6501,"['Ghosts', 'PotM', 'DFPC15']",2013-09-05,1124
6502,"['Beings', 'History', 'Science']",2020-03-16,3508
6503,"['Beings', 'Mmpratt99 deviantart', 'Places', 'Videos', 'Micropasta']",2012-03-07,577
6504,"['Beings', 'Crime', 'Disappearances', 'Dismemberment', 'Lovecraftian', 'Nature', 'Places', 'Cornconic', 'Videos']",2019-01-22,3089
6505,"['Diary/Journal', 'Beings']",2018-04-18,2810
6506,"['ClericofMadness', 'Items/Objects']",2010-12-13,127
6507,"['We Go Bump 2', 'Mental Illness']",2013-01-04,880
6508,"['Ghosts', 'Micropasta']",2013-05-12,1008
6509,"['Beings', 'Mental Illness', 'Places', 'Umbrello', 'Vehicles', 'Videos']",2014-12-18,1593
6510,"['Places', 'Beings']",2015-01-25,1631
6511,"['Demon/Devil', 'Books', 'Longpasta']",2017-08-02,2551
6512,"['Computers and Internet', 'Monsters']",2013-08-14,1102
6513,"['Weird', 'Reality']",2015-08-02,1820
6514,"['TheDoctorFF', 'Lovecraftian', 'Beings', 'Ghosts']",2017-03-08,2404
6515,['Ghosts'],2012-07-12,704
6516,"['Disappearances', 'Videos', 'Micropasta']",2011-12-04,483
6517,"['Beings', 'Reality']",2013-03-23,958
6518,"['Ghosts', 'Places']",2015-05-26,1752
6519,"['Demon/Devil', 'CPWDemonDevil2015']",2015-06-09,1766
6520,['Ghosts'],2022-03-02,4224
6521,['Mental Illness'],2013-01-29,905
6522,"['ClericofMadness', 'Mental Illness']",2011-03-31,235
6523,"['Space', 'Science', 'Diary/Journal', 'Monsters', 'Crime']",2016-05-09,2101
6524,"['Beings', 'Disappearances', 'Nature']",2011-09-06,394
6525,"['Ghosts', 'Places']",2012-03-16,586
6526,"['Ghosts', 'Mirrors']",2011-11-05,454
6527,"['Computers and Internet', 'Music', 'Mental Illness']",2013-03-17,952
6528,['Video Games'],2023-06-18,4697
6529,"['Monsters', 'Weird', 'Horror Holiday 2015', 'Christmas']",2015-12-21,1961
6530,"['Computers and Internet', 'Music']",2012-08-10,733
6531,"['Reality', 'Micropasta']",2011-08-09,366
6532,"['Appealed Stories', 'Mental Illness', 'Ghosts']",2015-01-16,1622
6533,"['Diary/Journal', 'Mental Illness']",2015-08-23,1841
6534,['Disappearances'],2013-06-15,1042
6535,"['Science', 'Dreams/Sleep']",2014-10-13,1527
6536,"['Beings', 'Reality', 'Historical Archive', 'Micropasta']",2011-01-16,161
6537,"['MJTR', 'Mental Illness', 'Places', 'History']",2013-06-18,1045
6538,"['Nature', 'Places']",2020-02-12,3475
6539,['Video Games'],2021-06-01,3950
6540,"['Computers and Internet', 'PotM', 'Dismemberment', 'NSFW', 'Suggested Reading', 'Memes', 'Animals', 'Historical Archive']",2012-03-04,574
6541,"['Places', 'Monsters', 'Nature']",2013-10-23,1172
6542,"['Places', 'Animals']",2012-02-24,565
6543,"['Monsters', 'Places']",2021-05-04,3922
6544,"['Monsters', 'Reality']",2014-11-30,1575
6545,['Nature'],2013-09-20,1139
6546,['Mental Illness'],2012-10-14,798
6547,['Poetry'],2012-02-18,559
6548,"['Icydice', 'Video Games', 'Diary/Journal', 'NSFW', 'Dreams/Sleep', 'Computers and Internet', 'Photography', 'Beings', 'Items/Objects', 'Longpasta']",2021-10-11,4082
6549,"['GreyOwl', 'Mental Illness', 'Places']",2014-10-02,1516
6550,['Weird'],2018-01-29,2731
6551,['Dismemberment'],2014-07-02,1424
6552,['Mental Illness'],2013-04-22,988
6553,"['Space', 'Beings']",2011-12-06,485
6554,"['CPWH11', 'Television', 'Monsters']",2011-10-19,437
6555,"['Mental Illness', 'Beings']",2021-01-01,3799
6556,['Mental Illness'],2012-12-25,870
6557,"['Poetry', 'Gods']",2015-03-28,1693
6558,['Monsters'],2011-07-11,337
6559,"['Beings', 'Items/Objects', 'Mental Illness']",2012-12-04,849
6560,['Mental Illness'],2014-06-15,1407
6561,"['Disappearances', 'Places']",2015-04-23,1719
6562,['Beings'],2012-05-19,650
6563,"['Lost Episodes', 'Memes', 'Videos']",2011-03-23,227
6564,"['Beings', 'Weird']",2016-12-16,2322
6565,"['Military', 'Ghosts']",2014-09-01,1485
6566,"['Reality', 'Beings']",2013-11-02,1182
6567,"['Monsters', 'Mental Illness', 'Dismemberment', 'Diary/Journal', 'Computers and Internet', 'Disappearances']",2014-03-07,1307
6568,"['Glisario', 'Cruel Fate 2020', 'Mental Illness']",2020-02-14,3477
6569,"['Science', 'Military', 'Cryptids']",2017-06-02,2490
6570,"['Crime', 'Weird', 'Places']",2015-01-31,1637
6571,"['Mental Illness', 'Items/Objects']",2013-07-16,1073
6572,"['MJTR', 'Memes']",2012-12-05,850
6573,['Demon/Devil'],2014-01-10,1251
6574,"['Ghosts', 'Mental Illness']",2013-11-15,1195
6575,"['Ritual', 'Diary/Journal', 'Micropasta']",2011-01-10,155
6576,"['Reality', 'Beings', 'Mirrors', 'Historical Archive', 'Suggested Reading']",2010-11-18,102
6577,"['NSFW', 'Reddit Pastas', 'Longpasta']",2021-07-10,3989
6578,['HPL'],2018-01-05,2707
6579,"['Beings', 'Diary/Journal']",2015-08-10,1828
6580,"['Monsters', 'Dismemberment', 'Weird']",2018-05-02,2824
6581,"['Gods', 'Places']",2015-10-10,1889
6582,"['Memes', 'Monsters']",2015-02-07,1644
6583,['Dismemberment'],2012-12-20,865
6584,"['Reality', 'Theory']",2016-03-13,2044
6585,['Mental Illness'],2014-02-22,1294
6586,['Ghosts'],2012-09-09,763
6587,"['Mental Illness', 'Military', 'Dismemberment']",2014-09-26,1510
6588,"['Monsters', 'Dreams/Sleep', 'Micropasta']",2015-04-07,1703
6589,"['Places', 'Vehicles', 'Longpasta']",2021-06-16,3965
6590,['Cryptids'],2012-08-17,740
6591,"['Beings', 'Weird']",2021-01-16,3814
6592,"['Mental Illness', 'Places', 'Science', 'Beings', 'Diary/Journal']",2015-08-27,1845
6593,"['History', 'Science', 'Reality', 'Beings']",2011-05-07,272
6594,['Reality'],2017-02-14,2382
6595,"['Beings', 'Ritual', 'Micropasta']",2022-01-21,4184
6596,"['Mental Illness', 'Reality']",2019-05-15,3202
6597,[],2017-02-16,2384
6598,['Dreams/Sleep'],2013-03-10,945
6599,"['Mental Illness', 'Dismemberment']",2012-12-07,852
6600,['Beings'],2014-02-19,1291
6601,"['Science', 'Nature']",2014-06-24,1416
6602,"['AltLang', 'Dreams/Sleep', 'Beings']",2011-10-21,439
6603,"['Demon/Devil', 'Beings']",2014-05-24,1385
6604,"['Ghosts', 'Disappearances', 'Places', 'Music']",2021-04-13,3901
6605,"['Computers and Internet', 'Mental Illness', 'Reality', 'WriterJosh']",2015-01-21,1627
6606,"['Beings', 'Mental Illness', 'HPL']",2012-03-18,588
6607,"['Animals', 'Nature', 'Reality']",2012-04-21,622
6608,['Monsters'],2013-02-16,923
6609,['Mental Illness'],2017-03-31,2427
6610,['Monsters'],2013-05-25,1021
6611,"['Mental Illness', 'Places']",2015-01-11,1617
6612,"['EAP', 'Poetry']",2018-01-18,2720
6613,"['AltLang', 'Mental Illness', 'Dismemberment']",2012-03-10,580
6614,"['AltLang', 'Ghosts', 'Disappearances', 'Diary/Journal']",2012-10-16,800
6615,"['AltLang', 'Demon/Devil', 'Television', 'Theory']",2014-02-09,1281
6616,"['AltLang', 'Disappearances', 'Computers and Internet']",2023-05-10,4658
6617,['Monsters'],2013-12-28,1238
6618,"['Items/Objects', 'Diary/Journal']",2013-11-07,1187
6619,"['Items/Objects', 'Science']",2023-01-19,4547
6620,"['Military', 'Reddit Pastas', 'Longpasta']",2019-03-11,3137
6621,['Mental Illness'],2015-02-07,1644
6622,['Mental Illness'],2013-05-31,1027
6623,['Mental Illness'],2013-12-09,1219
6624,"['Beings', 'Reality']",2016-04-23,2085
6625,"['Places', 'Ritual', 'Historical Archive', 'Micropasta']",2010-08-16,8
6626,"['Mental Illness', 'Military']",2021-05-02,3920
6627,"['Mental Illness', 'Beings']",2015-10-01,1880
6628,['Mental Illness'],2013-03-03,938
6629,"['Mental Illness', 'Science', 'Reality', 'D. Compton Ambrose']",2018-11-06,3012
6630,"['Space', 'Science', 'Dismemberment', 'Reality', 'RedNovaTyrant', 'Videos']",2019-03-25,3151
6631,"['Cryptids', 'Disappearances', 'Doom Vroom', 'Videos', 'Jollytime Murderfest 2016', 'Christmas']",2016-12-15,2321
6632,"['Beings', 'Dourdan']",2018-10-28,3003
6633,"['Beings', 'Science']",2014-10-26,1540
6634,"['Items/Objects', 'Mental Illness', 'Places']",2015-03-24,1689
6635,"['Nature', 'Reality', 'Vehicles']",2018-02-08,2741
6636,"['Mental Illness', 'Disappearances']",2018-06-17,2870
6637,"['HPL', 'Poetry']",2012-04-14,615
6638,"['Beings', 'Diary/Journal', 'Mental Illness']",2023-12-15,4877
6639,"['StalkerShrike', 'Monsters']",2020-11-08,3745
6640,['Beings'],2016-04-18,2080
6641,"['Weird', 'Theory', 'EtherBot']",2017-05-02,2459
6642,"['NSFW', 'Science', 'Space']",2016-08-23,2207
6643,"['HLWerewolf2017', 'Monsters']",2017-10-14,2624
6644,"['Beings', 'Weird']",2017-03-25,2421
6645,"['Monsters', 'Dismemberment']",2018-04-26,2818
6646,"['Beings', 'Dreams/Sleep']",2014-04-20,1351
6647,"['Disappearances', 'Dark Humour 2017']",2017-02-13,2381
6648,"['Dreams/Sleep', 'Reality']",2011-11-16,465
6649,['Monsters'],2017-02-07,2375
6650,['Monsters'],2014-02-19,1291
6651,"['Beings', 'Places', 'Items/Objects']",2012-11-27,842
6652,"['Monsters', 'Diary/Journal']",2014-10-31,1545
6653,"['Reddit Pastas', 'Demon/Devil', 'Dismemberment', 'Weird']",2016-02-11,2013
6654,"[' Videos', 'Reality', 'Beings', 'RedNovaTyrant']",2019-08-16,3295
6655,"['Weird', 'Mental Illness']",2022-08-13,4388
6656,"['Weird', 'Mental Illness', 'ZugZuwang']",2022-03-31,4253
6657,"['Mental Illness', 'Items/Objects']",2013-01-14,890
6658,['Beings'],2014-08-28,1481
6659,"['Reality', 'Dreams/Sleep']",2012-06-08,670
6660,"['DFPC15', 'Beings', 'Items/Objects']",2014-08-19,1472
6661,['Mental Illness'],2012-06-25,687
6662,"['Beings', 'CWSC21', 'Contest Winner', 'Music']",2021-02-26,3855
6663,"['AGB', 'Mental Illness']",2012-06-17,679
6664,['Ghosts'],2014-05-24,1385
6665,"['Dreams/Sleep', 'Reality']",2014-01-09,1250
6666,"['Places', 'Micropasta']",2018-06-24,2877
6667,"['Beings', 'Items/Objects', 'Mental Illness', 'Places']",2015-09-06,1855
6668,"['Animals', 'Dismemberment', 'Fairy Tale 2015']",2015-05-26,1752
6669,"['HPL', 'Beings']",2012-04-01,602
6670,['PokéMon'],2012-06-26,688
6671,"['Places', 'Ghosts']",2015-03-22,1687
6672,"['Monsters', 'Disappearances']",2015-06-03,1760
6673,"['REH', 'Dismemberment', 'Beings', 'Reality', 'History']",2017-09-25,2605
6674,"['Ghosts', 'Places']",2013-08-23,1111
6675,"['Mental Illness', 'Micropasta']",2012-03-06,576
6676,"['Reality', 'Micropasta']",2013-10-26,1175
6677,"['Dismemberment', 'Beings']",2013-12-07,1217
6678,"['Places', 'Beings', 'Ritual']",2011-05-13,278
6679,"['We Go Bump 2', 'Disappearances', 'Dismemberment', 'Mental Illness']",2012-11-10,825
6680,"['Beings', 'Ritual']",2019-10-06,3346
6681,"['ClericofMadness', 'Mental Illness', 'Halloween', 'Troll Pasta', 'Animals']",2011-03-31,235
6682,"['Monsters', 'Dismemberment', 'RedNovaTyrant']",2021-09-27,4068
6683,['Weird'],2019-05-15,3202
6684,"['Music', 'Mental Illness', 'Demon/Devil', 'Beings', 'Items/Objects']",2018-05-07,2829
6685,"['Mental Illness', 'Places']",2014-01-02,1243
6686,"['DFPC15', 'Disappearances', 'Ghosts', 'Halloween', 'History', 'Places', 'Videos', 'We Go Bump 3']",2013-05-17,1013
6687,['Ghosts'],2011-12-26,505
6688,"['History', 'Cryptids']",2012-06-13,675
6689,"['Diary/Journal', 'Beings']",2012-06-03,665
6690,"['Items/Objects', 'Mental Illness']",2020-06-13,3597
6691,"['Weird', 'Mental Illness']",2018-04-06,2798
6692,"['Animals', 'Demon/Devil', 'Disappearances', 'Places']",2014-05-18,1379
6693,"['HopelessNightOwl', 'Science', 'Weird']",2019-09-17,3327
6694,['Demon/Devil'],2014-03-08,1308
6695,"['CharminglyShallow', 'Dreams/Sleep', 'Music', 'Weird']",2016-09-27,2242
6696,"['Beings', 'Mental Illness', 'Mirrors']",2013-01-06,882
6697,['Lovecraftian'],2012-02-29,570
6698,"['Beings', 'Mirrors']",2010-08-18,10
6699,"['HPL', 'Poetry']",2012-04-14,615
6700,['Music'],2014-01-05,1246
6701,"['HopelessNightOwl', 'Disappearances', 'Places', 'Reality']",2019-05-29,3216
6702,"['Ghosts', 'Nature']",2019-09-18,3328
6703,"['Places', 'Beings', 'Longpasta']",2013-10-16,1165
6704,"['Dreams/Sleep', 'Items/Objects', 'Mmpratt99 deviantart', 'Places']",2014-08-14,1467
6705,"['Beings', 'Dreams/Sleep', 'Jdeschene']",2018-03-31,2792
6706,['Ghosts'],2016-12-04,2310
6707,"['Weird', 'Spotlighted Pastas', 'Vehicles']",2012-12-08,853
6708,['Dismemberment'],2013-08-17,1105
6709,"['DFPC15', 'Reality', 'Beings', 'Science']",2014-08-14,1467
6710,"['Monsters', 'Vehicles']",2022-11-19,4486
6711,"['Monsters', 'Science', 'Military']",2011-03-11,215
6712,"['Reality', 'Weird']",2022-05-05,4288
6713,"['Diary/Journal', 'Items/Objects']",2013-09-02,1121
6714,"['Beings', 'Places', 'Disappearances']",2012-04-19,620
6715,['Dismemberment'],2014-08-23,1476
6716,"['Halloween', ""The Vesper's Bell"", 'Beings', 'Ghosts']",2020-10-31,3737
6717,"['Demon/Devil', 'Dreams/Sleep']",2012-02-02,543
6718,"['Ritual', 'Items/Objects', 'Videos', 'Ghosts', 'Historical Archive']",2011-07-18,344
6719,"['Reality', 'Ghosts']",2013-05-20,1016
6720,"['Mirrors', 'Science']",2013-04-09,975
6721,"['MakRalston', 'Halloween', 'Halloween 2021', 'Beings', 'Reality']",2021-10-12,4083
6722,['Places'],2013-10-18,1167
6723,"['Ghosts', 'Computers and Internet']",2013-06-30,1057
6724,"['Weird', 'Micropasta']",2022-12-12,4509
6725,"['Mental Illness', 'Places']",2015-07-26,1813
6726,"['Mental Illness', 'Videos']",2013-10-01,1150
6727,"['CWWriting15', 'Shadowswimmer77', 'Monsters', 'Videos']",2015-04-05,1701
6728,"['Weird', 'Parlour', 'Dismemberment']",2018-05-16,2838
6729,['Ghosts'],2017-05-13,2470
6730,['Computers and Internet'],2013-11-11,1191
6731,"['Dismemberment', 'Items/Objects']",2012-12-10,855
6732,"['NSFW', 'Beings', 'Jdeschene']",2018-08-16,2930
6733,['Weird'],2017-05-09,2466
6734,"['Historical Archive', 'Disappearances', 'Weird', 'Micropasta']",2011-09-04,392
6735,"[' HWC23', ' Halloween', 'Crime', 'Mental Illness']",2023-10-23,4824
6736,"['Military', 'Gods', 'Reality', 'Micropasta']",2016-03-20,2051
6737,"['Military', 'Longpasta']",2013-05-30,1026
6738,"['Weird', 'Dismemberment']",2015-06-16,1773
6739,"['Ghosts', 'Micropasta']",2014-05-17,1378
6740,"['Weird', 'Micropasta']",2020-12-19,3786
6741,['Weird'],2019-07-11,3259
6742,"['Ghosts', 'Computers and Internet']",2015-05-19,1745
6743,"['AGB', 'Mental Illness']",2012-05-20,651
6744,['Beings'],2012-06-27,689
6745,"['Computers and Internet', 'Beings']",2017-09-09,2589
6746,"['Monsters', 'Nature', 'Animals']",2015-06-22,1779
6747,['Beings'],2012-08-16,739
6748,"['Historical Archive', 'Ritual', 'History', 'Micropasta']",2011-01-04,149
6749,"['Weird', 'Mental Illness']",2019-09-19,3329
6750,"['Ritual', 'Beings', 'Historical Archive', 'Micropasta']",2011-03-20,224
6751,"['NSFW', 'Dismemberment', 'Jdeschene', 'Videos']",2018-07-21,2904
6752,"['AGB', 'Mental Illness']",2012-05-25,656
6753,"['Places', 'Ghosts']",2012-09-15,769
6754,['Mental Illness'],2012-05-24,655
6755,"['Beings', 'Dreams/Sleep', 'Historical Archive']",2012-11-26,841
6756,"['Demon/Devil', 'Places']",2012-11-17,832
6757,"['Mental Illness', 'Military', 'PotM']",2016-04-29,2091
6758,"['Disappearances', 'Mental Illness']",2013-11-25,1205
6759,['Dreams/Sleep'],2012-07-04,696
6760,['Monsters'],2014-06-16,1408
6761,['Mental Illness'],2014-03-05,1305
6762,['Memes'],2014-02-23,1295
6763,"['Beings', 'Memes', 'Weird', 'MalumLibrum958']",2022-11-16,4483
6764,"['Monsters', 'Dismemberment', 'Vehicles']",2015-07-02,1789
6765,"['Beings', 'Science', 'Ghosts']",2012-05-19,650
6766,"['Beings', 'Dreams/Sleep', 'Nature', 'Animals', 'Kolpik', 'Places']",2018-04-03,2795
6767,"['Beings', 'Historical Archive']",2010-11-06,90
6768,['Beings'],2013-07-23,1080
6769,"['Vehicles', 'Weird', 'MalumLibrum958']",2022-11-13,4480
6770,"['Beings', 'Mental Illness', 'Dismemberment']",2016-11-13,2289
6771,['Dreams/Sleep'],2015-08-11,1829
6772,"['Beings', 'Mental Illness']",2012-08-24,747
6773,"['Hospitals', 'Mental Illness']",2016-12-31,2337
6774,"['Appealed Spinoffs', 'PokéMon']",2013-10-05,1154
6775,"['Space', 'Military']",2013-01-30,906
6776,"['Space', 'Animals', 'Lovecraftian', 'Science']",2015-04-19,1715
6777,"['Science', 'Military', 'Diary/Journal']",2012-07-15,707
6778,"['Diary/Journal', 'Military']",2013-10-20,1169
6779,"['Disappearances', 'Science', 'Reddit Pastas', 'PotM', 'Longpasta']",2013-12-24,1234
6780,"['Appealed Spinoffs', 'Computers and Internet', 'Military']",2014-04-20,1351
6781,"['Historical Archive', 'Lovecraftian', 'Gods', 'Animals']",2011-02-14,190
6782,"['Beings', 'Dreams/Sleep']",2013-01-14,890
6783,"['Monsters', 'Longpasta']",2014-12-28,1603
6784,"['ClericofMadness', 'Ghosts', 'Animals', 'Micropasta']",2010-08-18,10
6785,['Mental Illness'],2020-05-14,3567
6786,"['Beings', 'Lovecraftian']",2019-04-12,3169
6787,['Mental Illness'],2014-06-19,1411
6788,"['Books', 'Mental Illness']",2014-12-06,1581
6789,"['Beings', 'Mental Illness', 'Dreams/Sleep']",2012-12-02,847
6790,"['Icydice', 'Mental Illness', 'Monsters']",2023-09-04,4775
6791,"['Theory', 'Reality']",2020-09-14,3690
6792,"['Demon/Devil', 'Dreams/Sleep', 'Mental Illness', 'Reality']",2014-01-16,1257
6793,['Demon/Devil'],2013-01-08,884
6794,"['Diary/Journal', 'Places', 'Science', 'Longpasta']",2023-09-04,4775
6795,"['Places', 'Beings', 'Historical Archive']",2011-08-15,372
6796,"['Places', 'Beings', 'Items/Objects', 'Animals']",2018-10-25,3000
6797,['Beings'],2013-04-21,987
6798,"['Glisario', 'Reality', 'Television']",2019-05-29,3216
6799,['Historical Archive/PD'],2018-08-13,2927
6800,"['Mental Illness', 'Ghosts']",2018-08-13,2927
6801,"['Diary/Journal', 'Dreams/Sleep', 'Ghosts', 'Mmpratt99 deviantart', 'Places', 'Weird', 'Longpasta']",2017-09-18,2598
6802,"['Beings', 'Mirrors']",2013-12-07,1217
6803,"['Ritual', 'Disappearances']",2018-08-06,2920
6804,"['Beings', 'Micropasta']",2013-08-29,1117
6805,"['Beings', 'Lovecraftian', 'Science', 'Space', 'Weird']",2018-12-10,3046
6806,"['Items/Objects', 'Ghosts']",2011-07-21,347
6807,"['Mental Illness', 'Micropasta']",2015-02-06,1643
6808,"['Animals', 'Mental Illness', 'Reddit Pastas', 'Micropasta']",2015-02-17,1654
6809,['Video Games'],2013-02-10,917
6810,"['Animals', 'Mental Illness']",2017-11-15,2656
6811,"['Mental Illness', 'Micropasta']",2014-05-25,1386
6812,"['Places', 'Mental Illness']",2013-10-29,1178
6813,['Ghosts'],2017-10-28,2638
6814,"['Mental Illness', 'Monsters']",2015-06-12,1769
6815,"['Beings', 'Places']",2013-03-20,955
6816,"['EmpyrealInvective', 'Mental Illness', 'NSFW', 'Videos']",2014-12-06,1581
6817,"['Ghosts', 'Disappearances', 'Places', 'Mirrors']",2011-10-02,420
6818,"['Beings', 'Halloween', 'Mental Illness', 'PotM', 'Nature']",2014-04-12,1343
6819,"['Beings', 'Mental Illness', 'Diary/Journal', 'Disappearances']",2014-02-04,1276
6820,"['Beings', 'Computers and Internet', 'Mental Illness', 'Dismemberment']",2017-05-21,2478
6821,"['Mental Illness', 'Reality']",2013-12-10,1220
6822,"['HPL', 'Longpasta']",2015-03-18,1683
6823,"['Mental Illness', 'Longpasta']",2013-10-11,1160
6824,"['Nature', 'Beings']",2013-01-20,896
6825,"['Dreams/Sleep', 'Beings']",2013-08-10,1098
6826,"['Mental Illness', 'Dismemberment', 'Historical Archive']",2010-11-04,88
6827,"['Reality', 'Mental Illness']",2017-05-12,2469
6828,"['SnakeTongue237', 'Dismemberment', 'SnakeTongue237']",2015-03-13,1678
6829,['Monsters'],2014-01-06,1247
6830,"['Beings', 'Dreams/Sleep', 'Micropasta']",2021-03-10,3867
6831,"['Reality', 'Dreams/Sleep']",2013-03-21,956
6832,"['Mental Illness', 'Places', 'Reality']",2013-03-04,939
6833,"['Places', 'Tewahway', 'Gods']",2022-02-04,4198
6834,['Monsters'],2012-04-07,608
6835,"['Spotlighted Pastas', 'Diary/Journal', 'Nature', 'Science']",2022-10-06,4442
6836,"['NSFW', 'Weird', 'Dismemberment', 'Mental Illness', 'Photography']",2022-02-25,4219
6837,"['Animals', 'Gods', 'Reality']",2013-09-09,1128
6838,['Diary/Journal'],2017-03-20,2416
6839,"['Animals', 'Demon/Devil']",2013-08-11,1099
6840,['Reality'],2014-01-18,1259
6841,"['Places', 'Weird']",2023-01-14,4542
6842,"['Disappearances', 'Beings', 'Animals']",2021-05-24,3942
6843,['Video Games'],2012-11-13,828
6844,"['Mental Illness', 'Dreams/Sleep', 'Dismemberment', 'Beings']",2011-07-06,332
6845,"['Nature', 'Diary/Journal']",2014-10-16,1530
6846,"['HPL', 'Poetry']",2012-04-15,616
6847,"['Demon/Devil', 'Diary/Journal']",2011-02-28,204
6848,"['EmpyrealInvective', 'Gods', 'Lovecraftian', 'Mental Illness', 'Videos', 'PotM']",2017-02-08,2376
6849,"['Dismemberment', 'Science', 'Micropasta']",2014-11-16,1561
6850,"['Beings', 'Weird']",2015-03-20,1685
6851,"['Mental Illness', 'Beings']",2014-08-17,1470
6852,"['Books', 'Demon/Devil', 'Ritual']",2013-04-30,996
6853,"['Monsters', 'Places']",2015-06-29,1786
6854,"['Science', 'Monsters']",2013-05-12,1008
6855,"['Suggested Reading', 'Historical Archive', 'Computers and Internet']",2011-08-06,363
6856,"['Mental Illness', 'Lovecraftian']",2014-07-01,1423
6857,"['Poetry', 'Beings']",2014-07-19,1441
6858,['Dreams/Sleep'],2014-05-07,1368
6859,"['Mental Illness', 'Monsters']",2017-04-20,2447
6860,"['Places', 'Diary/Journal']",2014-08-22,1475
6861,"['Science', 'Tewahway', 'Reality', 'Videos']",2022-03-16,4238
6862,['Items/Objects'],2014-11-05,1550
6863,"['Demon/Devil', 'Mirrors', 'Ritual', 'CPWDemonDevil2015']",2015-06-25,1782
6864,['Monsters'],2014-11-05,1550
6865,"['Monsters', 'Theory']",2014-04-15,1346
6866,"['Dismemberment', 'Disappearances', 'Beings', 'Mental Illness']",2012-07-19,711
6867,"['Disappearances', 'Weird']",2011-06-24,320
6868,['Monsters'],2020-10-02,3708
6869,"['Places', 'Diary/Journal', 'Mental Illness', 'Beings']",2014-02-25,1297
6870,"['Science', 'Weird']",2018-10-17,2992
6871,"['EmpyrealInvective', 'Nature']",2014-01-19,1260
6872,['PokéMon'],2012-02-21,562
6873,['Cryptids'],2013-09-17,1136
6874,"['Dreams/Sleep', 'Beings']",2011-06-23,319
6875,"['GreyOwl', 'Reality', 'Beings', 'Mental Illness', 'Videos']",2014-08-01,1454
6876,['Theory'],2013-03-10,945
6877,['Mental Illness'],2013-05-04,1000
6878,"['Ghosts', 'Reality']",2011-05-11,276
6879,"['Mirrors', 'Beings', 'Disappearances']",2011-03-23,227
6880,"['Disappearances', 'Weird', 'Television']",2014-11-25,1570
6881,"['Diary/Journal', 'Demon/Devil']",2013-02-06,913
6882,['Beings'],2012-11-28,843
6883,['PokéMon'],2011-08-17,374
6884,"['Beings', 'Mental Illness', 'Historical Archive']",2011-06-30,326
6885,"['Science', 'Theory']",2013-08-13,1101
6886,"['Animals', 'Mental Illness', 'Science']",2015-02-07,1644
6887,"['Weird', 'Items/Objects']",2018-02-01,2734
6888,"['Mental Illness', 'Beings', 'Reality']",2013-12-03,1213
6889,['Reality'],2013-11-16,1196
6890,"['Places', 'Beings', 'Photography']",2011-03-21,225
6891,"['Dismemberment', 'Jdeschene']",2018-05-08,2830
6892,"['Beings', 'Places']",2015-02-25,1662
6893,"['Beings', 'Micropasta']",2012-04-11,612
6894,['Beings'],2012-07-05,697
6895,"['CPWDemonDevil2015', 'Tiololo', 'Demon/Devil', 'Mental Illness', 'Science']",2015-06-15,1772
6896,"['Diary/Journal', 'Ritual']",2016-06-30,2153
6897,"['Demon/Devil', 'Jdeschene']",2018-06-15,2868
6898,"['Mental Illness', 'Dreams/Sleep']",2014-01-08,1249
6899,"['Crime', 'Computers and Internet', 'Dismemberment', 'Mental Illness', 'Places', 'Spotlighted Pastas', 'We Go Bump 3', 'Longpasta']",2015-01-15,1621
6900,['Beings'],2020-07-25,3639
6901,"['Disappearances', 'Weird', 'Reality']",2018-05-17,2839
6902,"['Nature', 'Places']",2013-08-28,1116
6903,['Ghosts'],2013-07-28,1085
6904,['Beings'],2013-11-29,1209
6905,"['DFPC15', 'Animals', 'Dismemberment', 'Mental Illness', 'Videos']",2014-06-16,1408
6906,['Monsters'],2020-07-07,3621
6907,"['Beings', 'Dreams/Sleep']",2013-08-24,1112
6908,"['Weird', 'Mental Illness']",2015-04-03,1699
6909,['Mental Illness'],2014-09-20,1504
6910,"['Science', 'Mental Illness', 'Diary/Journal', 'NSFW']",2012-12-25,870
6911,"['Hospitals', 'Mental Illness']",2017-09-24,2604
6912,"['Mental Illness', 'Dismemberment', 'Diary/Journal']",2014-01-29,1270
6913,"['Historical Archive', 'Science', 'Beings', 'Mental Illness', 'Diary/Journal', 'Hospitals']",2010-08-17,9
6914,['Mental Illness'],2013-01-31,907
6915,"['Dgrady237', 'Wheel of Misfortune 2022', 'Food', 'Weird']",2022-04-30,4283
6916,"['Diary/Journal', 'Computers and Internet', 'Longpasta']",2020-08-23,3668
6917,"['Animals', 'Beings', 'Halloween', 'Mmpratt99 deviantart', 'We Go Bump 3']",2012-03-04,574
6918,"['Liminal Spaces 2022', 'Mental Illness', 'Nature', 'Beings', 'Weird']",2022-09-01,4407
6919,"['Theory', 'Mental Illness']",2014-11-19,1564
6920,['Mental Illness'],2012-06-25,687
6921,['Beings'],2016-05-18,2110
6922,"['Beings', 'Dreams/Sleep']",2013-12-06,1216
6923,"['Ritual', 'Lovecraftian', 'Beings']",2014-10-31,1545
6924,['Reality'],2015-11-08,1918
6925,"['Items/Objects', 'Reddit Pastas']",2017-03-07,2403
6926,"['Mental Illness', 'Weird', 'Micropasta']",2017-09-05,2585
6927,['Computers and Internet'],2012-11-05,820
6928,['Beings'],2015-07-09,1796
6929,"['Computers and Internet|Peering into Another World', 'Books|Peering into Another World']",2013-02-06,913
6930,"['Mental Illness', 'Umbrello', 'Micropasta']",2015-06-09,1766
6931,"['Cryptids', 'Memes', 'Books']",2012-09-12,766
6932,"['Weird', 'Computers and Internet']",2015-01-29,1635
6933,['Computers and Internet'],2014-08-09,1462
6934,"['Ghosts', 'Micropasta']",2011-08-24,381
6935,"['Diary/Journal', 'Mental Illness', 'Places']",2013-02-20,927
6936,"['Appealed Stories', 'Dismemberment', 'Diary/Journal']",2013-12-20,1230
6937,"['Beings', 'Disappearances', 'Photography', 'Crime', 'PotM', 'Reddit Pastas', 'Suggested Reading', 'Longpasta']",2013-11-06,1186
6938,"['Historical Archive', 'Ritual', 'Demon/Devil', 'Mirrors', 'Micropasta']",2011-01-14,159
6939,"['Vehicles', 'Crime']",2023-08-30,4770
6940,['REH'],2018-01-12,2714
6941,['Diary/Journal'],2013-07-25,1082
6942,"['Animals', 'Dreams/Sleep', 'Monsters', 'Micropasta']",2013-01-08,884
6943,"['Demon/Devil', 'Places']",2019-05-23,3210
6944,"['Halloween 2021', 'Halloween', 'Gods', 'Ritual', 'Reality', 'ZugZuwang', 'Videos']",2021-10-19,4090
6945,"['Places', 'Ritual', 'Nature', 'Micropasta']",2011-04-22,257
6946,['Mental Illness'],2015-01-29,1635
6947,"['Weird', 'Kolpik', 'NSFW']",2018-11-04,3010
6948,"['Dreams/Sleep', 'Music', 'Demon/Devil', 'Weird']",2022-06-12,4326
6949,"['Reality', 'Mental Illness', 'Micropasta']",2013-05-11,1007
6950,"['Disappearances', 'Ghosts', 'Mental Illness']",2012-06-12,674
6951,"['Mental Illness', 'Micropasta']",2012-06-16,678
6952,"['Mental Illness', 'Diary/Journal', 'Historical Archive']",2010-11-07,91
6953,"['Reality', 'Micropasta']",2011-01-29,174
6954,"['Reality', 'Mental Illness', 'Raidra', 'Videos']",2013-10-15,1164
6955,"['Beings', 'Historical Archive', 'Reality', 'Micropasta']",2010-08-09,1
6956,"['Lovecraftian', 'Beings']",2020-10-27,3733
6957,['Science'],2014-06-11,1403
6958,"['Appealed Spinoffs', 'Computers and Internet']",2014-04-19,1350
6959,"['Mental Illness', 'Demon/Devil', 'CPWDemonDevil2015']",2015-07-13,1800
6960,['PokéMon'],2012-08-23,746
6961,"['Dreams/Sleep', 'History']",2016-05-26,2118
6962,"['Monsters', 'Mental Illness']",2011-03-24,228
6963,"['Beings', 'Ritual']",2012-01-12,522
6964,['Animals'],2014-05-24,1385
6965,['Mental Illness'],2018-05-10,2832
6966,"['Videos', 'Mental Illness', 'Shadowswimmer77']",2015-02-12,1649
6967,"['Mirrors', 'Beings']",2015-02-03,1640
6968,"['Monsters', 'Mental Illness', 'Reality', 'Dreams/Sleep']",2013-10-04,1153
6969,"['Beings', 'Halloween']",2014-10-05,1519
6970,"['Beings', 'Disappearances', 'Micropasta']",2013-09-15,1134
6971,['Beings'],2021-06-25,3974
6972,"['Glisario', 'History', 'Beings']",2018-06-20,2873
6973,"['Beings', 'Mental Illness']",2013-06-02,1029
6974,['Mental Illness'],2013-04-14,980
6975,"['Videos', 'Weird', 'Science', 'Micropasta']",2020-06-21,3605
6976,"['Weird', 'Dismemberment', 'Dreams/Sleep']",2021-08-20,4030
6977,"['Monsters', 'Mental Illness', 'Places']",2015-09-16,1865
6978,"['Ritual', 'Lovecraftian']",2015-05-07,1733
6979,['Mental Illness'],2018-05-03,2825
6980,"['Ghosts', 'NSFW', 'Items/Objects']",2014-09-04,1488
6981,['Mental Illness'],2013-03-27,962
6982,['Reality'],2012-08-06,729
6983,"['Military', 'Diary/Journal']",2012-03-19,589
6984,"['Photography', 'Dreams/Sleep']",2018-08-22,2936
6985,"['Photography', 'Disappearances', 'Historical Archive']",2010-11-04,88
6986,"['Lovecraftian', 'Monsters']",2018-04-01,2793
6987,['Demon/Devil'],2015-08-28,1846
6988,"['Music', 'Items/Objects', 'Mental Illness']",2013-05-07,1003
6989,"['History', 'Disappearances', 'Photography']",2012-05-07,638
6990,"['Dreams/Sleep', 'Diary/Journal', 'Video Games']",2013-02-05,912
6991,"['CWWriting15', 'NSFW', 'Mental Illness']",2015-04-08,1704
6992,"['Weird', 'Mental Illness']",2012-10-23,807
6993,"['Beings', 'HPL']",2012-03-24,594
6994,"['RTWC23', 'Photography', 'Crime', 'Alparos-Lilah']",2023-08-25,4765
6995,"['Historical Archive', 'Photography', 'Items/Objects', 'Micropasta']",2011-04-22,257
6996,"['Beings', 'Diary/Journal', 'Television']",2015-01-19,1625
6997,"['Places', 'Dismemberment']",2012-05-19,650
6998,['Computers and Internet'],2014-10-05,1519
6999,"['Animals', 'Science']",2013-09-27,1146
7000,"['REH', 'Animals', 'Monsters', 'Dreams/Sleep', 'Reality', 'Weird', 'Longpasta']",2017-09-25,2605
7001,"['Ghosts', 'Historical Archive', 'Micropasta']",2010-08-18,10
7002,['Reality'],2013-10-25,1174
7003,"['Demon/Devil', 'History', 'Military']",2012-04-05,606
7004,"['Beings', 'Dismemberment']",2015-08-13,1831
7005,"['Beings', 'Places', 'Items/Objects', 'Micropasta']",2013-05-08,1004
7006,['Beings'],2018-05-24,2846
7007,"['Television', 'Micropasta']",2012-01-21,531
7008,"['Beings', 'Places', 'Monsters']",2020-08-26,3671
7009,"['Demon/Devil', 'Places', 'Vehicles']",2014-07-19,1441
7010,"['Appealed Stories', 'Beings']",2014-05-15,1376
7011,"['L0CKED334', 'Beings', 'Places', 'Books']",2018-10-15,2990
7012,"['Mental Illness', 'Computers and Internet']",2020-11-04,3741
7013,"['Items/Objects', 'Weird']",2022-01-23,4186
7014,['Items/Objects'],2021-03-02,3859
7015,"['Mental Illness', 'Dreams/Sleep', 'Micropasta']",2011-11-08,457
7016,"['Military', 'Science', 'Banned In CP']",2018-02-09,2742
7017,"['History', 'Reality', 'Science']",2015-03-03,1668
7018,"['MLycantrope', 'History', 'Mental Illness']",2021-01-16,3814
7019,['Vehicles'],2015-02-20,1657
7020,"['Diary/Journal', 'Space']",2015-08-21,1839
7021,['Lost Episodes'],2013-04-17,983
7022,['Dreams/Sleep'],2014-08-06,1459
7023,"['Beings', 'Dismemberment']",2013-08-05,1093
7024,"['Demon/Devil', 'Television', 'Dreams/Sleep']",2012-02-16,557
7025,"['Reality', 'Theory']",2020-04-13,3536
7026,"['Beings', 'Items/Objects', 'Music']",2011-03-23,227
7027,"['CPWH11', 'Contest Winner', 'Historical Archive', 'PotM', 'Music', 'Demon/Devil', 'Dreams/Sleep', 'Reality']",2011-10-01,419
7028,['Video Games'],2011-12-22,501
7029,"['Beings', 'Weird', 'Micropasta']",2022-04-06,4259
7030,['Mental Illness'],2011-02-22,198
7031,"['Items/Objects', 'Historical Archive']",2010-11-07,91
7032,"['Animals', 'Dismemberment']",2015-02-20,1657
7033,['Ghosts'],2012-08-23,746
7034,"['Dreams/Sleep', 'Items/Objects', 'Mental Illness']",2014-10-01,1515
7035,['Computers and Internet'],2012-08-25,748
7036,"['Beings', 'Ritual', 'Dismemberment', 'Places']",2017-08-20,2569
7037,['Mental Illness'],2013-05-04,1000
7038,['Monsters'],2014-03-11,1311
7039,"['Historical Archive', 'Computers and Internet', 'Dismemberment', 'Micropasta']",2010-08-17,9
7040,"['CPWH11', 'Beings', 'Mental Illness', 'Micropasta']",2011-09-02,390
7041,"['Crime', 'Science', 'RCainTales']",2022-01-31,4194
7042,"['Dreams/Sleep', 'Mental Illness', 'Lovecraftian']",2012-01-23,533
7043,"['Animals', 'Videos']",2016-05-23,2115
7044,"['Mental Illness', 'Television']",2015-02-21,1658
7045,"['Beings', 'Dreams/Sleep', 'Mental Illness']",2011-09-06,394
7046,"['Appealed Stories', 'Beings', 'Micropasta']",2014-08-11,1464
7047,"['Weird', 'Ghosts', 'Micropasta']",2015-07-30,1817
7048,"['Ghosts', 'Mental Illness']",2015-03-22,1687
7049,"['Halloween', 'Umbrello', 'Videos']",2015-10-05,1884
7050,"['Beings', 'Reality']",2016-09-23,2238
7051,"['Beings', 'NSFW', 'Science', 'Weird']",2019-07-19,3267
7052,"['Ghosts', 'Dreams/Sleep', 'Mental Illness', 'Dismemberment', 'Disappearances']",2017-03-26,2422
7053,"['Mental Illness', 'Dismemberment']",2017-02-07,2375
7054,"['Beings', 'Dreams/Sleep', 'Mental Illness', 'Places']",2014-03-25,1325
7055,"['Beings', 'Reality']",2013-01-06,882
7056,['Monsters'],2013-06-15,1042
7057,"['Palaeontologica', 'Monsters']",2021-10-25,4096
7058,"['Diary/Journal', 'Beings', 'Items/Objects', 'Mental Illness']",2011-04-23,258
7059,"['Reality', 'Gods', 'Places']",2014-08-14,1467
7060,"['HPL', 'Poetry']",2012-04-15,616
7061,"['HPL', 'Poetry', 'Music', 'Gods', 'Books']",2017-09-22,2602
7062,"['Reality', 'Dismemberment', 'Disappearances', 'Mental Illness']",2015-02-25,1662
7063,['Video Games'],2011-03-24,228
7064,"['Beings', 'Reality', 'Items/Objects', 'Jdeschene', 'Videos']",2020-08-22,3667
7065,['Beings'],2012-07-15,707
7066,"['DFPC15', 'We Go Bump 2', 'Gods', 'Poetry', 'Reality']",2014-08-30,1483
7067,"['Reality', 'Food', 'Micropasta']",2013-09-09,1128
7068,"['Mental Illness', 'Places']",2015-06-10,1767
7069,"['PokéMon', 'Videos']",2012-05-04,635
7070,"['PokéMon', 'Historical Archive', 'Memes']",2010-08-08,0
7071,"['PokéMon', 'Historical Archive']",2011-09-03,391
7072,"['Appealed Spinoffs', 'PokéMon']",2013-09-04,1123
7073,"['Appealed Spinoffs', 'PokéMon']",2013-10-09,1158
7074,['PokéMon'],2011-11-05,454
7075,"['PokéMon', 'Videos', 'Memes', 'Historical Archive']",2010-10-15,68
7076,['PokéMon'],2012-01-12,522
7077,"['PokéMon', 'Theory', 'Historical Archive', 'Micropasta']",2011-03-05,209
7078,['PokéMon'],2011-06-26,322
7079,"['Historical Archive', 'Reality', 'Science', 'Micropasta']",2010-08-19,11
7080,['HPL'],2012-04-03,604
7081,"['EAP', 'Poetry']",2017-10-24,2634
7082,['PokéMon'],2012-05-26,657
7083,"['Monsters', 'Weird', 'Places', 'Beings']",2021-10-10,4081
7084,"['Items/Objects', 'Ghosts', 'Historical Archive']",2010-11-07,91
7085,"['Ghosts', 'Crime']",2012-08-14,737
7086,"['Video Games', 'Memes', 'Historical Archive', 'Micropasta']",2011-02-19,195
7087,"['Video Games', 'Diary/Journal']",2014-01-18,1259
7088,['Animals'],2014-04-20,1351
7089,['Beings'],2020-05-08,3561
7090,"['Floyd Pinkerton', 'Animals']",2018-04-27,2819
7091,['Animals'],2015-02-05,1642
7092,['Monsters'],2014-08-14,1467
7093,"['PokéMon', 'Theory', 'Historical Archive', 'Micropasta']",2011-07-26,352
7094,"['NSFW', 'Dismemberment', 'Mental Illness']",2014-03-18,1318
7095,"['Poetry', 'Monsters']",2022-05-08,4291
7096,"['Computers and Internet', 'Beings', 'Historical Archive', 'Micropasta']",2011-06-02,298
7097,"['Beings', 'Dismemberment', 'Items/Objects']",2020-05-19,3572
7098,"['PotM', 'Disappearances', 'Nature', 'Science', 'Cornconic', 'Videos']",2021-08-19,4029
7099,"['Nature', 'Beings', 'Disappearances']",2021-08-15,4025
7100,"['Weird', 'Items/Objects', 'Disappearances', 'NSFW']",2015-02-17,1654
7101,"['Historical Archive/PD', 'Poetry']",2018-05-18,2840
7102,"['Places', 'Ghosts', 'History', 'Weird']",2014-10-05,1519
7103,"['Video Games', 'Items/Objects']",2012-01-06,516
7104,['Items/Objects'],2012-01-01,511
7105,"['Dreams/Sleep', 'ExRwood', 'Weird']",2021-08-14,4024
7106,"['Kafka', 'Gods', 'Places']",2017-09-28,2608
7107,['Animals'],2013-02-27,934
7108,['Reality'],2013-11-30,1210
7109,"['Diary/Journal', 'EmpyrealInvective', 'Videos']",2013-11-01,1181
7110,"['Reality', 'Photography', 'History', 'Micropasta']",2011-07-02,328
7111,"['Beings', 'Hospitals', 'Mental Illness']",2013-08-03,1091
7112,"['Science', 'Dismemberment']",2019-09-20,3330
7113,"['ClericofMadness', 'Gods']",2011-03-31,235
7114,['Weird'],2023-10-17,4818
7115,"['Beings', 'Micropasta']",2014-07-05,1427
7116,"['Dorkpool', 'Weird']",2015-04-08,1704
7117,"['ClericofMadness', 'Mental Illness', 'Micropasta']",2011-03-31,235
7118,"['Beings', 'Computers and Internet']",2016-10-19,2264
7119,"['History', 'Military', 'Places', 'Monsters', 'Longpasta']",2021-10-08,4079
7120,['Weird'],2020-05-11,3564
7121,['Mental Illness'],2013-02-07,914
7122,"['Dreams/Sleep', 'Monsters']",2011-03-23,227
7123,"['Animals', 'Weird', 'Dismemberment', 'Jdeschene', 'Videos', 'Disappearances']",2018-07-17,2900
7124,['Weird'],2015-03-27,1692
7125,"['Items/Objects', 'Reality', 'Theory']",2011-04-19,254
7126,"['Monsters', 'Micropasta']",2011-04-27,262
7127,"['Mental Illness', 'Science']",2012-04-08,609
7128,['Beings'],2014-08-01,1454
7129,"['AGB', 'Videos']",2018-07-10,2893
7130,"['AustinDR', 'Gods', 'Lovecraftian']",2019-12-22,3423
7131,"['Gods', 'Reality']",2013-06-25,1052
7132,"['Science', 'Mental Illness']",2013-05-31,1027
7133,"['Demon/Devil', 'Mmpratt99 deviantart', 'Mythology 2015', 'Ritual', 'Longpasta']",2015-03-23,1688
7134,"['Computers and Internet', 'NSFW']",2013-11-24,1204
7135,"['L0CKED334', 'Animals', 'Hospitals']",2018-11-02,3008
7136,"['NSFW', 'Weird']",2016-06-07,2130
7137,"['Diary/Journal', 'Mental Illness']",2016-04-09,2071
7138,"['Reality', 'Micropasta']",2011-09-04,392
7139,"['Beings', 'Places', 'Historical Archive', 'Nature']",2012-01-28,538
7140,['Ghosts'],2018-08-22,2936
7141,['Dismemberment'],2014-02-24,1296
7142,['Animals'],2012-08-20,743
7143,['Monsters'],2022-01-15,4178
7144,['Weird'],2016-10-01,2246
7145,"['Places', 'Mental Illness', 'Weird']",2013-02-21,928
7146,['Places'],2013-02-27,934
7147,"['Animals', 'Demon/Devil']",2013-01-04,880
7148,['Mental Illness'],2015-03-24,1689
7149,"['Reality', 'Mental Illness']",2014-03-26,1326
7150,"['Theory', 'Ritual', 'Science', 'Reality']",2012-06-21,683
7151,"['Weird', 'Science', 'Micropasta']",2020-08-16,3661
7152,"['Dismemberment', 'Monsters', 'Places']",2013-12-14,1224
7153,"['Dreams/Sleep', 'Crime', 'Places']",2014-11-09,1554
7154,"['Stormlilly', 'Beings', 'Crime']",2013-09-30,1149
7155,"['Dismemberment', 'Crime', 'Places']",2012-11-18,833
7156,"['History', 'Crime']",2020-01-26,3458
7157,"['History', 'Dreams/Sleep', 'Military', 'Places']",2010-08-18,10
7158,"['Items/Objects', 'Animals']",2014-04-30,1361
7159,['Computers and Internet'],2012-05-08,639
7160,"['StalkerShrike', 'Animals', 'Dismemberment', 'Reality']",2021-04-10,3898
7161,"['Science', 'Items/Objects']",2013-05-08,1004
7162,['Mental Illness'],2015-05-29,1755
7163,"['Mirrors', 'Mental Illness', 'Dismemberment', 'Dreams/Sleep']",2015-01-17,1623
7164,"['Mental Illness', 'Micropasta']",2011-09-04,392
7165,"['Palaeontologica', 'Science', 'Reality']",2021-11-29,4131
7166,['PokéMon'],2012-10-05,789
7167,"['Science', 'History', 'Military']",2014-08-06,1459
7168,"['Diary/Journal', 'Beings']",2013-03-10,945
7169,"['Dreams/Sleep', 'Mental Illness', 'Beings']",2015-12-09,1949
7170,"['Demon/Devil', 'Diary/Journal', 'Mental Illness']",2015-07-22,1809
7171,"['Military', 'Science']",2011-11-14,463
7172,['Items/Objects'],2016-01-30,2001
7173,"['Items/Objects', 'Computers and Internet', 'Theory']",2014-09-18,1502
7174,['Weird'],2020-12-27,3794
7175,['Ghosts'],2012-06-29,691
7176,['Ghosts'],2012-10-25,809
7177,['Ghosts'],2013-10-19,1168
7178,"['Beings', 'Disappearances', 'Micropasta']",2014-06-06,1398
7179,"['HPL', 'Poetry']",2012-04-15,616
7180,"['Dismemberment', 'Mental Illness', 'Science']",2014-03-16,1316
7181,"['Science', 'Diary/Journal', 'Dismemberment']",2014-08-31,1484
7182,['Dismemberment'],2012-09-04,758
7183,"['Weird', 'NSFW']",2014-07-30,1452
7184,"['PotM', 'Science', 'Mental Illness', 'Disappearances']",2014-04-25,1356
7185,['Beings'],2016-06-16,2139
7186,"['HPL', 'Poetry']",2017-10-05,2615
7187,"['Diary/Journal', 'Dismemberment', 'Mental Illness', 'Vehicles']",2015-07-14,1801
7188,"['Weird', 'NSFW', 'Jdeschene']",2020-05-04,3557
7189,['Mental Illness'],2013-01-15,891
7190,"['Ghosts', 'Places']",2014-11-07,1552
7191,"['Tiololo', 'Mental Illness', 'Dismemberment']",2015-04-04,1700
7192,['Weird'],2015-03-13,1678
7193,"['Places', 'Lovecraftian']",2020-05-23,3576
7194,"['Disappearances', 'Halloween', 'Items/Objects', 'Nature', 'Places']",2018-09-20,2965
7195,['Weird'],2015-08-24,1842
7196,['Weird'],2021-08-13,4023
7197,['Beings'],2014-07-18,1440
7198,"['Items/Objects', 'Mental Illness', 'Jdeschene', 'Videos']",2018-09-28,2973
7199,"['Military', 'Reality', 'Dreams/Sleep', 'Dismemberment']",2015-03-17,1682
7200,"['Ghosts', 'Demon/Devil']",2023-08-04,4744
7201,"['Beings', 'Dreams/Sleep']",2014-06-26,1418
7202,['Demon/Devil'],2013-07-15,1072
7203,['Mental Illness'],2013-04-26,992
7204,"['Beings', 'Weird']",2018-02-21,2754
7205,"['Beings', 'Computers and Internet', 'Dismemberment']",2013-10-17,1166
7206,['Reality'],2013-05-16,1012
7207,"['Places', 'Mental Illness', 'Animals', 'Demon/Devil', 'Dismemberment', 'Weird']",2014-12-24,1599
7208,"['Places', 'Beings']",2016-05-15,2107
7209,"['Places', 'Ghosts']",2012-05-08,639
7210,['Places'],2013-09-21,1140
7211,"['Beings', 'Theory', 'Reality']",2013-04-26,992
7212,"['Ghosts', 'Items/Objects']",2014-05-21,1382
7213,"['Military', 'Ghosts']",2013-03-26,961
7214,"['Mental Illness', 'Micropasta']",2013-11-17,1197
7215,"['Science', 'Theory', 'Beings']",2012-06-11,673
7216,"['Beings', 'Military', 'Places']",2013-09-29,1148
7217,"['ZugZuwang', 'Weird', 'Videos']",2021-09-18,4059
7218,"['Places', 'Ghosts', 'Disappearances']",2010-08-18,10
7219,"['Places', 'Dreams/Sleep', 'Reality']",2012-10-22,806
7220,"['Reality', 'Nature']",2015-05-26,1752
7221,"['Josef K.', 'Historical Archive', 'Places', 'Military', 'Lovecraftian']",2010-08-09,1
7222,"['Demon/Devil', 'Dreams/Sleep', 'Places']",2016-01-26,1997
7223,"['HWC23', 'Halloween', 'Ghosts', 'Kolpik']",2023-10-24,4825
7224,"['Mental Illness', 'Dismemberment', 'The Hooded Werewolf']",2013-04-04,970
7225,"['ClericofMadness', 'Disappearances', 'History', 'Dismemberment', 'Micropasta']",2011-03-31,235
7226,"['Weird', 'Jdeschene', 'Disappearances', 'Videos']",2018-04-29,2821
7227,"['Space', 'Diary/Journal']",2013-06-09,1036
7228,"['Animals', 'Cryptids', 'Dismemberment']",2014-06-10,1402
7229,"['Animals', 'Photography', 'Nature', 'Beings']",2014-07-08,1430
7230,"['Poetry', 'Weird']",2022-11-22,4489
7231,['Ritual'],2014-05-23,1384
7232,"['Beings', 'Places']",2014-06-30,1422
7233,['Mental Illness'],2014-11-26,1571
7234,"['Science', 'Theory', 'Micropasta']",2012-12-15,860
7235,"['Beings', 'Dreams/Sleep', 'Items/Objects', 'Music', 'Nature']",2015-02-12,1649
7236,"['Space', 'Science', 'Lovecraftian', 'Suggested Reading']",2014-12-31,1606
7237,"['Dismemberment', 'Mental Illness']",2013-10-27,1176
7238,['Science'],2014-01-05,1246
7239,['Beings'],2013-11-29,1209
7240,['Monsters'],2014-01-06,1247
7241,['Ritual'],2013-03-15,950
7242,"['Mental Illness', 'Gods', 'Diary/Journal', 'Micropasta']",2012-05-16,647
7243,"['Dismemberment', 'Weird', 'Theory']",2012-06-28,690
7244,"['Dismemberment', 'Memes']",2012-02-02,543
7245,"['Weird', 'Computers and Internet', 'Video Games', 'Lovecraftian']",2020-05-07,3560
7246,['Poetry'],2014-05-18,1379
7247,"['Weird', 'Items/Objects']",2012-11-12,827
7248,['Mental Illness'],2016-03-15,2046
7249,"['Weird', 'Jdeschene', 'Mental Illness']",2018-06-03,2856
7250,['Video Games'],2013-11-02,1182
7251,['Reality'],2016-07-09,2162
7252,"['Reality', 'Dreams/Sleep']",2012-10-08,792
7253,"['Gomez Capulet', 'Mental Illness', 'Weird']",2021-01-10,3808
7254,"['Mental Illness', 'Monsters']",2014-05-12,1373
7255,"['Mental Illness', 'Items/Objects', 'Dreams/Sleep', 'Television', 'Demon/Devil', 'Historical Archive']",2012-01-25,535
7256,"['Nature', 'Disappearances', 'Tewahway', 'Videos', 'Monsters']",2021-09-17,4058
7257,"['Historical Archive/PD', 'Longpasta']",2018-06-07,2860
7258,"['Demon/Devil', 'Places', 'Jdeschene', 'Videos']",2020-08-03,3648
7259,"['Monsters', 'Places', 'Micropasta']",2012-12-31,876
7260,"['Mental Illness', 'Diary/Journal', 'Beings', 'Historical Archive']",2010-08-18,10
7261,"['Disappearances', 'Beings']",2018-03-16,2777
7262,"['Tiololo', 'History', 'Places', 'Ghosts']",2015-12-30,1970
7263,"['Weird', 'Items/Objects']",2015-08-15,1833
7264,"['Video Games', 'Places']",2015-07-18,1805
7265,"['Beings', 'Places', 'Animals', 'Mental Illness']",2015-07-01,1788
7266,"['REH', 'Beings', 'Mental Illness']",2017-01-28,2365
7267,"['Computers and Internet', 'ZugZuwang', 'Weird', 'NSFW', 'Videos']",2021-10-26,4097
7268,['Beings'],2014-02-26,1298
7269,"['Animals', 'Places']",2013-05-05,1001
7270,['Animals'],2012-05-04,635
7271,"['Dismemberment', 'Items/Objects']",2012-05-03,634
7272,"['Mental Illness', 'Items/Objects', 'Dismemberment', 'Micropasta']",2011-02-27,203
7273,['Beings'],2017-05-23,2480
7274,"['Dismemberment', 'Beings']",2013-10-24,1173
7275,"['Dreams/Sleep', 'Monsters']",2012-07-10,702
7276,['Mental Illness'],2014-05-29,1390
7277,"['Beings', 'Computers and Internet']",2015-02-06,1643
7278,['Reality'],2018-02-16,2749
7279,['Items/Objects'],2015-06-27,1784
7280,['Beings'],2014-05-07,1368
7281,"['Crime', 'Weird', 'Micropasta']",2023-06-04,4683
7282,"['Space', 'Science', 'History']",2017-09-19,2599
7283,['Beings'],2013-04-06,972
7284,"['Tiololo', 'Mental Illness', 'Computers and Internet']",2015-04-10,1706
7285,['Computers and Internet'],2017-08-11,2560
7286,['Computers and Internet'],2014-09-03,1487
7287,"['Dreams/Sleep', 'Reality']",2013-12-08,1218
7288,"['Weird', 'Jdeschene', 'NSFW']",2020-04-25,3548
7289,"['Photography', 'History', 'Micropasta']",2012-12-24,869
7290,['Beings'],2013-02-05,912
7291,"['Dorkpool', 'Demon/Devil', 'Beings']",2023-12-05,4867
7292,"['DFPC15', 'Reality', 'Mental Illness']",2014-08-13,1466
7293,"['Mirrors', 'Demon/Devil']",2012-09-30,784
7294,"['Beings', 'Weird']",2014-08-02,1455
7295,"['Beings', 'Reality', 'Mental Illness']",2013-06-28,1055
7296,"['Reality', 'Mental Illness']",2012-12-19,864
7297,"['Photography', 'Gods']",2013-04-28,994
7298,"['Beings', 'Dreams/Sleep']",2013-07-20,1077
7299,"['Military', 'Demon/Devil']",2017-02-23,2391
7300,"['Animals', 'Weird']",2014-07-10,1432
7301,['Vehicles'],2015-07-25,1812
7302,"['Items/Objects', 'Mental Illness', 'Dismemberment']",2011-08-22,379
7303,"['Theory', 'Reality', 'Micropasta']",2012-03-30,600
7304,"['Beings', 'Computers and Internet', 'Dreams/Sleep']",2013-12-03,1213
7305,['Reality'],2015-03-05,1670
7306,['Beings'],2015-08-05,1823
7307,['Video Games'],2013-09-15,1134
7308,"['Beings', 'Micropasta']",2013-03-03,938
7309,"['Beings', 'NSFW']",2017-07-04,2522
7310,['Demon/Devil'],2015-06-03,1760
7311,['Places'],2016-08-23,2207
7312,"['Items/Objects', 'Beings', 'Mental Illness', 'Music']",2013-03-16,951
7313,"['Theory', 'Reality']",2014-10-08,1522
7314,"['Dreams/Sleep', 'Reality', 'Places']",2013-02-27,934
7315,"['Beings', 'Hospitals', 'Dreams/Sleep']",2014-05-09,1370
7316,"['MakRalston', 'Weird']",2023-02-11,4570
7317,"['Mental Illness', 'Demon/Devil']",2013-12-02,1212
7318,"['Mental Illness', 'Dismemberment']",2012-11-16,831
7319,"['Animals', 'Places', 'Reality', 'Monsters', 'William See']",2020-06-07,3591
7320,"['Mental Illness', 'Videos', 'Horror Holiday 2015', 'Christmas']",2015-12-12,1952
7321,['Demon/Devil'],2013-10-18,1167
7322,['Items/Objects'],2021-03-19,3876
7323,"['Gods', 'Ritual', 'Parlour', 'Items/Objects', 'Dreams/Sleep']",2019-02-15,3113
7324,['Computers and Internet'],2016-10-16,2261
7325,"['Disappearances', 'Mental Illness', 'Micropasta']",2014-07-24,1446
7326,"['Weird', 'Beings']",2014-11-05,1550
7327,['Beings'],2013-05-15,1011
7328,"['Beings', 'Disappearances', 'Dismemberment']",2016-02-21,2023
7329,"['Beings', 'Mental Illness']",2012-05-11,642
7330,['Weird'],2012-12-22,867
7331,"['Ritual', 'Mirrors', 'Jdeschene', 'Videos']",2018-04-03,2795
7332,"['Beings', 'Micropasta']",2012-09-01,755
7333,"['Appealed Spinoffs', 'Television', 'Icydice', 'Spotlighted Pastas', 'Lost Episodes']",2022-11-30,4497
7334,"['Space', 'Science', 'Monsters', 'Dismemberment', 'Photography']",2012-09-17,771
7335,"['REH', 'Longpasta']",2013-03-14,949
7336,"['GreyOwl', 'Mental Illness']",2014-05-29,1390
7337,['Items/Objects'],2013-08-20,1108
7338,"['D. Compton Ambrose', 'Computers and Internet', 'Reality']",2019-02-22,3120
7339,['Ghosts'],2016-04-13,2075
7340,"['Weird', 'Ghosts']",2015-01-01,1607
7341,"['Animals', 'Beings', 'REH', 'Longpasta']",2017-08-15,2564
7342,"['Items/Objects', 'Beings', 'Music']",2013-10-20,1169
7343,"['Cryptids', 'Nature', 'History']",2015-07-22,1809
7344,"['Animals', 'Dismemberment', 'Weird']",2023-07-01,4710
7345,"['Weird', 'Television', 'NSFW']",2022-03-11,4233
7346,"['Dreams/Sleep', 'Vehicles', 'Beings', 'Noctevoire']",2017-01-08,2345
7347,"['Ghosts', 'Places']",2015-05-31,1757
7348,"['Dreams/Sleep', ""The Vesper's Bell"", 'Demon/Devil']",2020-11-15,3752
7349,"['Mental Illness', 'Places', 'Historical Archive', 'Ghosts']",2010-09-22,45
7350,"['B4MV18', 'Beings', 'JohnathanNash', 'Mental Illness']",2018-02-17,2750
7351,"['Diary/Journal', 'Mental Illness', 'Weird']",2014-06-07,1399
7352,['Gods'],2012-07-17,709
7353,['Ghosts'],2013-09-28,1147
7354,"['Theory', 'Micropasta']",2014-04-28,1359
7355,['Beings'],2020-09-25,3701
7356,"['Dreams/Sleep', 'Dismemberment', 'Beings', 'Theory']",2012-10-03,787
7357,"['Disappearances', 'RedNovaTyrant', 'Reality', 'Videos']",2019-08-04,3283
7358,"['Computers and Internet', 'Mental Illness']",2013-07-29,1086
7359,"['Mirrors', 'Weird', 'EtherBot']",2016-12-24,2330
7360,"['Mirrors', 'Dreams/Sleep', 'Items/Objects', 'Beings']",2011-12-31,510
7361,['Mirrors'],2013-06-13,1040
7362,"['Beings', 'Mirrors', 'Reality']",2013-07-04,1061
7363,"['Demon/Devil', 'Mirrors']",2013-08-23,1111
7364,['Mirrors'],2013-05-18,1014
7365,"['Mirrors', 'Dreams/Sleep', 'Beings']",2013-09-05,1124
7366,"['Mirrors', 'Beings', 'Disappearances', 'Diary/Journal', 'Mental Illness']",2011-07-17,343
7367,"['Mental Illness', 'Theory']",2014-11-29,1574
7368,"['Mirrors', 'Mental Illness']",2012-08-21,744
7369,"['Mirrors', 'Icydice', 'Beings']",2017-10-24,2634
7370,"['Mirrors', 'Beings']",2014-12-26,1601
7371,"['Dismemberment', 'Mental Illness', 'Reality', 'Weird', 'Items/Objects', 'History', 'NSFW', 'Videos']",2016-05-05,2097
7372,"['Dreams/Sleep', 'Mental Illness']",2015-08-03,1821
7373,"['Beings', 'L0CKED334']",2019-09-17,3327
7374,"['Monsters', 'Micropasta']",2013-11-17,1197
7375,"['Beings', 'Space']",2012-11-06,821
7376,"['Beings', 'Military', 'Banned In CP']",2018-11-17,3023
7377,['Reality'],2012-03-01,571
7378,['Mental Illness'],2013-12-23,1233
7379,"['CertainShadows', 'Mental Illness']",2022-02-12,4206
7380,['Ghosts'],2016-02-21,2023
7381,"['Mirrors', 'Ritual', 'Micropasta']",2011-11-27,476
7382,['Beings'],2013-04-28,994
7383,"['Mental Illness', 'Dreams/Sleep']",2012-05-31,662
7384,['Weird'],2013-05-21,1017
7385,['Mental Illness'],2014-09-30,1514
7386,"['Demon/Devil', 'Diary/Journal', 'Dismemberment', 'SnakeTongue237', 'Longpasta']",2016-01-02,1973
7387,['Mental Illness'],2014-07-11,1433
7388,"['Reality', 'Micropasta']",2013-11-12,1192
7389,"['Mental Illness', 'Ritual', 'Reality', 'Weird']",2012-09-04,758
7390,"['2015 Creepypasta Freestyle Challenge', 'Reality', 'Items/Objects', 'Videos', 'Raidra']",2015-02-05,1642
7391,['Cryptids'],2023-07-22,4731
7392,['Dreams/Sleep'],2013-06-06,1033
7393,"['Dreams/Sleep', 'Mental Illness']",2013-04-30,996
7394,['Weird'],2015-02-23,1660
7395,"['Diary/Journal', 'RCainTales']",2019-12-03,3404
7396,['History'],2014-07-13,1435
7397,"['Troll Pasta', 'Historical Archive', 'Memes', 'Video Games']",2010-08-19,11
7398,"['Dreams/Sleep', 'Mental Illness', 'Diary/Journal', 'Beings', 'Reality']",2014-09-03,1487
7399,"['Glisario', 'Places']",2020-04-08,3531
7400,"['Diary/Journal', 'Animals', 'Science']",2015-03-06,1671
7401,"['Places', 'Beings', 'Ritual']",2011-06-25,321
7402,"['Theory', 'Reality', 'Dreams/Sleep', 'Micropasta']",2012-12-07,852
7403,['Reality'],2013-07-02,1059
7404,"['Ghosts', 'Photography']",2014-08-13,1466
7405,"['L0CKED334', 'Videos', 'Hospitals']",2018-12-04,3040
7406,['Ghosts'],2014-06-06,1398
7407,"['Places', 'Monsters', 'HopelessNightOwl', 'Micropasta']",2018-05-29,2851
7408,"['Reality', 'Items/Objects', 'Mental Illness']",2011-09-30,418
7409,"['Reality', 'Places', 'Diary/Journal']",2011-10-20,438
7410,['Reality'],2011-10-24,442
7411,"['Computers and Internet', 'Reality']",2011-10-31,449
7412,['Reality'],2012-01-29,539
7413,"['Ghosts', 'Reality', 'Jdeschene']",2018-05-27,2849
7414,['Ritual'],2011-03-23,227
7415,['Monsters'],2015-02-03,1640
7416,"['Places', 'Beings', 'Mental Illness']",2017-12-16,2687
7417,"['MLycantrope', 'Beings', 'Mental Illness']",2021-02-17,3846
7418,"['Diary/Journal', 'Dreams/Sleep', 'Mental Illness', 'Beings']",2013-09-21,1140
7419,"['Disappearances', 'Weird']",2013-04-28,994
7420,"[""The Vesper's Bell"", 'Dreams/Sleep', 'Monsters']",2021-02-22,3851
7421,"['Appealed Stories', 'Places', 'Reality', 'Cryptids']",2014-03-24,1324
7422,"['Computers and Internet', 'Beings', 'Mental Illness']",2011-11-22,471
7423,"['Computers and Internet', 'Dismemberment']",2020-12-01,3768
7424,"['Lovecraftian', 'Beings']",2015-05-24,1750
7425,['Disappearances'],2013-09-20,1139
7426,"['Tiololo', 'Reality', 'Beings', 'Places']",2014-06-27,1419
7427,['Lost Episodes'],2012-03-26,596
7428,"['Weird', 'Beings', 'Jdeschene', 'Reality']",2018-04-20,2812
7429,"['Dismemberment', 'Ghosts', 'Mental Illness']",2013-06-06,1033
7430,"['HPL', 'Poetry']",2012-04-15,616
7431,"['Reality', 'Places']",2014-06-30,1422
7432,['Items/Objects'],2012-11-12,827
7433,"['Dreams/Sleep', 'Monsters']",2013-04-24,990
7434,['Computers and Internet'],2013-06-10,1037
7435,[' Mental Illness'],2014-05-18,1379
7436,"['Dismemberment', 'Ghosts', 'SnakeTongue237']",2015-08-01,1819
7437,['Video Games'],2013-04-11,977
7438,['Places'],2013-11-02,1182
7439,"['Dismemberment', 'Dreams/Sleep']",2013-10-05,1154
7440,['Mental Illness'],2012-06-20,682
7441,['Beings'],2012-11-21,836
7442,['Video Games'],2022-02-06,4200
7443,['Video Games'],2013-10-15,1164
7444,"['History', 'Micropasta']",2012-04-10,611
7445,"['Lost Episodes', 'Historical Archive', 'PotM']",2010-08-15,7
7446,"['Beings', 'L0CKED334']",2023-09-03,4774
7447,"['Monsters', 'Poetry', 'William See']",2020-11-03,3740
7448,"['Mental Illness', 'Fairy Tale 2015']",2015-05-15,1741
7449,"['Monsters', 'Places']",2014-03-13,1313
7450,"['Ghosts', 'Micropasta']",2014-08-31,1484
7451,"['Ghosts', 'Reality']",2010-09-07,30
7452,"['Places', 'Beings', 'Diary/Journal', 'Disappearances', 'History', 'Dismemberment']",2023-04-25,4643
7453,['Items/Objects'],2013-07-13,1070
7454,"['ClericofMadness', 'Demon/Devil', 'We Go Bump 2']",2017-09-27,2607
7455,"['Poetry', 'Suggested Reading', 'Historical Archive/PD']",2012-06-02,664
7456,"['Dreams/Sleep', 'Items/Objects', 'Diary/Journal']",2011-06-29,325
7457,['Beings'],2013-08-14,1102
7458,"['Floyd Pinkerton', 'Gods', 'Ritual', 'Television']",2014-01-15,1256
7459,"['Dreams/Sleep', 'Gods', 'Lovecraftian', 'Poetry']",2017-07-16,2534
7460,['Gods'],2015-03-27,1692
7461,"['Lovecraftian', 'Monsters', 'Beings']",2021-02-01,3830
7462,"['Gods', 'Lovecraftian']",2017-10-10,2620
7463,"['Appealed Stories', 'Ritual']",2014-07-18,1440
7464,"['Ritual', 'Weird']",2020-01-23,3455
7465,"['Demon/Devil', 'Ritual']",2023-09-13,4784
7466,"['Ritual', 'Mirrors', 'Reality', 'Beings']",2013-11-05,1185
7467,"['Demon/Devil', 'Places']",2013-03-10,945
7468,"['Ghosts', 'Reality', 'Vehicles', 'Micropasta']",2013-11-19,1199
7469,"['Science', 'Animals', 'Diary/Journal']",2014-08-30,1483
7470,['Mental Illness'],2012-12-04,849
7471,"['Items/Objects', 'Mental Illness']",2013-04-06,972
7472,"['Ghosts', 'NSFW']",2013-03-01,936
7473,"['Animals', 'Dismemberment', 'Disappearances', 'MakRalston']",2022-04-24,4277
7474,['Beings'],2013-03-10,945
7475,"['Beings', 'Items/Objects']",2013-02-27,934
7476,"['Beings', 'Suggested Reading', 'Vehicles']",2011-04-22,257
7477,['Demon/Devil'],2014-04-11,1342
7478,"['Disappearances', 'Gods', 'History', 'Killahawke1', 'Videos']",2016-04-10,2072
7479,['Space'],2012-04-11,612
7480,"['Dreams/Sleep', 'Demon/Devil']",2014-04-28,1359
7481,['Computers and Internet'],2019-09-05,3315
7482,"['Mental Illness', 'Beings', 'Dreams/Sleep']",2013-01-19,895
7483,"['Places', 'Science']",2020-11-26,3763
7484,"['Items/Objects', 'Demon/Devil', 'History', 'Historical Archive']",2011-07-30,356
7485,['Items/Objects'],2013-03-26,961
7486,"['Beings', 'Jdeschene', 'NSFW']",2020-04-12,3535
7487,"['Mirrors', 'Historical Archive', 'Micropasta']",2011-02-28,204
7488,"['ClericofMadness', 'Historical Archive', 'Mental Illness', 'Micropasta']",2011-03-31,235
7489,['Historical Archive/PD'],2018-06-07,2860
7490,"['Videos', 'Historical Archive/PD']",2018-08-13,2927
7491,['Video Games'],2015-04-01,1697
7492,['Military'],2018-03-06,2767
7493,['Science'],2014-05-24,1385
7494,"['Mental Illness', 'Places', 'Dismemberment']",2013-07-25,1082
7495,['Computers and Internet'],2013-10-27,1176
7496,"['Mirrors', 'Mental Illness', 'Places', 'Dismemberment', 'Beings']",2012-10-07,791
7497,['Reality'],2011-11-23,472
7498,"['NSFW', 'Ghosts', 'Places']",2016-02-13,2015
7499,['Mental Illness'],2012-12-12,857
7500,"['NSFW', 'Demon/Devil', 'Dismemberment', 'Places']",2016-02-19,2021
7501,"['Dismemberment', 'Ghosts', 'Places']",2016-03-15,2046
7502,"['Ghosts', 'Places']",2013-11-24,1204
7503,"['Ghosts', 'Places']",2014-05-14,1375
7504,"['Ghosts', 'NSFW', 'Places']",2016-02-21,2023
7505,"['Disappearances', 'Mental Illness', 'NSFW']",2016-02-10,2012
7506,"['GreyOwl', 'Dreams/Sleep', 'Ghosts', 'Hospitals', 'Vehicles']",2014-05-29,1390
7507,"['Hospitals', 'Ghosts']",2017-05-20,2477
7508,['Mental Illness'],2020-06-30,3614
7509,"['Places', 'Computers and Internet']",2017-01-19,2356
7510,"['Beings', 'Mental Illness', 'Reddit Pastas', 'Ghosts', 'Places']",2017-05-02,2459
7511,"['Historical Archive/PD', 'Videos']",2018-06-19,2872
7512,"['Weird', 'Places', 'Micropasta']",2021-04-16,3904
7513,"['Items/Objects', 'Monsters']",2021-06-27,3976
7514,"['Reality', 'Poetry', 'Gods', 'FlakyPorcupine']",2013-12-18,1228
7515,"['Items/Objects', 'Reality', 'Micropasta']",2013-04-20,986
7516,[],2015-02-22,1659
7517,"['Beings', 'Places']",2015-04-09,1705
7518,"['Reality', 'Items/Objects', 'Poetry']",2011-12-06,485
7519,"['Mental Illness', 'NSFW', 'PotM']",2019-01-15,3082
7520,['Ghosts'],2022-05-30,4313
7521,"['Beings', 'Dismemberment', 'Dreams/Sleep', 'Mental Illness', 'VerminGoat']",2015-01-24,1630
7522,"['Dorkpool', 'Computers and Internet']",2023-11-06,4838
7523,['Ghosts'],2013-04-07,973
7524,['Diary/Journal'],2015-04-12,1708
7525,['Items/Objects'],2015-02-28,1665
7526,"['Beings', 'Disappearances', 'Reality', 'Theory', 'Micropasta']",2011-04-22,257
7527,"['Beings', 'Disappearances']",2017-03-15,2411
7528,"['Disappearances', 'Places']",2013-10-30,1179
7529,"['MakRalston', 'Ritual', 'Vehicles']",2021-05-04,3922
7530,"['Disappearances', 'Umbrello', 'Nature', 'Vehicles']",2015-10-10,1889
7531,"['FearAddict', 'Mental Illness']",2014-07-17,1439
7532,"['Hospitals', 'Dreams/Sleep', 'Micropasta']",2023-04-06,4624
7533,"['Weird', 'Reality', 'Computers and Internet', 'Mental Illness']",2018-03-10,2771
7534,"['Videos', 'PokéMon', 'Historical Archive']",2011-03-23,227
7535,"['Beings', 'Science']",2012-12-03,848
7536,"['Beings', 'Reality', 'Micropasta']",2011-03-21,225
7537,"['Floyd Pinkerton', 'NSFW']",2013-01-05,881
7538,"['Crime', 'Dreams/Sleep', 'Ghosts', 'Mental Illness']",2015-05-15,1741
7539,"['Monsters', 'Diary/Journal', 'Places', 'Christmas']",2023-12-30,4892
7540,"['HumboldtLycanthrope', 'NSFW', 'Places', 'Reality']",2015-03-05,1670
7541,['Video Games'],2012-06-12,674
7542,"['Weird', 'Dismemberment']",2015-03-28,1693
7543,"['Mental Illness', 'Micropasta']",2012-01-08,518
7544,['Monsters'],2012-09-22,776
7545,"['Gomez Capulet', 'Mental Illness', 'Micropasta']",2019-10-18,3358
7546,"['Beings', 'Mental Illness', 'SnakeTongue237']",2016-10-06,2251
7547,['Beings'],2020-06-27,3611
7548,"['Disappearances', 'Mental Illness', 'Dismemberment']",2014-08-27,1480
7549,['Monsters'],2021-03-10,3867
7550,"['Places', 'Dismemberment']",2013-12-05,1215
7551,['Mental Illness'],2015-03-05,1670
7552,"['Beings', 'Dreams/Sleep']",2013-07-09,1066
7553,"['Beings', 'Nature', 'Places']",2019-05-21,3208
7554,['Mental Illness'],2013-04-14,980
7555,"['Beings', 'Dreams/Sleep']",2014-07-26,1448
7556,['Space'],2015-08-11,1829
7557,"['Lovecraftian', 'Gods']",2016-09-01,2216
7558,"['Diary/Journal', 'Monsters']",2013-08-02,1090
7559,"['Mental Illness', 'Dismemberment']",2013-04-11,977
7560,['Video Games'],2013-01-01,877
7561,"['Beings', 'Dismemberment']",2012-04-20,621
7562,"['Monsters', 'Mental Illness']",2013-10-18,1167
7563,['Computers and Internet'],2013-02-23,930
7564,"['Mental Illness', 'Dismemberment', 'Places']",2014-06-26,1418
7565,"['Diary/Journal', 'Mental Illness']",2015-02-06,1643
7566,['PokéMon'],2011-11-01,450
7567,"['Dismemberment', 'History', 'Mental Illness']",2013-08-24,1112
7568,['Computers and Internet'],2016-08-06,2190
7569,['Science'],2022-02-02,4196
7570,"['Science', 'Military']",2012-08-16,739
7571,"['B4MV18', 'Dreams/Sleep', 'Weird', 'Dismemberment', 'Beings', 'Shadowswimmer77', 'Videos']",2018-02-23,2756
7572,"['History', 'Items/Objects', 'Micropasta']",2010-08-18,10
7573,"['Mental Illness', 'Dismemberment']",2013-06-07,1034
7574,"['Beings', 'Theory', 'Micropasta']",2013-11-15,1195
7575,"['Reality', 'Beings', 'Micropasta']",2014-02-27,1299
7576,"['Beings', 'Ritual', 'Mental Illness']",2012-04-26,627
7577,"['Video Games', 'Theory']",2021-06-28,3977
7578,"['Beings', 'Mental Illness']",2018-11-17,3023
7579,['Ghosts'],2014-02-08,1280
7580,"['Weird', 'Disappearances']",2012-11-02,817
7581,"['Items/Objects', 'Reality']",2016-12-09,2315
7582,"['Beings', 'Reality']",2014-07-04,1426
7583,['Monsters'],2012-11-30,845
7584,"['Beings', 'Weird']",2020-07-27,3641
7585,"['Beings', 'Ritual']",2016-03-31,2062
7586,['Disappearances'],2013-09-30,1149
7587,"['History', 'Places', 'Diary/Journal', 'Beings', 'Historical Archive']",2010-11-07,91
7588,"['Beings', 'Nature']",2023-02-10,4569
7589,"['Beings', 'Items/Objects', 'Disappearances', 'Places', 'Nature']",2017-10-28,2638
7590,"['Ghosts', 'Ritual']",2013-01-04,880
7591,"['Places', 'Dismemberment', 'Vehicles']",2014-01-26,1267
7592,"['Animals', 'Beings', 'Dreams/Sleep']",2014-05-30,1391
7593,"['Ritual', 'Places', 'Monsters']",2011-03-20,224
7594,"['Demon/Devil', 'Ritual', 'Micropasta']",2012-09-12,766
7595,"['Nature', 'Weird', 'CertainShadows', 'Vehicles']",2020-06-06,3590
7596,['Beings'],2020-06-29,3613
7597,"['Computers and Internet', 'Reddit Pastas']",2013-02-22,929
7598,['Animals'],2015-07-24,1811
7599,"['Beings', 'Places']",2014-05-07,1368
7600,"['Mental Illness', 'Reality', 'Dreams/Sleep', 'Monsters']",2013-07-07,1064
7601,"['Ghosts', 'Music']",2013-11-24,1204
7602,['Monsters'],2013-12-13,1223
7603,"['Demon/Devil', 'Places']",2013-01-21,897
7604,"['Gomez Capulet', 'Weird']",2021-01-14,3812
7605,['Video Games'],2013-09-08,1127
7606,"['Beings', 'Contest Winner', 'Killahawke1', 'Jollytime Murderfest 2016', 'Ritual', 'Videos', 'Christmas']",2016-12-20,2326
7607,"['Mental Illness', 'Christmas']",2013-07-13,1070
7608,"['Christmas', 'Monsters', 'Dreams/Sleep']",2013-12-04,1214
7609,"['Disappearances', 'Monsters', 'Nature', 'Places']",2015-10-20,1899
7610,"['Beings', 'Dreams/Sleep']",2023-05-31,4679
7611,['Beings'],2013-08-01,1089
7612,"['Beings', 'Mental Illness', 'Disappearances']",2014-09-25,1509
7613,"['Demon/Devil', 'Videos', 'Shadowswimmer77', 'CPWDemonDevil2015']",2015-07-06,1793
7614,"['Historical Archive', 'Monsters', 'Micropasta']",2010-08-16,8
7615,['Items/Objects'],2020-05-14,3567
7616,['Demon/Devil'],2012-05-24,655
7617,"['Beings', 'Jdeschene', 'Videos', 'Weird']",2018-07-26,2909
7618,"['Computers and Internet', 'Photography', 'Suggested Reading']",2013-06-30,1057
7619,"['Television', 'Micropasta']",2013-07-16,1073
7620,"['Beings', 'Diary/Journal', 'Mental Illness', 'Reality', 'Science']",2012-06-07,669
7621,['Computers and Internet'],2012-08-07,730
7622,"['Beings', 'Nature', 'MalumLibrum958']",2022-11-21,4488
7623,"['Dismemberment', 'Monsters']",2017-01-31,2368
7624,"['Disappearances', 'Ghosts', 'History', 'Historical Archive', 'Places']",2012-07-02,694
7625,"['Beings', 'Ritual']",2013-04-20,986
7626,['Monsters'],2023-01-19,4547
7627,['Dismemberment'],2016-09-04,2219
7628,['Animals'],2015-11-09,1919
7629,"['Monsters', 'Dismemberment']",2013-04-24,990
7630,"['Beings', 'Micropasta']",2013-01-23,899
7631,"['Mental Illness', 'Historical Archive']",2012-07-08,700
7632,['Dreams/Sleep'],2011-08-05,362
7633,"['Beings', 'Dreams/Sleep', 'Micropasta']",2014-08-26,1479
7634,['Monsters'],2019-05-23,3210
7635,['Monsters'],2013-03-17,952
7636,['Monsters'],2013-05-10,1006
7637,"['Beings', 'Diary/Journal']",2013-03-26,961
7638,"['NSFW', 'Weird']",2015-11-23,1933
7639,"['Beings', 'Dreams/Sleep']",2013-10-16,1165
7640,"['Mental Illness', 'Dreams/Sleep', 'Demon/Devil']",2011-02-15,191
7641,['Computers and Internet'],2013-04-21,987
7642,"['Reality', 'Mental Illness', 'Dismemberment']",2014-06-07,1399
7643,"['Mental Illness', 'ZugZuwang', 'Weird', 'Micropasta']",2021-09-15,4056
7644,['Beings'],2012-08-31,754
7645,"['Dismemberment', 'Items/Objects', 'Mental Illness']",2014-01-02,1243
7646,['Places'],2013-01-19,895
7647,"['Mental Illness', 'Monsters']",2015-06-18,1775
7648,"['Beings', 'Mental Illness', 'Computers and Internet']",2013-02-22,929
7649,"['Beings', 'Memes', 'Poetry']",2012-01-16,526
7650,"['Ghosts', 'Vehicles']",2015-07-19,1806
7651,['Space'],2014-03-30,1330
7652,['Dismemberment'],2013-03-14,949
7653,['Mental Illness'],2017-03-21,2417
7654,['Beings'],2013-09-13,1132
7655,['Weird'],2020-10-15,3721
7656,"['Diary/Journal', 'Mental Illness']",2014-10-05,1519
7657,['Beings'],2022-02-09,4203
7658,"['Beings', 'Mental Illness', 'Dreams/Sleep', 'Reality', 'Micropasta']",2013-07-14,1071
7659,['Mental Illness'],2013-12-07,1217
7660,"['Mental Illness', 'Ghosts']",2011-05-17,282
7661,"['Computers and Internet', 'Weird']",2015-09-15,1864
7662,"['Dreams/Sleep', 'Beings']",2012-11-25,840
7663,['Ghosts'],2014-01-26,1267
7664,"['Animals', 'Weird']",2021-04-11,3899
7665,['Beings'],2013-01-19,895
7666,"['Beings', 'Micropasta']",2013-11-09,1189
7667,"['Dismemberment', 'Mental Illness', 'Diary/Journal', 'Mirrors', 'Reality']",2011-11-26,475
7668,"['ClericofMadness', 'Beings', 'Micropasta']",2010-09-28,51
7669,"['Monsters', 'Dreams/Sleep', 'Weird']",2013-04-26,992
7670,"['Demon/Devil', 'Mental Illness']",2013-11-19,1199
7671,"['Mental Illness', 'Dismemberment']",2012-08-23,746
7672,"['Ritual', 'Dreams/Sleep', 'Historical Archive']",2010-11-07,91
7673,"['Animals', 'Beings', 'HopelessNightOwl', 'Dreams/Sleep']",2017-08-02,2551
7674,"['Beings', 'Dismemberment']",2014-04-30,1361
7675,['Mental Illness'],2017-04-16,2443
7676,"['REH', 'Demon/Devil', 'Dismemberment', 'Reality']",2017-09-25,2605
7677,"['History', 'Places', 'Weird']",2014-07-31,1453
7678,"['Military', 'Science', 'AltLang', 'Diary/Journal']",2017-09-10,2590
7679,"['Mental Illness', 'Micropasta']",2011-02-27,203
7680,"['Mental Illness', 'Weird']",2014-11-28,1573
7681,"['Mental Illness', 'Longpasta']",2013-10-11,1160
7682,"['Weird', 'Mental Illness']",2012-02-21,562
7683,['Mental Illness'],2013-04-01,967
7684,['Beings'],2013-02-01,908
7685,['Historical Archive/PD'],2018-06-19,2872
7686,"['Reality', 'Beings', 'Diary/Journal', 'Historical Archive']",2010-08-15,7
7687,"['Theory', 'Micropasta']",2020-11-17,3754
7688,"['Monsters', 'Mirrors']",2014-07-08,1430
7689,"['Dismemberment', 'Mental Illness']",2012-01-09,519
7690,"['Mental Illness', 'Reality']",2017-05-10,2467
7691,"['Disappearances', 'Food', 'Jdeschene']",2020-10-31,3737
7692,"['Places', 'Mental Illness']",2012-03-24,594
7693,"['Ghosts', 'Places', 'Historical Archive']",2010-12-07,121
7694,"['Weird', 'Jdeschene']",2020-04-20,3543
7695,['Mental Illness'],2012-02-16,557
7696,['Vehicles'],2020-11-22,3759
7697,['Demon/Devil'],2013-05-25,1021
7698,"['Disappearances', 'Space']",2014-11-29,1574
7699,['Mental Illness'],2012-05-24,655
7700,"['Beings', 'Computers and Internet']",2017-01-21,2358
7701,"['Diary/Journal', 'Ghosts']",2011-04-23,258
7702,"['Monsters', 'Items/Objects', 'Lovecraftian', ""The Vesper's Bell"", 'Videos']",2020-10-17,3723
7703,"['Beings', 'Reality']",2020-05-03,3556
7704,['Poetry'],2017-06-14,2502
7705,"['Mental Illness', 'Reality']",2017-09-18,2598
7706,"['Animals', 'Ghosts']",2013-04-07,973
7707,"['Books', 'Demon/Devil']",2013-06-21,1048
7708,"['Ghosts', 'Micropasta']",2018-07-12,2895
7709,"['Disappearances', 'ExRwood']",2021-03-09,3866
7710,"['Demon/Devil', 'Mental Illness']",2014-03-15,1315
7711,"['ClericofMadness', 'Mental Illness', 'Micropasta']",2011-01-19,164
7712,"['Historical Archive', 'Lost Episodes']",2010-08-08,0
7713,['Mental Illness'],2015-08-13,1831
7714,"['Ghosts', 'Places', 'Historical Archive']",2011-09-01,389
7715,"['Beings', 'Weird']",2015-04-09,1705
7716,"['Demon/Devil', 'Reality']",2013-07-19,1076
7717,"['Mirrors', 'Mental Illness', 'Micropasta']",2012-08-18,741
7718,"['Science', 'Historical Archive']",2010-11-07,91
7719,['Ghosts'],2013-03-16,951
7720,"['Beings', 'Computers and Internet']",2014-06-17,1409
7721,['Mental Illness'],2015-02-21,1658
7722,"['Dreams/Sleep', 'Beings', 'Reality']",2014-01-21,1262
7723,"['NSFW', 'Hospitals', 'Dismemberment', 'Jdeschene', 'Photography', 'Computers and Internet', 'Items/Objects', 'Ritual', 'Weird', 'Videos']",2019-06-01,3219
7724,['Beings'],2014-02-28,1300
7725,['Beings'],2013-10-03,1152
7726,['Beings'],2013-12-24,1234
7727,['Beings'],2013-10-07,1156
7728,"['Beings', 'Dismemberment', 'Mental Illness', 'Disappearances']",2013-09-24,1143
7729,['Reality'],2013-06-09,1036
7730,['Theory'],2014-12-24,1599
7731,"['Gods', 'Theory', 'Reality']",2015-08-03,1821
7732,"['Mental Illness', 'Diary/Journal', 'Poetry']",2011-09-29,417
7733,"['Beings', 'Weird', 'Disappearances', 'Parlour']",2018-10-07,2982
7734,['Mental Illness'],2011-01-31,176
7735,"['Diary/Journal', 'Beings']",2011-10-30,448
7736,"['Nature', 'Poetry', 'WaveDivisionMultiplexer']",2014-11-17,1562
7737,"['Dreams/Sleep', 'Ghosts', 'NSFW']",2012-11-04,819
7738,"['EAP', 'Poetry']",2017-12-13,2684
7739,"['Diary/Journal', 'Mental Illness']",2014-06-04,1396
7740,"['NSFW', 'Weird', 'Jdeschene']",2020-08-10,3655
7741,['Reality'],2017-08-06,2555
7742,['Mental Illness'],2011-04-28,263
7743,"[""The Vesper's Bell""]",2023-10-31,4832
7744,['Demon/Devil'],2013-08-20,1108
7745,['Mental Illness'],2013-01-01,877
7746,"['Appealed Spinoffs', 'Cryptids']",2013-10-02,1151
7747,"['Reality', 'Mental Illness', 'Christmas', 'MakRalston']",2022-12-23,4520
7748,"['Beings', 'Micropasta']",2011-02-27,203
7749,['Weird'],2013-04-27,993
7750,"['Historical Archive/PD', 'Longpasta']",2017-09-20,2600
7751,"['Ritual', 'Ghosts']",2015-04-13,1709
7752,"['Ghosts', 'Disappearances']",2016-11-26,2302
7753,"['Lovecraftian', 'Places', 'Reality', 'MakRalston']",2022-03-04,4226
7754,"['Beings', 'Disappearances', 'Places']",2011-08-24,381
7755,"['Mirrors', 'Ritual', 'Beings']",2012-11-08,823
7756,['Dreams/Sleep'],2013-10-17,1166
7757,"['Disappearances', 'Places']",2013-09-15,1134
7758,"['Dismemberment', 'Monsters', 'SftSS18', 'Contest Winner']",2018-06-18,2871
7759,"['Ritual', 'Mirrors', 'Reality', 'Demon/Devil', 'Historical Archive']",2010-11-07,91
7760,['Mental Illness'],2019-05-31,3218
7761,"['Dreams/Sleep', 'EmpyrealInvective', 'Mental Illness']",2021-10-30,4101
7762,"['Beings', 'Places']",2020-04-19,3542
7763,['Places'],2013-05-20,1016
7764,"['Reddit Pastas', 'Monsters', 'Hospitals', 'Science']",2017-09-23,2603
7765,"['Monsters', 'Crime']",2015-02-07,1644
7766,['Mirrors'],2013-05-02,998
7767,['Beings'],2013-07-02,1059
7768,"['Ghosts', 'Reality']",2011-08-25,382
7769,"['Dreams/Sleep', 'Mmpratt99 deviantart']",2014-08-21,1474
7770,"['Mental Illness', 'Dreams/Sleep', 'Beings']",2015-02-07,1644
7771,"['Places', 'Beings', 'Dreams/Sleep', 'Theory']",2013-06-02,1029
7772,"['Reality', 'Mental Illness', 'Dreams/Sleep']",2014-09-01,1485
7773,['Ghosts'],2014-06-26,1418
7774,['Beings'],2014-03-24,1324
7775,"['Beings', 'Mental Illness', 'Reality']",2011-04-21,256
7776,"['Beings', 'Disappearances', 'Dreams/Sleep']",2014-04-23,1354
7777,['Ghosts'],2013-10-17,1166
7778,['Items/Objects'],2011-10-13,431
7779,"['Dreams/Sleep', 'Beings']",2012-05-12,643
7780,['Beings'],2014-06-05,1397
7781,['Beings'],2013-04-21,987
7782,['Beings'],2014-04-13,1344
7783,['Beings'],2013-01-28,904
7784,"['Dreams/Sleep', 'Beings', 'Mental Illness', 'The Hooded Werewolf']",2012-05-16,647
7785,"['Beings', 'Reality']",2011-07-29,355
7786,['Historical Archive/PD'],2018-06-26,2879
7787,['Monsters'],2013-03-14,949
7788,['Poetry'],2014-03-15,1315
7789,['Beings'],2011-11-26,475
7790,"['Beings', 'Dismemberment']",2021-04-13,3901
7791,['Beings'],2013-10-15,1164
7792,"['Beings', 'Mental Illness']",2014-01-19,1260
7793,"['Beings', 'Micropasta']",2013-01-15,891
7794,"['Reality', 'Ghosts']",2012-02-18,559
7795,"['Cryptids', 'Christmas', 'Dismemberment', 'Nature', 'Places', 'Banned In CP']",2018-12-09,3045
7796,['Monsters'],2013-02-01,908
7797,['Computers and Internet'],2013-07-21,1078
7798,"['Videos', 'Beings', 'Dismemberment', 'Disappearances', 'Computers and Internet', 'Micropasta']",2011-02-16,192
7799,"['Space', 'Monsters', 'Longpasta']",2015-03-28,1693
7800,"['Monsters', 'Weird']",2014-03-09,1309
7801,"['Mental Illness', 'Disappearances', 'Historical Archive']",2010-10-10,63
7802,['Animals'],2013-08-18,1106
7803,"['Dreams/Sleep', 'Nature', 'Reality', 'SnakeTongue237']",2016-01-19,1990
7804,['Dreams/Sleep'],2013-07-26,1083
7805,"['Items/Objects', 'Micropasta']",2011-08-30,387
7806,['Mental Illness'],2013-10-19,1168
7807,"['Dourdan', 'Demon/Devil']",2019-05-28,3215
7808,"['Mirrors', 'Ghosts']",2012-05-18,649
7809,['Video Games'],2012-09-20,774
7810,"['Reality', 'Theory', 'Dreams/Sleep', 'Micropasta']",2015-09-13,1862
7811,"['Animals', 'Places']",2013-04-24,990
7812,"['Mental Illness', 'Places', 'Beings']",2014-08-06,1459
7813,"['Demon/Devil', 'Dismemberment', 'Dreams/Sleep']",2015-06-04,1761
7814,"['Beings', 'Mental Illness', 'Micropasta']",2012-01-16,526
7815,['Ghosts'],2014-09-14,1498
7816,"['Mental Illness', 'Reddit Pastas']",2012-01-09,519
7817,"['EmpyrealInvective', 'Monsters', 'Videos']",2014-04-05,1336
7818,"['Mental Illness', 'Vehicles']",2014-07-19,1441
7819,"['Mental Illness', 'Mirrors', 'Weird', 'Tewahway', 'Videos']",2022-02-11,4205
7820,"['Diary/Journal', 'Micropasta']",2012-11-23,838
7821,"['B4MV18', 'Beings', 'Ritual', 'Disappearances', 'Dismemberment']",2018-02-16,2749
7822,"['Mental Illness', 'Reality', 'NSFW', 'Dismemberment', 'Monsters']",2019-01-19,3086
7823,['Ghosts'],2013-01-05,881
7824,['Reality'],2015-04-21,1717
7825,['Beings'],2018-04-20,2812
7826,"['Ghosts', 'Mental Illness']",2014-07-27,1449
7827,"['Items/Objects', 'Monsters', 'Dreams/Sleep']",2015-06-25,1782
7828,['Ghosts'],2012-11-18,833
7829,"['Dismemberment', 'DoctorBleed', 'Science']",2015-08-30,1848
7830,"['Dismemberment', 'Mental Illness']",2014-02-13,1285
7831,['Dreams/Sleep'],2012-06-26,688
7832,['Items/Objects'],2012-10-24,808
7833,['Animals'],2012-09-03,757
7834,"['Mental Illness', 'Science']",2015-11-24,1934
7835,['Mental Illness'],2017-09-23,2603
7836,"['Mental Illness', 'Spotlighted Pastas']",2017-04-04,2431
7837,['Ghosts'],2012-10-23,807
7838,['Diary/Journal'],2013-11-11,1191
7839,"['Hospitals', 'Beings', 'Parlour']",2018-05-03,2825
7840,"['Dismemberment', 'Ghosts']",2016-05-29,2121
7841,['Ghosts'],2015-05-26,1752
7842,['Monsters'],2018-09-30,2975
7843,"['Demon/Devil', 'Theory', 'Ritual']",2013-07-17,1074
7844,"['Beings', 'Halloween', 'HWC23']",2023-10-27,4828
7845,['Science'],2014-12-19,1594
7846,"['Beings', 'Dreams/Sleep', 'Micropasta']",2013-06-14,1041
7847,['Items/Objects'],2013-07-17,1074
7848,"['Beings', 'Military', 'History']",2017-02-03,2371
7849,['Reality'],2017-03-19,2415
7850,"['Items/Objects', 'Demon/Devil']",2017-10-23,2633
7851,"['History', 'Military', 'Ghosts', 'Diary/Journal']",2014-03-03,1303
7852,['Places'],2015-02-08,1645
7853,"['Lovecraftian', 'Gods']",2017-07-11,2529
7854,"['Historical Archive/PD', 'Poetry']",2021-02-04,3833
7855,['Mental Illness'],2013-07-23,1080
7856,"['Mental Illness', 'Dreams/Sleep']",2013-02-27,934
7857,"['Beings', 'Disappearances']",2015-01-02,1608
7858,"['RTWC23', 'Space', 'Dreams/Sleep', 'Monsters', 'Beings', 'Music', 'Reality', 'Dismemberment', 'Disappearances', 'Weird']",2023-08-28,4768
7859,"['Television', 'Reality', 'Jdeschene', 'Videos']",2018-05-13,2835
7860,['Items/Objects'],2014-04-10,1341
7861,['Beings'],2013-05-25,1021
7862,"['Video Games', 'Crime', 'Dismemberment', 'Disappearances', 'Longpasta']",2021-01-25,3823
7863,"['Ghosts', 'Mmpratt99 deviantart']",2017-08-16,2565
7864,['Mental Illness'],2015-07-03,1790
7865,['Mental Illness'],2013-01-05,881
7866,['Beings'],2013-06-14,1041
7867,"['STTWC15', 'Mental Illness', 'Dismemberment']",2015-04-17,1713
7868,['Mental Illness'],2011-07-02,328
7869,"['Mental Illness', 'ZugZuwang']",2021-10-31,4102
7870,"['PotM', 'Weird', 'Parlour']",2020-05-28,3581
7871,['Computers and Internet'],2015-01-31,1637
7872,['Beings'],2015-08-29,1847
7873,"['Monsters', 'Disappearances']",2013-10-05,1154
7874,"['Places', 'Beings', 'Spotlighted Pastas', 'WriterJosh']",2015-01-12,1618
7875,['Mental Illness'],2012-03-06,576
7876,"['Mental Illness', 'Monsters', 'Reality']",2012-09-14,768
7877,['Computers and Internet'],2012-03-19,589
7878,['Mental Illness'],2013-06-26,1053
7879,"['Dismemberment', 'Mental Illness']",2012-03-11,581
7880,"['Dreams/Sleep', 'Mental Illness']",2011-03-20,224
7881,['Dismemberment'],2012-12-17,862
7882,"['Dreams/Sleep', 'Mental Illness', 'Historical Archive']",2011-03-20,224
7883,"['Beings', 'Disappearances']",2018-11-19,3025
7884,[' Monsters'],2014-05-14,1375
7885,['Animals'],2015-05-27,1753
7886,"['Reality', 'Mental Illness', 'Dreams/Sleep', 'Micropasta']",2011-09-04,392
7887,['Computers and Internet'],2014-08-03,1456
7888,"['Beings', ""The Vesper's Bell""]",2022-09-10,4416
7889,"['Mental Illness', 'Computers and Internet', 'Dismemberment', 'NSFW']",2012-11-20,835
7890,"['Reality', 'Beings']",2015-05-15,1741
7891,"['Beings', 'Science', 'Reality']",2023-02-09,4568
7892,"['Places', 'Beings', 'Science', 'Longpasta']",2021-01-27,3825
7893,['Items/Objects'],2013-03-16,951
7894,"['Reality', 'Videos', 'Music', 'Theory']",2012-01-26,536
7895,['EAP'],2020-05-22,3575
7896,['Monsters'],2012-05-31,662
7897,['Beings'],2014-03-31,1331
7898,"['Places', 'Disappearances', 'Dismemberment', 'Beings']",2017-12-21,2692
7899,['Places'],2012-08-12,735
7900,"['Diary/Journal', 'Beings', 'Space']",2011-12-14,493
7901,"['Videos', 'Disappearances', 'Computers and Internet']",2013-01-23,899
7902,['Beings'],2016-08-28,2212
7903,"['Places', 'Beings', 'Nature', 'Historical Archive']",2010-08-18,10
7904,['Mental Illness'],2013-06-14,1041
7905,['Monsters'],2013-09-21,1140
7906,"['Christmas', 'ClericofMadness', 'Beings', 'Theory', 'Reality', 'Micropasta']",2011-02-15,191
7907,['Demon/Devil'],2012-12-17,862
7908,['Monsters'],2015-04-20,1716
7909,"['SftSS18', 'Animals', 'Cryptids', 'Science', 'Military', 'Nature', 'Places', 'HopelessNightOwl', 'Photography']",2018-06-17,2870
7910,"['Disappearances', 'Micropasta']",2012-01-09,519
7911,"['Icydice', 'Animals', 'Reality']",2018-10-20,2995
7912,"['Ghosts', 'Disappearances']",2013-10-11,1160
7913,"['Items/Objects', 'Demon/Devil']",2015-01-24,1630
7914,['Animals'],2012-11-16,831
7915,['Historical Archive/PD'],2018-06-26,2879
7916,"['Appealed Spinoffs', 'Weird', 'Beings']",2018-12-17,3053
7917,['Video Games'],2012-06-06,668
7918,"['Beings', 'Reality', 'Mental Illness']",2014-04-04,1335
7919,['Video Games'],2012-11-12,827
7920,"['Dreams/Sleep', 'Dismemberment']",2014-08-30,1483
7921,"['ClericofMadness', 'Items/Objects', 'Beings', 'Mental Illness', 'Micropasta']",2010-12-13,127
7922,['Video Games'],2013-03-13,948
7923,[],2015-02-08,1645
7924,"['Monsters', 'Dismemberment']",2014-06-17,1409
7925,"['Demon/Devil', 'Beings']",2017-03-15,2411
7926,['PokéMon'],2012-03-06,576
7927,"['Science', 'Theory', 'Gods']",2014-11-24,1569
7928,['Beings'],2014-06-17,1409
7929,['Computers and Internet'],2012-11-28,843
7930,"['Weird', 'Science', 'William See']",2020-09-08,3684
7931,"['Dismemberment', 'Disappearances']",2013-03-01,936
7932,"['Dismemberment', 'Beings']",2015-01-01,1607
7933,['Nature'],2014-05-26,1387
7934,"['Beings', 'Diary/Journal', 'Shadowswimmer77', 'Videos', 'Longpasta']",2017-07-22,2540
7935,"['Beings', 'Diary/Journal']",2012-10-23,807
7936,"['Items/Objects', 'HopelessNightOwl']",2018-07-15,2898
7937,"['Dreams/Sleep', 'Beings', 'Nature']",2012-10-01,785
7938,"['GreyOwl', 'Dismemberment', 'Monsters', 'Videos', 'Vehicles']",2014-08-28,1481
7939,"['Glisario', 'Computers and Internet', 'Weird']",2018-09-15,2960
7940,"['Disappearances', 'Micropasta']",2013-09-01,1120
7941,['Diary/Journal'],2017-12-20,2691
7942,"['Ghosts', 'Reddit Pastas', 'PotM']",2017-03-19,2415
7943,"['Disappearances', 'Mental Illness', 'NSFW']",2016-01-14,1985
7944,"['Places', 'Beings', 'Demon/Devil']",2023-06-03,4682
7945,"['Weird', 'Disappearances']",2017-04-17,2444
7946,"['Dismemberment', 'Monsters']",2015-03-20,1685
7947,"['Ghosts', 'Military']",2014-07-10,1432
7948,"['Items/Objects', 'Demon/Devil', 'Mental Illness']",2015-05-08,1734
7949,"['Places', 'Beings', 'Crime']",2016-07-17,2170
7950,"['Ghosts', 'Reality']",2018-12-06,3042
7951,['Items/Objects'],2013-08-31,1119
7952,['Nature'],2018-07-09,2892
7953,"['Poetry', 'MakRalston', 'Dismemberment']",2023-05-31,4679
7954,['Weird'],2014-08-16,1469
7955,"['Beings', 'Places', 'Dismemberment']",2013-10-15,1164
7956,['Monsters'],2014-01-14,1255
7957,"['Mental Illness', 'Dismemberment']",2016-05-31,2123
7958,"['Food', 'RTWC23', 'Animals']",2023-08-30,4770
7959,"['Dismemberment', 'VerminGoat']",2013-08-15,1103
7960,"['Dismemberment', 'Beings', 'Mental Illness', 'Photography']",2011-02-24,200
7961,"['Reality', 'Mental Illness']",2012-10-04,788
7962,"['Mental Illness', 'Animals']",2013-09-10,1129
7963,"['Cryptids', 'Disappearances', 'Dismemberment', 'Memes', 'Nature']",2012-08-19,742
7964,"['Cryptids', 'Historical Archive']",2010-09-30,53
7965,"[""The Vesper's Bell"", 'Science', 'Videos', 'Weird', 'Beings']",2020-10-04,3710
7966,"['Computers and Internet', 'Historical Archive']",2015-02-12,1649
7967,"['Ghosts', 'Nature', 'Weird', 'Micropasta']",2022-05-13,4296
7968,"['Items/Objects', 'Science', 'Theory']",2013-04-11,977
7969,"['Mental Illness', 'Reality']",2013-04-16,982
7970,"['Mental Illness', 'NSFW']",2012-04-11,612
7971,"['REH', 'Beings', 'Mental Illness', 'Crime', 'Longpasta']",2013-03-06,941
7972,"['REH', 'Poetry']",2017-08-15,2564
7973,"['Animals', 'Reality', 'Ritual', 'Micropasta']",2011-05-16,281
7974,['Computers and Internet'],2011-09-18,406
7975,"['Computers and Internet', 'Beings', 'Spotlighted Pastas']",2012-05-10,641
7976,"['Disappearances', 'Places', 'Mirrors']",2013-11-04,1184
7977,"['Places', 'Weird']",2023-10-05,4806
7978,['Computers and Internet'],2012-06-26,688
7979,"['Mental Illness', 'Dismemberment']",2013-08-11,1099
7980,"['Mental Illness', 'Halloween', 'Places']",2015-07-11,1798
7981,"['Historical Archive', 'Dreams/Sleep', 'Beings', 'Ritual', 'Micropasta']",2011-04-22,257
7982,"['Beings', 'Dreams/Sleep', 'Mental Illness']",2011-06-23,319
7983,"['Ritual', 'CPWH11']",2011-10-11,429
7984,"['Dreams/Sleep', 'Demon/Devil', ""The Vesper's Bell""]",2024-02-20,4944
7985,"['Items/Objects', 'Dreams/Sleep']",2013-01-20,896
7986,"['Dreams/Sleep', 'Historical Archive', 'Beings', 'Micropasta']",2010-11-04,88
7987,"['Dreams/Sleep', 'Beings']",2012-05-23,654
7988,['Dreams/Sleep'],2014-03-07,1307
7989,"['Beings', 'Dreams/Sleep']",2013-05-29,1025
7990,"['Dreams/Sleep', 'Reality']",2012-01-17,527
7991,['Dreams/Sleep'],2013-11-13,1193
7992,"['Dreams/Sleep', 'Beings', 'Reality']",2011-06-24,320
7993,"['Dreams/Sleep', 'Reality', 'Mental Illness']",2013-08-19,1107
7994,"['Monsters', 'Dreams/Sleep', 'Theory']",2012-02-15,556
7995,['Dreams/Sleep'],2014-09-01,1485
7996,"['Dreams/Sleep', 'Mental Illness', 'Dismemberment']",2012-08-06,729
7997,"['History', 'Military', 'Reality']",2019-06-08,3226
7998,"['Dreams/Sleep', 'Mental Illness', 'Computers and Internet']",2015-04-30,1726
7999,['Dismemberment'],2015-05-20,1746
8000,"['Reality', 'Micropasta']",2012-10-22,806
8001,"['Dreams/Sleep', 'Reality', 'Micropasta']",2012-07-23,715
8002,"['Beings', 'Dreams/Sleep']",2013-11-29,1209
8003,"['Dreams/Sleep', 'Mental Illness', 'Dismemberment']",2013-07-03,1060
8004,"['Dreams/Sleep', 'Science']",2013-10-13,1162
8005,['Dreams/Sleep'],2013-06-09,1036
8006,"['Dreams/Sleep', 'Beings']",2014-06-18,1410
8007,['Beings'],2012-05-13,644
8008,"['Dreams/Sleep', 'Mental Illness']",2012-10-21,805
8009,"['Dreams/Sleep', 'Mental Illness']",2015-06-24,1781
8010,"['Ritual', 'Places', 'Longpasta', 'Weird']",2023-07-04,4713
8011,"['Beings', 'Dismemberment', 'Mental Illness']",2014-07-25,1447
8012,"['Animals', 'NSFW']",2014-07-13,1435
8013,"['Photography', 'Micropasta']",2013-10-03,1152
8014,['Items/Objects'],2015-02-13,1650
8015,"['Mental Illness', 'Diary/Journal', 'Animals', 'Dismemberment']",2014-06-04,1396
8016,"['Weird', 'Micropasta']",2014-11-28,1573
8017,['Monsters'],2012-03-10,580
8018,"['Food', 'Weird', 'Kolpik', 'Videos']",2018-08-06,2920
8019,"['Weird', 'Items/Objects']",2023-08-12,4752
8020,['Mental Illness'],2013-04-24,990
8021,"['Historical Archive', 'Dreams/Sleep', 'Micropasta']",2015-05-25,1751
8022,['Mental Illness'],2014-07-18,1440
8023,['Ghosts'],2015-11-16,1926
8024,"['Places', 'Reality']",2012-07-25,717
8025,"['Dismemberment', 'Beings', 'Mental Illness']",2014-08-02,1455
8026,"['Dismemberment', 'Mental Illness']",2012-08-26,749
8027,"['Computers and Internet', 'Beings']",2012-07-10,702
8028,['Reality'],2016-09-29,2244
8029,"['Christmas', 'Historical Archive/PD']",2012-07-28,720
8030,"['Historical Archive', 'Ritual', 'Items/Objects', 'Micropasta']",2011-02-04,180
8031,"['Beings', 'Items/Objects', 'Places', 'Mental Illness', 'Dismemberment']",2012-03-18,588
8032,"['Suggested Reading', 'Historical Archive', 'Computers and Internet', 'Photography', 'Animals', 'Memes']",2010-08-27,19
8033,"['Ghosts', 'Disappearances']",2012-10-05,789
8034,['Mental Illness'],2012-11-20,835
8035,['Dismemberment'],2014-01-23,1264
8036,"['Dreams/Sleep', 'Beings', 'Mental Illness']",2013-02-04,911
8037,"['Liminal Spaces 2022', 'StalkerShrike', 'Mental Illness', 'Weird']",2022-08-29,4404
8038,['Beings'],2021-10-31,4102
8039,['Places'],2013-06-01,1028
8040,['Beings'],2017-03-23,2419
8041,"['Reddit Pastas', 'Monsters', 'Nature', 'Places']",2023-04-22,4640
8042,"['Crime', 'Monsters', 'Nature', 'Places', 'Cornconic', 'Videos']",2020-05-11,3564
8043,"['Poetry', 'Beings']",2014-11-20,1565
8044,"['Mental Illness', 'Animals', 'Items/Objects', 'Weird', 'Cornconic']",2023-04-04,4622
8045,"['Monsters', 'Weird']",2015-04-05,1701
8046,"['Dismemberment', 'Items/Objects']",2015-07-01,1788
8047,"['Animals', 'Beings', 'Disappearances', 'Dismemberment', 'Dreams/Sleep', 'Mental Illness', 'SnakeTongue237', 'Vehicles']",2015-08-17,1835
8048,"['Videos', 'RedNovaTyrant', 'Photography', 'Theory', 'Ghosts']",2019-08-06,3285
8049,['Beings'],2014-12-02,1577
8050,['Beings'],2016-06-14,2137
8051,"['Dreams/Sleep', 'Dismemberment', 'Beings']",2015-05-21,1747
8052,['Items/Objects'],2023-09-09,4780
8053,"['Items/Objects', 'Micropasta']",2013-08-04,1092
8054,['Dreams/Sleep'],2012-12-13,858
8055,['Dreams/Sleep'],2014-07-18,1440
8056,['Gods'],2013-02-04,911
8057,"['Mental Illness', 'Ghosts']",2014-12-08,1583
8058,['Places'],2011-03-21,225
8059,['Television'],2013-04-06,972
8060,"['Dismemberment', 'Reality', 'NSFW', 'Historical Archive', 'Television']",2010-08-09,1
8061,"['Reality', 'Weird']",2012-03-02,572
8062,"['Demon/Devil', 'Mental Illness', 'Places', 'Dismemberment', 'Spotlighted Pastas']",2012-08-21,744
8063,"['Beings', 'Reality']",2014-10-24,1538
8064,['Mental Illness'],2013-10-05,1154
8065,"['Ghosts', 'Nature', 'Places', 'Jdeschene', 'Military', 'Videos']",2020-08-15,3660
8066,"['Beings', 'Ritual', 'Mental Illness']",2014-08-01,1454
8067,"['Monsters', 'Places', 'Weird', 'Dismemberment', 'MakRalston']",2022-06-03,4317
8068,"['Mental Illness', 'Weird']",2015-05-31,1757
8069,"['Dismemberment', 'Mental Illness']",2013-06-20,1047
8070,"['Beings', 'Mental Illness']",2012-01-11,521
8071,"['Mental Illness', 'Dismemberment', 'Diary/Journal']",2014-07-23,1445
8072,"['Monsters', 'Reality']",2012-03-26,596
8073,"['Beings', 'Dismemberment', 'Television']",2013-11-29,1209
8074,"['Places', 'Beings']",2011-06-30,326
8075,"['Weird', 'Jdeschene', 'Places', 'Videos']",2018-06-02,2855
8076,['Monsters'],2013-08-04,1092
8077,"['Places', 'History', 'Weird', 'Micropasta']",2011-03-21,225
8078,"['Places', 'L0CKED334', 'Ghosts']",2018-08-14,2928
8079,"['Items/Objects', 'Ghosts', 'Military']",2014-10-04,1518
8080,['Disappearances'],2021-02-25,3854
8081,"['Cryptids', 'Dismemberment', 'Military']",2013-11-21,1201
8082,['Mental Illness'],2014-10-06,1520
8083,"['Theory', 'Reality']",2012-07-07,699
8084,"['Beings', 'D. Compton Ambrose', 'Places']",2018-01-02,2704
8085,"['Places', 'Science', 'Weird']",2014-02-14,1286
8086,"['Theory', 'Reality']",2012-04-10,611
8087,['Ghosts'],2012-02-19,560
8088,"['Demon/Devil', 'EmpyrealInvective', 'Ritual', 'Videos']",2015-06-19,1776
8089,"['Mental Illness', 'Micropasta']",2014-10-11,1525
8090,"['Beings', 'Dreams/Sleep', 'Mental Illness', 'PotM', 'Weird']",2013-12-07,1217
8091,['Demon/Devil'],2012-08-17,740
8092,"['Theory', 'Computers and Internet', 'Lovecraftian', 'Photography']",2012-11-05,820
8093,['Reality'],2013-10-18,1167
8094,"['Items/Objects', 'Dreams/Sleep']",2013-07-24,1081
8095,"['Poetry', 'Mental Illness', 'Micropasta']",2019-09-06,3316
8096,['Monsters'],2017-02-18,2386
8097,"['Beings', 'Computers and Internet']",2017-11-08,2649
8098,"['Beings', 'Dreams/Sleep']",2020-05-26,3579
8099,['EAP'],2012-05-01,632
8100,['Reality'],2014-06-10,1402
8101,"['Appealed Spinoffs', 'History', ""The Vesper's Bell""]",2020-04-23,3546
8102,['Weird'],2019-06-23,3241
8103,['Ghosts'],2012-02-24,565
8104,"['Demon/Devil', 'Dreams/Sleep', 'Items/Objects']",2019-03-07,3133
8105,"['Weird', 'Ghosts']",2015-03-10,1675
8106,"['Mental Illness', 'Hospitals']",2018-05-04,2826
8107,"['Beings', 'Mental Illness']",2015-12-28,1968
8108,"['Animals', 'Food', 'Fairly7Local']",2019-02-22,3120
8109,"['Monsters', 'Weird', 'EtherBot']",2015-05-09,1735
8110,"['Icydice', 'Monsters', 'Dismemberment', 'Crime']",2023-03-10,4597
8111,['Weird'],2020-02-06,3469
8112,"['Ghosts', ""The Vesper's Bell"", 'Videos']",2020-08-25,3670
8113,"['CertainShadows', 'Diary/Journal', 'Beings', 'Videos']",2021-09-22,4063
8114,"['Diary/Journal', 'Demon/Devil']",2013-03-29,964
8115,"['Reddit Pastas', 'Beings', 'Weird']",2023-04-14,4632
8116,"['Reddit Pastas', 'Places', 'Reality', 'Books', 'Beings']",2018-01-01,2703
8117,"['Monsters', 'Icydice']",2023-06-01,4680
8118,"['Places', 'Beings']",2015-07-19,1806
8119,"['Disappearances', 'Mental Illness', 'SnakeTongue237', 'Videos']",2015-02-18,1655
8120,['Mental Illness'],2014-06-06,1398
8121,['Beings'],2010-12-01,115
8122,"['Icydice', 'Monsters', 'Dreams/Sleep']",2023-09-26,4797
8123,['Weird'],2015-08-27,1845
8124,"['Beings', 'Science', 'History']",2012-05-19,650
8125,['Computers and Internet'],2018-01-19,2721
8126,['Reality'],2018-09-29,2974
8127,['Hospitals'],2018-07-08,2891
8128,"['Beings', 'Micropasta']",2012-04-22,623
8129,"['Dismemberment', 'Mental Illness', 'Monsters', 'Diary/Journal']",2012-04-13,614
8130,['Beings'],2012-08-29,752
8131,"['Beings', 'Mental Illness']",2016-03-04,2035
8132,['Mental Illness'],2022-01-12,4175
8133,"['Weird', 'Gomez Capulet']",2018-05-28,2850
8134,"['Demon/Devil', 'Mental Illness', 'CPWDemonDevil2015']",2015-07-11,1798
8135,"['Dismemberment', 'Places']",2012-01-30,540
8136,"['Weird', 'Reality']",2018-04-08,2800
8137,['Theory'],2013-08-01,1089
8138,"['Dreams/Sleep', 'Gods', 'Poetry', 'Cornconic', 'Videos']",2020-04-13,3536
8139,"['Diary/Journal', 'Mental Illness']",2019-08-09,3288
8140,['Reality'],2015-11-13,1923
8141,"['Beings', 'Disappearances', 'Dreams/Sleep', 'Mental Illness']",2019-05-01,3188
8142,['Ghosts'],2012-08-22,745
8143,"['Music', 'Beings', 'Demon/Devil']",2012-09-22,776
8144,"['Historical Archive/PD', 'Poetry']",2019-11-23,3394
8145,"['Cryptids', 'Demon/Devil']",2011-10-26,444
8146,['Beings'],2015-03-23,1688
8147,"['Contest Winner', 'Gods', 'HumboldtLycanthrope', 'Places', 'Ritual', 'Mythology 2015']",2015-03-21,1686
8148,"['Mental Illness', 'Computers and Internet']",2012-05-18,649
8149,"['Beings', 'Reality']",2012-05-28,659
8150,"['Ghosts', 'Items/Objects', 'Disappearances']",2018-02-06,2739
8151,"['Demon/Devil', 'Dismemberment']",2018-08-13,2927
8152,['Dreams/Sleep'],2013-08-01,1089
8153,"['Beings', 'Diary/Journal']",2013-05-27,1023
8154,"['Places', 'Weird']",2017-03-25,2421
8155,"['JohnathanNash', 'Music', 'Beings', ""Hel's Bible Black 2019""]",2019-05-12,3199
8156,"['Diary/Journal', 'Beings']",2023-11-28,4860
8157,"['NSFW', 'Mental Illness']",2015-03-17,1682
8158,['Ritual'],2014-11-21,1566
8159,"['Halloween', 'HWC23']",2023-10-27,4828
8160,['Beings'],2014-08-28,1481
8161,['Beings'],2012-03-02,572
8162,"['Places', 'Beings', 'Weird', ""The Vesper's Bell""]",2023-06-10,4689
8163,"['Dreams/Sleep', 'Micropasta']",2012-11-24,839
8164,['Mental Illness'],2012-11-08,823
8165,"['Reality', 'Dreams/Sleep', 'Micropasta']",2012-11-09,824
8166,['Space'],2014-12-08,1583
8167,"['Music', 'Items/Objects', 'NSFW', 'Mental Illness']",2013-07-21,1078
8168,['Beings'],2014-12-31,1606
8169,"['Weird', 'History', 'Food', 'Jdeschene', 'Videos']",2018-05-05,2827
8170,"['Places', 'Ghosts']",2015-01-10,1616
8171,"['Beings', 'History', 'Reality', 'Space', 'Television', 'Videos']",2014-09-07,1491
8172,"['Animals', 'Ghosts']",2012-11-28,843
8173,"['Television', 'Photography', 'Longpasta']",2023-01-16,4544
8174,"['Mental Illness', 'Dismemberment', 'Places']",2015-03-08,1673
8175,['Beings'],2020-11-02,3739
8176,"['Items/Objects', 'Mental Illness']",2012-07-23,715
8177,"['EmpyrealInvective', 'Hospitals', 'Reality', 'Videos']",2015-02-07,1644
8178,['Mental Illness'],2013-12-25,1235
8179,"['Mental Illness', 'Diary/Journal']",2012-05-21,652
8180,"['Appealed Stories', 'Demon/Devil']",2014-04-10,1341
8181,['REH'],2018-01-12,2714
8182,"['Josef K.', 'Historical Archive', 'Reality', 'Mental Illness', 'Dismemberment']",2011-02-28,204
8183,['Science'],2012-01-12,522
8184,"['Demon/Devil', 'Photography', 'Ritual', 'Computers and Internet']",2011-11-02,451
8185,['Mirrors'],2014-03-16,1316
8186,['Beings'],2014-06-27,1419
8187,['Weird'],2011-03-23,227
8188,"['Gomez Capulet', 'Weird', 'Food', 'Videos']",2018-05-22,2844
8189,"['Reddit Pastas', 'Mental Illness', 'Animals']",2016-06-30,2153
8190,"['Tiololo', 'Beings', 'Places', 'Diary/Journal', 'Videos']",2014-06-13,1405
8191,['Animals'],2011-03-23,227
8192,"['Items/Objects', 'Mental Illness']",2018-02-13,2746
8193,"['Disappearances', 'Beings', 'Mental Illness', 'Crime', 'Music', 'Places', 'Umbrello']",2015-06-04,1761
8194,"['Animals', 'Places', 'Weird', 'MalumLibrum958']",2022-11-08,4475
8195,"['Animals', 'Places', 'Micropasta']",2015-04-01,1697
8196,['Mental Illness'],2014-04-18,1349
8197,"['We Go Bump 2', 'Mental Illness', 'Reality']",2012-09-07,761
8198,"['Ghosts', 'Items/Objects', 'JohnathanNash', 'Ritual']",2016-06-22,2145
8199,"['Demon/Devil', 'Longpasta']",2018-08-10,2924
8200,"['L0CKED334', 'Beings', 'Nature']",2019-01-14,3081
8201,"['Vehicles', 'Mental Illness']",2016-12-10,2316
8202,"['Beings', 'History']",2012-03-04,574
8203,"['Mental Illness', 'Dreams/Sleep', 'Micropasta']",2012-10-24,808
8204,"['MLycantrope', 'Beings']",2021-03-13,3870
8205,"['Mental Illness', 'Dismemberment']",2014-06-07,1399
8206,"['Animals', 'Reality']",2011-09-02,390
8207,['Mental Illness'],2014-05-24,1385
8208,"['ClericofMadness', 'Dismemberment', 'Micropasta']",2010-09-21,44
8209,"['Halloween', 'Ghosts', 'MakRalston', 'Longpasta']",2022-10-01,4437
8210,"['StalkerShrike', 'HWC23', 'Halloween', 'Places']",2023-10-27,4828
8211,['Items/Objects'],2013-05-07,1003
8212,"['Reality', 'Items/Objects']",2013-03-16,951
8213,['Mental Illness'],2021-07-19,3998
8214,"['Cryptids', 'Dismemberment', 'Science', 'Cornconic', 'Videos']",2020-01-25,3457
8215,['Food'],2022-10-14,4450
8216,"['Ghosts', 'RQMystery2015']",2015-08-30,1848
8217,['Monsters'],2013-07-23,1080
8218,"['Videos', 'Memes', 'Lost Episodes', 'Historical Archive']",2010-08-08,0
8219,"['Animals', 'Mental Illness']",2015-06-14,1771
8220,"['Demon/Devil', 'Mental Illness']",2013-12-31,1241
8221,"['Places', 'Ghosts']",2013-01-27,903
8222,"['Places', 'Ghosts']",2012-12-24,869
8223,['Places'],2011-03-05,209
8224,"['Mental Illness', 'Gods']",2015-02-12,1649
8225,"['Dismemberment', 'Dreams/Sleep', 'Places']",2013-09-21,1140
8226,"['Crime', 'Weird']",2012-09-09,763
8227,['Beings'],2014-05-30,1391
8228,"['Ghosts', 'Places']",2011-10-22,440
8229,['Beings'],2013-11-20,1200
8230,"['AGB', 'Animals']",2012-05-28,659
8231,"['EmpyrealInvective', 'Mental Illness', 'Videos']",2013-10-31,1180
8232,"['Diary/Journal', 'Beings', 'Mental Illness']",2018-06-13,2866
8233,"['Monsters', 'Music']",2013-10-13,1162
8234,"['Liminal Spaces 2022', 'Beings', 'Weird']",2022-09-04,4410
8235,['Monsters'],2014-04-19,1350
8236,"['Reality', 'Monsters', 'Micropasta']",2013-08-09,1097
8237,"['Reality', 'Micropasta']",2011-09-04,392
8238,"['Dreams/Sleep', 'Beings']",2012-02-19,560
8239,['Beings'],2017-05-14,2471
8240,"['Beings', 'Dreams/Sleep']",2012-09-25,779
8241,"['Space', 'Science']",2014-01-20,1261
8242,"['ClericofMadness', 'Places', 'Ghosts']",2010-09-28,51
8243,"['Disappearances', 'Dreams/Sleep', 'Beings', 'Lovecraftian']",2015-04-05,1701
8244,"['Diary/Journal', 'EmpyrealInvective', 'Mental Illness']",2015-02-27,1664
8245,"['Space', 'Beings']",2020-09-05,3681
8246,"['Mirrors', 'Ritual']",2012-04-08,609
8247,['Monsters'],2012-07-25,717
8248,['Video Games'],2012-11-26,841
8249,"['Reality', 'Beings', 'Mirrors', 'Micropasta']",2012-08-14,737
8250,"['Gods', 'Science', 'Space']",2017-03-11,2407
8251,"['Space', 'Theory']",2020-07-19,3633
8252,"['Poetry', 'Space', 'Beings']",2021-01-03,3801
8253,['Dreams/Sleep'],2014-04-10,1341
8254,"['Dismemberment', 'Beings']",2013-01-24,900
8255,['Food'],2015-02-09,1646
8256,['Beings'],2015-03-14,1679
8257,"['Mental Illness', 'Diary/Journal', 'Science']",2013-08-28,1116
8258,['Beings'],2015-03-21,1686
8259,"['Diary/Journal', 'Beings']",2014-07-31,1453
8260,"['Television', 'Reality', 'Crime']",2012-12-05,850
8261,"['Music', 'Mental Illness']",2015-02-01,1638
8262,"['Reality', 'Television', 'Disappearances', 'Micropasta']",2010-08-10,2
8263,"['Science', 'Monsters']",2013-02-04,911
8264,['Beings'],2011-04-03,238
8265,"['Monsters', 'Nature']",2013-07-18,1075
8266,['Photography'],2018-10-08,2983
8267,['Monsters'],2014-07-01,1423
8268,"['Television', 'Beings', 'Videos']",2015-10-08,1887
8269,['Beings'],2013-10-21,1170
8270,"['Ghosts', 'Micropasta']",2012-02-01,542
8271,['Weird'],2023-07-01,4710
8272,"['AltLang', 'Items/Objects']",2017-06-20,2508
8273,"['Computers and Internet', 'Ghosts', 'NSFW']",2011-12-07,486
8274,['Mental Illness'],2013-11-03,1183
8275,['Items/Objects'],2014-09-30,1514
8276,['Mental Illness'],2016-04-30,2092
8277,"['Mental Illness', 'NSFW', 'Weird']",2012-01-30,540
8278,"['Crime', 'Ghosts', 'Disappearances', 'Mental Illness', 'Longpasta']",2015-09-21,1870
8279,"['Lost Episodes', 'Memes']",2011-01-29,174
8280,"['Demon/Devil', 'Mirrors']",2014-06-11,1403
8281,"['Dismemberment', 'Mental Illness']",2013-12-05,1215
8282,"['Disappearances', 'Reality']",2014-05-11,1372
8283,"['Disappearances', 'Beings']",2014-08-06,1459
8284,['Beings'],2015-08-01,1819
8285,"['Dreams/Sleep', 'Reality']",2014-01-15,1256
8286,"['Appealed Spinoffs', 'Spotlighted Pastas', ""The Vesper's Bell"", 'Dreams/Sleep']",2023-01-05,4533
8287,"['Items/Objects', 'Demon/Devil']",2015-03-31,1696
8288,"['Beings', 'Mental Illness', 'Dismemberment']",2013-06-16,1043
8289,"['Dismemberment', 'NSFW']",2015-05-19,1745
8290,"['Places', 'Monsters']",2014-09-06,1490
8291,"['Beings', 'Places']",2012-05-08,639
8292,['Beings'],2016-11-08,2284
8293,"['Monsters', 'Nature', 'Historical Archive']",2011-09-09,397
8294,"['CPWSong2015', 'Tiololo', 'Vehicles', 'Weird']",2015-05-27,1753
8295,"['Beings', 'Mental Illness']",2014-02-27,1299
8296,"['Lovecraftian', 'Disappearances']",2020-05-05,3558
8297,"['Mental Illness', 'Beings']",2014-07-21,1443
8298,"['Animals', 'Monsters']",2017-08-05,2554
8299,"['Beings', 'Dreams/Sleep']",2014-01-15,1256
8300,"['Photography', 'Micropasta']",2011-03-26,230
8301,"['Christmas', 'Mental Illness', 'RTWC23']",2023-08-19,4759
8302,"['NSFW', 'Computers and Internet', 'Animals', 'Dismemberment']",2013-05-11,1007
8303,"['Hospitals', 'Dismemberment', 'Micropasta']",2018-09-22,2967
8304,"['Poetry', 'Beings']",2014-06-19,1411
8305,"['History', 'Lovecraftian', 'Disappearances', 'Reality', 'Places']",2013-07-18,1075
8306,"['Poetry', 'Gods']",2012-12-02,847
8307,"['MLycantrope', 'Poetry', 'Weird']",2023-03-28,4615
8308,"['Hospitals', 'Reality', 'FlakyPorcupine']",2017-03-19,2415
8309,"['Places', 'Ritual', 'Gods']",2018-08-03,2917
8310,"['Weird', ""The Vesper's Bell""]",2023-12-17,4879
8311,"['History', 'Reality', 'Gods', 'Videos']",2016-11-27,2303
8312,['Beings'],2013-02-11,918
8313,"['Dismemberment', 'Monsters']",2012-11-06,821
8314,"['Disappearances', 'Places']",2013-10-30,1179
8315,"['Disappearances', 'Monsters']",2013-03-22,957
8316,['Places'],2014-06-02,1394
8317,"['Theory', 'Gods']",2012-10-04,788
8318,['Diary/Journal'],2013-04-07,973
8319,"['Reality', 'Mental Illness']",2015-05-16,1742
8320,"['Dreams/Sleep', 'Demon/Devil', 'Animals']",2013-01-17,893
8321,"['Dismemberment', 'History', 'Reddit Pastas']",2018-04-08,2800
8322,"['Beings', 'Micropasta']",2013-08-16,1104
8323,"['Ghosts', 'Places']",2019-03-10,3136
8324,"['Christmas', 'Historical Archive/PD']",2018-06-19,2872
8325,"['Beings', 'Places']",2018-07-01,2884
8326,"['Ritual', 'Beings', 'Micropasta']",2011-03-08,212
8327,"['Mental Illness', 'Dismemberment']",2012-04-13,614
8328,"['PokéMon', 'Memes']",2011-09-06,394
8329,['Ghosts'],2015-03-30,1695
8330,"['Disappearances', 'Animals']",2021-08-12,4022
8331,['NSFW'],2016-11-12,2288
8332,"['Computers and Internet', 'Beings', 'Dreams/Sleep']",2013-09-18,1137
8333,['Monsters'],2012-07-31,723
8334,"['Disappearances', 'Items/Objects', 'Mental Illness']",2012-03-08,578
8335,"['Beings', 'Diary/Journal', 'Reality', 'Science', 'Weird', 'The Hooded Werewolf', 'Theory']",2012-05-06,637
8336,"['Computers and Internet', 'Reality']",2013-06-11,1038
8337,"['Mental Illness', 'Dismemberment']",2014-04-12,1343
8338,"['Reality', 'Theory', 'PotM', 'Historical Archive', 'Beings']",2010-11-07,91
8339,"['Weird', 'Beings']",2020-06-24,3608
8340,['Ritual'],2012-07-31,723
8341,"['Mental Illness', 'Nature', 'Micropasta', 'Postuhenin']",2020-06-12,3596
8342,"['Appealed Stories', 'Places']",2015-08-14,1832
8343,"['Beings', 'Mental Illness']",2015-07-09,1796
8344,"['We Go Bump 2', 'Television', 'Items/Objects', 'Beings']",2013-02-22,929
8345,['Monsters'],2013-12-09,1219
8346,['Monsters'],2012-07-04,696
8347,['Mental Illness'],2012-01-04,514
8348,['Monsters'],2014-10-08,1522
8349,"['Animals', 'Items/Objects']",2013-01-19,895
8350,"['Animals', 'Nature', 'Weird']",2017-02-15,2383
8351,"['MakRalston', 'Cryptids', 'Food', 'Christmas']",2023-11-16,4848
8352,"['Mental Illness', 'Micropasta']",2011-02-28,204
8353,"['Animals', 'Dismemberment', 'Weird', 'Mental Illness']",2013-02-27,934
8354,"['Monsters', 'Reality', 'Jdeschene', 'Videos']",2020-10-03,3709
8355,"['Beings', 'Weird']",2019-10-30,3370
8356,"['Ghosts', 'Mirrors', 'Places']",2012-08-19,742
8357,"['Diary/Journal', 'Science']",2013-02-08,915
8358,"['Animals', 'Weird', 'Nature']",2017-11-29,2670
8359,"['Monsters', 'Science', 'Military']",2012-12-22,867
8360,"['Military', 'Mental Illness', 'Science', 'Diary/Journal']",2013-10-06,1155
8361,"['Diary/Journal', 'Science']",2013-04-25,991
8362,['Mental Illness'],2013-01-24,900
8363,"['Military', 'Monsters', 'Dismemberment']",2012-08-16,739
8364,"['Mental Illness', 'Weird']",2013-06-19,1046
8365,"['Dismemberment', 'Diary/Journal', 'Science', 'Monsters', 'History', 'Military']",2012-05-15,646
8366,"['Science', 'Military', 'Beings']",2011-03-04,208
8367,"['Reality', 'Mental Illness', 'Dismemberment', 'Disappearances', 'FlakyPorcupine']",2013-07-12,1069
8368,"['Ritual', 'Demon/Devil']",2017-08-10,2559
8369,"['Reality', 'Science', 'Longpasta']",2020-05-23,3576
8370,"['Beings', 'D. Compton Ambrose', 'Disappearances', 'Places']",2018-07-31,2914
8371,"['Beings', 'Disappearances']",2017-10-03,2613
8372,['Mental Illness'],2013-06-12,1039
8373,"['Places', 'Vehicles', 'Mental Illness', 'Jdeschene', 'Videos']",2020-10-09,3715
8374,"['Weird', 'Micropasta']",2013-05-20,1016
8375,"['Computers and Internet', 'Videos']",2013-02-08,915
8376,['Mental Illness'],2013-07-13,1070
8377,"['Mental Illness', 'NSFW']",2014-05-07,1368
8378,"['Floyd Pinkerton', 'Ghosts', 'Books']",2013-01-01,877
8379,"['Military', 'History']",2015-03-19,1684
8380,"['Weird', 'Beings', 'Jdeschene', 'Videos']",2018-09-18,2963
8381,"['Weird', 'Mental Illness']",2013-02-23,930
8382,"['Reality', 'Mental Illness']",2016-08-24,2208
8383,"['Mental Illness', 'Dismemberment']",2014-12-25,1600
8384,['Mental Illness'],2013-11-02,1182
8385,"['Lost Episodes', 'Memes', 'Historical Archive', 'Videos']",2010-08-08,0
8386,"['Beings', 'Memes', 'Mental Illness']",2011-05-24,289
8387,['Items/Objects'],2011-12-29,508
8388,"['History', 'Military']",2012-08-25,748
8389,"['HLWerewolf2017', 'Monsters']",2017-10-25,2635
8390,"['Videos', 'Demon/Devil', 'Mmpratt99 deviantart', 'Places']",2015-01-10,1616
8391,"['Diary/Journal', 'Mmpratt99 deviantart']",2017-08-11,2560
8392,"['Places', 'Mental Illness']",2013-12-01,1211
8393,"['Monsters', 'Poetry']",2013-05-21,1017
8394,"['Beings', 'We Go Bump 3']",2014-10-15,1529
8395,['Monsters'],2013-05-07,1003
8396,"['CertainShadows', 'Places', 'Videos']",2020-05-31,3584
8397,"['Ritual', 'Monsters']",2012-06-20,682
8398,"['Gods', 'Space']",2014-09-25,1509
8399,"['Weird', 'Reality', 'Dismemberment']",2014-07-22,1444
8400,['Mental Illness'],2015-08-25,1843
8401,"['Nature', 'Beings', 'Reality', 'Jdeschene', 'Videos']",2020-11-28,3765
8402,['Dreams/Sleep'],2011-12-01,480
8403,"['Television', 'Lost Episodes']",2011-03-23,227
8404,"['Weird', 'MakRalston']",2022-08-21,4396
8405,"['HPL', 'Poetry']",2012-04-15,616
8406,['Weird'],2018-03-16,2777
8407,"['Disappearances', 'Poetry', 'Beings']",2018-01-07,2709
8408,"['Video Games', 'Historical Archive']",2012-09-21,775
8409,"['Video Games', 'Historical Archive']",2010-08-15,7
8410,['Video Games'],2013-06-01,1028
8411,['Mental Illness'],2013-12-26,1236
8412,"['Ritual', 'Mental Illness']",2014-12-25,1600
8413,"['Floyd Pinkerton', 'Music']",2013-01-05,881
8414,"['Space', 'Micropasta']",2012-04-19,620
8415,"['CharminglyShallow', 'Computers and Internet', 'DFPC15', 'We Go Bump 3']",2014-08-02,1455
8416,"['Gomez Capulet', 'Weird', 'Monsters', 'Science']",2019-06-17,3235
8417,"['Poetry', 'EtherBot']",2016-11-14,2290
8418,"['Mirrors', 'Computers and Internet']",2011-08-18,375
8419,"['Reality', 'Mental Illness', 'Micropasta']",2013-01-20,896
8420,['Weird'],2013-11-20,1200
8421,"['Gods', 'Theory', 'Micropasta']",2012-03-02,572
8422,['Dreams/Sleep'],2012-10-12,796
8423,"['Items/Objects', 'Monsters']",2013-01-06,882
8424,"['Beings', 'Television']",2014-04-20,1351
8425,"['Diary/Journal', 'Beings', 'Dismemberment']",2011-11-10,459
8426,['Science'],2014-02-11,1283
8427,"['Meta', 'Historical Archive', 'Suggested Reading', 'Memes', 'Troll Pasta']",2010-08-18,10
8428,['Nature'],2011-12-05,484
8429,"['Animals', 'Diary/Journal']",2016-01-16,1987
8430,"['Reality', 'Places']",2011-11-28,477
8431,"['Nature', 'Ghosts']",2014-07-28,1450
8432,"['Mental Illness', 'Dismemberment']",2014-06-10,1402
8433,"['Diary/Journal', 'Dismemberment', 'Mental Illness']",2012-09-28,782
8434,['Mental Illness'],2011-03-23,227
8435,"['Beings|Susan (TVATR)', 'Mental Illness|Susan (TVATR)']",2013-02-07,914
8436,['Mental Illness'],2016-05-12,2104
8437,"['Beings', 'Mental Illness']",2013-03-09,944
8438,"['Halloween 2021', 'Halloween']",2021-10-28,4099
8439,['Weird'],2012-04-08,609
8440,['Mental Illness'],2020-10-31,3737
8441,"['Ghosts', 'Mental Illness']",2017-12-10,2681
8442,"['Reality', 'Gods', 'RCainTales']",2020-05-07,3560
8443,"['Dreams/Sleep', 'Beings', 'Micropasta']",2013-10-08,1157
8444,"['Monsters', 'Mental Illness']",2020-11-25,3762
8445,"['Monsters', 'NSFW']",2013-12-07,1217
8446,['Diary/Journal'],2013-09-05,1124
8447,['Animals'],2011-11-12,461
8448,['Places'],2013-02-15,922
8449,['HPL'],2012-04-04,605
8450,"['Poetry', 'Tewahway', 'Ghosts']",2022-04-15,4268
8451,['Mental Illness'],2013-05-04,1000
8452,"['Music', 'Items/Objects', 'Micropasta']",2014-02-20,1292
8453,"['Mental Illness', 'Dismemberment']",2013-05-05,1001
8454,"['Beings', 'Dismemberment', 'Poetry']",2011-10-16,434
8455,"['Beings', 'Mental Illness']",2014-01-20,1261
8456,"['Ghosts', 'Music', 'Nature']",2015-01-06,1612
8457,"['Places', 'Disappearances']",2014-07-17,1439
8458,"['Beings', 'Mirrors']",2012-05-08,639
8459,['Monsters'],2015-05-19,1745
8460,"['Mental Illness', 'Dismemberment']",2013-05-08,1004
8461,"['Military', 'History']",2013-02-14,921
8462,"['Mental Illness', 'Weird']",2022-01-24,4187
8463,"['Science', 'Computers and Internet', 'Micropasta']",2012-11-09,824
8464,"['Christmas', 'Demon/Devil', 'Poetry']",2014-03-17,1317
8465,"['Troll Pasta', 'Memes', 'Micropasta']",2010-08-16,8
8466,['Items/Objects'],2017-08-20,2569
8467,"['Items/Objects', 'Reality', 'Science', 'Theory']",2021-10-04,4075
8468,"['Nature', 'Mental Illness']",2014-04-27,1358
8469,"['Television', 'Theory', 'Computers and Internet']",2013-05-05,1001
8470,"['Television', 'Disappearances']",2012-04-11,612
8471,['Television'],2013-05-18,1014
8472,['Television'],2013-01-03,879
8473,"['Demon/Devil', 'Animals', 'Mental Illness', 'Dismemberment']",2013-11-27,1207
8474,"['Animals', 'Ghosts']",2013-03-11,946
8475,"['Dreams/Sleep', 'Mental Illness']",2014-05-25,1386
8476,"['MakRalston', 'Places', 'NSFW']",2021-07-28,4007
8477,"['Computers and Internet', 'Science', 'Space', 'RQMystery2015']",2015-08-21,1839
8478,"['Military', 'History']",2013-12-06,1216
8479,"['Beings', 'Disappearances']",2020-12-24,3791
8480,['Computers and Internet'],2023-12-10,4872
8481,"['Mental Illness', 'Weird', 'ZugZuwang', 'Reality', 'Videos']",2021-12-30,4162
8482,"['Ghosts', 'Military', 'Places']",2015-01-20,1626
8483,"['Mental Illness', 'Items/Objects', 'Reality', 'Micropasta']",2017-12-01,2672
8484,['Demon/Devil'],2021-01-26,3824
8485,"['RTWC23', 'Beings', 'Halloween']",2023-08-28,4768
8486,['Mental Illness'],2011-09-04,392
8487,"['Reality', 'Micropasta']",2012-11-08,823
8488,"['Gomez Capulet', 'Mental Illness']",2019-07-31,3279
8489,['Mental Illness'],2013-08-11,1099
8490,"['Mental Illness', 'Beings', 'Disappearances', 'Mirrors', 'Dreams/Sleep']",2013-11-01,1181
8491,"['Demon/Devil', 'Items/Objects']",2011-10-31,449
8492,['Beings'],2015-04-20,1716
8493,"['Mental Illness', 'Items/Objects', 'Vehicles']",2015-08-27,1845
8494,"['Science', 'Reality', 'Micropasta']",2011-09-07,395
8495,['Beings'],2011-04-27,262
8496,"['Ghosts', 'Longpasta']",2011-04-18,253
8497,['Monsters'],2020-03-15,3507
8498,['Computers and Internet'],2013-08-26,1114
8499,"['Mental Illness', 'Beings', 'Memes', 'Weird']",2010-09-03,26
8500,"['Monsters', 'Beings']",2014-04-11,1342
8501,"['EAP', 'Poetry', 'Places', 'Reality']",2017-10-27,2637
8502,"['Ritual', 'Ghosts']",2015-05-28,1754
8503,['Beings'],2016-10-24,2269
8504,['Monsters'],2013-03-22,957
8505,['Mental Illness'],2013-11-29,1209
8506,"['Beings', 'Dismemberment']",2014-06-11,1403
8507,['Mental Illness'],2013-07-08,1065
8508,"['DFPC15', 'Monsters', 'Dreams/Sleep']",2012-05-24,655
8509,['Monsters'],2013-06-13,1040
8510,"['Mirrors', 'Ghosts']",2013-01-14,890
8511,"['Beings', 'Dismemberment']",2011-04-25,260
8512,"['Dismemberment', 'Mental Illness', 'Historical Archive', 'Micropasta']",2010-08-19,11
8513,['Places'],2013-07-22,1079
8514,"['Beings', 'Dreams/Sleep', 'Disappearances']",2016-09-23,2238
8515,['Monsters'],2011-09-06,394
8516,['Beings'],2013-09-06,1125
8517,"['Places', 'Beings']",2022-09-29,4435
8518,"['Beings', 'Mental Illness']",2020-09-14,3690
8519,"['NSFW', 'Dismemberment', 'Mental Illness']",2014-03-19,1319
8520,['Dismemberment'],2012-04-23,624
8521,"['Monsters', 'NSFW', 'William See']",2022-09-24,4430
8522,['Mental Illness'],2013-03-27,962
8523,"['Mental Illness', 'Dismemberment']",2011-06-07,303
8524,['Beings'],2014-01-01,1242
8525,"['Monsters', 'Science', 'Diary/Journal', 'William See']",2019-12-05,3406
8526,['Beings'],2018-06-04,2857
8527,['Video Games'],2011-08-12,369
8528,"['Beings', 'Dreams/Sleep']",2014-02-16,1288
8529,['Beings'],2013-12-01,1211
8530,['Beings'],2012-06-26,688
8531,"['Demon/Devil', 'Items/Objects']",2011-11-24,473
8532,"['Diary/Journal', 'Historical Archive', 'Monsters', 'Nature', 'Places', 'PotM', 'Suggested Reading']",2012-07-05,697
8533,['Article Subpages'],2020-06-27,3611
8534,['Article Subpages'],2020-06-27,3611
8535,"['Article Subpages', 'Longpasta']",2020-06-27,3611
8536,['Article Subpages'],2020-06-27,3611
8537,['Article Subpages'],2020-06-27,3611
8538,['Article Subpages'],2020-06-27,3611
8539,['Article Subpages'],2020-06-27,3611
8540,['Article Subpages'],2020-06-27,3611
8541,['Article Subpages'],2020-06-27,3611
8542,['Article Subpages'],2020-06-27,3611
8543,['Article Subpages'],2020-06-27,3611
8544,['Article Subpages'],2020-06-27,3611
8545,['Items/Objects'],2011-01-14,159
8546,['Weird'],2019-07-03,3251
8547,['Dreams/Sleep'],2012-09-20,774
8548,"['Reddit Pastas', 'Weird', 'Mental Illness', 'Dismemberment']",2019-05-15,3202
8549,"['Disappearances', 'Mental Illness', 'Dismemberment', 'PotM']",2013-12-28,1238
8550,['Video Games'],2018-07-18,2901
8551,['Reality'],2015-02-13,1650
8552,"['Television', 'Beings']",2012-12-30,875
8553,"['Mental Illness', 'Micropasta']",2013-04-24,990
8554,"['Reality', 'Dreams/Sleep']",2016-04-27,2089
8555,['Monsters'],2013-09-01,1120
8556,"['L0CKED334', 'Cruel Fate 2020']",2020-01-31,3463
8557,"['Palaeontologica', 'Science', 'Reality']",2021-12-03,4135
8558,"['Gods', 'Ritual']",2018-07-10,2893
8559,"['Dismemberment', 'Weird', 'Places', 'Mental Illness', 'NSFW']",2014-01-16,1257
8560,"['Reality', 'Weird', 'Dreams/Sleep', 'Beings']",2016-10-28,2273
8561,"['Places', 'Items/Objects', 'Ghosts', 'Vehicles']",2018-04-04,2796
8562,"['Beings', 'Places']",2017-06-04,2492
8563,"['Ghosts', 'Micropasta']",2012-12-06,851
8564,"['Beings', 'Reality']",2014-04-29,1360
8565,['Demon/Devil'],2014-09-03,1487
8566,"['Places', 'Beings']",2014-09-28,1512
8567,['Mental Illness'],2013-06-26,1053
8568,"['NSFW', 'Dismemberment', 'Mental Illness']",2014-02-15,1287
8569,"['PotM', 'Ghosts', 'Items/Objects', 'Places']",2021-08-31,4041
8570,"['Beings', 'EmpyrealInvective']",2013-10-28,1177
8571,['Beings'],2012-11-21,836
8572,['Mental Illness'],2017-03-18,2414
8573,"['Diary/Journal', 'Items/Objects']",2015-03-31,1696
8574,"['Weird', 'NSFW', 'Jdeschene']",2018-07-25,2908
8575,"['Diary/Journal', 'Disappearances', 'Beings']",2014-03-05,1305
8576,"['Mental Illness', 'Jdeschene']",2020-04-07,3530
8577,['Monsters'],2012-09-19,773
8578,"['Cryptids', 'Nature']",2018-08-02,2916
8579,"['Icydice', 'Dreams/Sleep', 'Videos', 'Monsters']",2018-10-20,2995
8580,"['Dreams/Sleep', 'Monsters']",2019-09-29,3339
8581,['Science'],2012-06-01,663
8582,"['Dismemberment', 'Cryptids']",2017-06-04,2492
8583,"['Diary/Journal', 'Science', 'Dismemberment', 'Mental Illness', 'History']",2011-12-31,510
8584,"['Diary/Journal', 'Weird', 'Places']",2021-03-03,3860
8585,"['Monsters', 'Dismemberment']",2013-02-23,930
8586,['Science'],2013-10-29,1178
8587,['History'],2014-05-27,1388
8588,"['Computers and Internet', 'Video Games']",2012-11-24,839
8589,"['Items/Objects', 'Beings', 'Ghosts']",2023-09-22,4793
8590,"['Historical Archive', 'Ghosts']",2010-08-17,9
8591,"['Poetry', 'Nature']",2013-12-05,1215
8592,"['Weird', 'Micropasta']",2013-03-24,959
8593,"['Micropasta', 'Postuhenin']",2020-05-21,3574
8594,"['Mental Illness', 'Places']",2020-06-29,3613
8595,['Monsters'],2013-06-03,1030
8596,"['Dismemberment', 'Dreams/Sleep', 'Mental Illness']",2013-05-19,1015
8597,['Computers and Internet'],2018-04-20,2812
8598,"['Mental Illness', 'Dismemberment', 'Micropasta']",2012-12-13,858
8599,['Mental Illness'],2013-07-01,1058
8600,"['DoctorBleed', 'Lovecraftian', 'Places', 'Mental Illness']",2015-08-26,1844
8601,"['Ritual', 'Mirrors']",2012-06-27,689
8602,['Computers and Internet'],2013-01-10,886
8603,"['Beings', 'Reality', 'Micropasta']",2018-09-17,2962
8604,['Beings'],2014-01-02,1243
8605,['Dreams/Sleep'],2013-05-07,1003
8606,"['Beings', 'Hospitals', 'Longpasta']",2016-12-30,2336
8607,"['ClericofMadness', 'Animals']",2011-08-14,371
8608,"['Beings', 'Dreams/Sleep']",2012-12-07,852
8609,"['Beings', 'Science', 'Lovecraftian', 'Reality']",2014-08-04,1457
8610,"['Beings', 'Places']",2014-07-24,1446
8611,['Computers and Internet'],2018-05-12,2834
8612,"['Disappearances', 'Places']",2013-02-09,916
8613,"['Animals', 'Mental Illness']",2013-04-16,982
8614,"['Ghosts', 'Mental Illness']",2013-07-29,1086
8615,['Demon/Devil'],2014-02-21,1293
8616,"['Nature', 'Places', 'Beings']",2018-02-22,2755
8617,"['Doom Vroom', 'HLWerewolf2017', 'Monsters', 'Videos']",2017-10-24,2634
8618,"['Beings', 'Lovecraftian', 'Mental Illness', 'Dreams/Sleep']",2012-08-28,751
8619,['Nature'],2012-04-11,612
8620,"['Mirrors', 'Historical Archive']",2010-08-08,0
8621,"['Mental Illness', 'Dreams/Sleep']",2014-05-26,1387
8622,"['Items/Objects', 'Places', 'Disappearances']",2012-06-02,664
8623,"['Reality', 'Music', 'Micropasta']",2014-02-22,1294
8624,['Places'],2013-06-30,1057
8625,['Ghosts'],2020-05-26,3579
8626,"['Mental Illness', 'History']",2013-02-18,925
8627,"['Theory', 'Beings', 'Ritual', 'Micropasta']",2013-01-12,888
8628,['Ghosts'],2012-07-25,717
8629,"['RTWC23', 'Television', 'MakRalston', 'Disappearances', 'Mental Illness']",2023-08-22,4762
8630,"['Dreams/Sleep', 'Music', 'Reality']",2014-03-06,1306
8631,['Monsters'],2022-01-24,4187
8632,"['Reality', 'Beings']",2012-10-07,791
8633,"['Computers and Internet', 'Mental Illness', 'NSFW']",2016-03-17,2048
8634,"['Beings', 'Reality', 'Micropasta']",2012-07-12,704
8635,['Beings'],2013-06-27,1054
8636,"['Mental Illness', 'Science']",2013-06-20,1047
8637,"['Reality', 'Diary/Journal']",2016-04-01,2063
8638,"['Poetry', 'Reality', 'Beings']",2015-05-09,1735
8639,"['Beings', 'Items/Objects']",2012-03-26,596
8640,"['Reality', 'Crime', 'Micropasta']",2013-07-11,1068
8641,"['Books', 'Beings']",2016-12-08,2314
8642,"['Beings', 'Diary/Journal']",2018-06-18,2871
8643,"['Beings', 'Jdeschene']",2021-04-07,3895
8644,"['Places', 'Science']",2016-06-21,2144
8645,"['History', 'Dismemberment']",2013-07-29,1086
8646,['Items/Objects'],2013-12-28,1238
8647,"['Computers and Internet', 'Historical Archive', 'Micropasta', 'Memes']",2011-03-13,217
8648,"['Beings', 'Dreams/Sleep', 'Reality']",2013-07-29,1086
8649,['Ghosts'],2013-03-21,956
8650,"['Beings', 'Micropasta']",2011-08-29,386
8651,"['Historical Archive', 'Ritual', 'Places', 'Reality', 'Micropasta']",2010-12-19,133
8652,"['Beings', 'Lovecraftian']",2021-02-19,3848
8653,"['Animals', 'Ghosts']",2014-07-20,1442
8654,"['Disappearances', 'Dreams/Sleep']",2014-09-20,1504
8655,"['Beings', 'Gods', 'Crime']",2017-02-20,2388
8656,"['HumboldtLycanthrope', 'Lovecraftian', 'Places']",2015-01-31,1637
8657,"['Beings', 'Reality', 'Jdeschene', 'Videos']",2020-10-10,3716
8658,['Ritual'],2011-04-22,257
8659,['Monsters'],2013-07-31,1088
8660,"['Monsters', 'Places']",2014-01-26,1267
8661,['Beings'],2013-06-10,1037
8662,"['Television', 'Beings', 'Items/Objects']",2012-11-03,818
8663,"['Places', 'Micropasta']",2011-03-20,224
8664,"['Reddit Pastas', 'Items/Objects', 'Music', 'History', 'Dreams/Sleep', 'Dismemberment', 'Longpasta']",2017-10-09,2619
8665,['Monsters'],2016-03-16,2047
8666,"['Ghosts', 'Places']",2013-07-07,1064
8667,['Historical Archive/PD'],2017-11-28,2669
8668,"['Weird', 'Micropasta']",2014-04-22,1353
8669,"['Beings', 'Ritual', 'Reality', 'Micropasta']",2013-04-01,967
8670,"['Demon/Devil', 'Dreams/Sleep', 'Disappearances', 'Dismemberment']",2014-04-22,1353
8671,"['Cryptids', 'Places']",2012-03-13,583
8672,"['Diary/Journal', 'Dismemberment']",2015-01-18,1624
8673,"['Military', 'Dreams/Sleep', 'Beings', 'Reality', 'Mental Illness']",2013-05-09,1005
8674,"['Mirrors', 'Halloween']",2012-07-10,702
8675,"['Items/Objects', 'Christmas', 'Beings', 'Disappearances', 'Dreams/Sleep']",2015-02-19,1656
8676,"['Beings', 'Nature']",2020-03-26,3518
8677,"['Dreams/Sleep', 'Beings']",2014-07-20,1442
8678,"['AGB', 'Mental Illness']",2012-06-18,680
8679,['Beings'],2014-10-23,1537
8680,"['Diary/Journal', 'Beings']",2012-02-03,544
8681,['Beings'],2014-04-22,1353
8682,"['Dreams/Sleep', 'Ghosts', 'Weird', 'Cornconic', 'Videos']",2019-12-27,3428
8683,"['Computers and Internet', 'Ghosts', 'Halloween', 'Icydice', 'Places']",2018-10-22,2997
8684,"['Beings', 'Items/Objects']",2017-05-09,2466
8685,['Beings'],2011-11-09,458
8686,"['History', 'Military', 'Science', 'Places', 'Banned In CP', 'Reality']",2016-05-18,2110
8687,"['Beings', 'History', 'Mythology 2015']",2015-03-24,1689
8688,['Beings'],2021-07-05,3984
8689,"['HPL', 'Demon/Devil', 'Science']",2012-03-18,588
8690,"['Ghosts', 'Disappearances']",2013-11-08,1188
8691,"['Ghosts', 'Places', 'History']",2018-08-09,2923
8692,"['Crime', 'Diary/Journal', 'Ghosts']",2013-10-24,1173
8693,['Mental Illness'],2017-12-23,2694
8694,"['Josef K.', 'Historical Archive', 'Mental Illness', 'Beings', 'Dismemberment', 'Weird']",2010-11-07,91
8695,"['Disappearances', 'Crime', 'Music', 'Videos']",2012-05-14,645
8696,"['Space', 'Beings', 'Diary/Journal']",2015-05-15,1741
8697,"['Items/Objects', 'Dreams/Sleep']",2012-05-05,636
8698,"['Items/Objects', 'Mental Illness', 'Places', 'Dismemberment', 'Weird']",2013-10-23,1172
8699,['Beings'],2013-10-04,1153
8700,['Beings'],2013-04-18,984
8701,"['Cornconic', 'Mental Illness', 'Nature', 'Videos']",2019-08-20,3299
8702,"['Monsters', 'Dreams/Sleep']",2014-10-30,1544
8703,['Weird'],2014-05-30,1391
8704,"['Ritual', 'Theory', 'Places', 'Micropasta']",2011-03-20,224
8705,"['Reality', 'Science', 'Gods', 'Theory']",2013-06-05,1032
8706,"['Demon/Devil', 'Mental Illness', 'Reality', 'Television']",2012-12-07,852
8707,"['Diary/Journal', 'Disappearances', 'Animals']",2013-01-05,881
8708,"['Items/Objects', 'Micropasta']",2014-06-27,1419
8709,"['Space', ""The Vesper's Bell""]",2023-12-04,4866
8710,"['Disappearances', 'Places', 'Gods']",2015-05-30,1756
8711,"['Diary/Journal', 'Dismemberment']",2012-07-12,704
8712,"['Disappearances', 'Demon/Devil']",2022-10-01,4437
8713,"['Beings', 'Fairy Tale 2015']",2015-05-18,1744
8714,"['Beings', 'Dreams/Sleep']",2011-06-18,314
8715,"['Beings', 'Dreams/Sleep', 'History', 'Places', 'Ritual']",2012-03-02,572
8716,['EAP'],2012-04-17,618
8717,['Gods'],2012-12-01,846
8718,"['Computers and Internet', 'Mental Illness', 'Space', 'Cornconic', 'Videos']",2019-07-29,3277
8719,['Beings'],2014-05-31,1392
8720,['Beings'],2013-11-24,1204
8721,['Beings'],2013-05-15,1011
8722,"['Beings', 'Mental Illness', 'Crime']",2014-05-18,1379
8723,"['Ritual', 'Places', 'Disappearances', 'Historical Archive', 'Micropasta']",2010-12-13,127
8724,"['Beings', 'Dreams/Sleep']",2011-01-11,156
8725,"['Ritual', 'Beings']",2013-09-29,1148
8726,"['Dreams/Sleep', 'Reality', 'Beings']",2015-04-06,1702
8727,['Beings'],2013-03-28,963
8728,['AGB'],2018-07-10,2893
8729,"['Books', 'Ghosts']",2011-10-28,446
8730,"['Places', 'Beings', 'Dismemberment', 'Mental Illness']",2013-09-05,1124
8731,['Science'],2015-02-02,1639
8732,['Demon/Devil'],2013-03-18,953
8733,"['Reddit Pastas', 'Science', 'Dreams/Sleep', 'Places', 'Reality']",2018-06-22,2875
8734,"['Mental Illness', 'Ghosts', 'Mirrors']",2014-11-10,1555
8735,"['Mental Illness', 'Beings']",2017-09-04,2584
8736,"['Disappearances', 'Dreams/Sleep']",2013-08-08,1096
8737,"['Historical Archive', 'Items/Objects', 'Beings', 'Weird']",2010-11-07,91
8738,['Science'],2017-12-23,2694
8739,"['Reality', 'Places', 'Diary/Journal']",2015-05-14,1740
8740,"['Dreams/Sleep', 'Mental Illness']",2013-04-27,993
8741,"['Beings', 'Places']",2013-01-28,904
8742,"['Ghosts', ""The Vesper's Bell""]",2022-09-10,4416
8743,['EAP'],2012-04-17,618
8744,"['StalkerShrike', 'Beings']",2020-05-06,3559
8745,"['Ghosts', 'Hospitals', 'Mental Illness', 'Places']",2011-02-19,195
8746,['Beings'],2017-01-22,2359
8747,"['Ghosts', 'Places']",2014-07-15,1437
8748,"['Videos', 'Dreams/Sleep']",2020-12-27,3794
8749,"['Television', 'Reality', 'Videos']",2013-06-07,1034
8750,['Monsters'],2017-10-31,2641
8751,['Beings'],2013-12-01,1211
8752,"['Diary/Journal', 'Disappearances', 'Ghosts']",2011-12-31,510
8753,"['Mental Illness', 'Dreams/Sleep']",2012-02-27,568
8754,"['Beings', 'Dreams/Sleep']",2013-02-25,932
8755,"['Beings', 'Television', 'Weird']",2013-01-02,878
8756,['Computers and Internet'],2013-10-01,1150
8757,"['Items/Objects', 'Demon/Devil']",2013-10-26,1175
8758,"['History', 'Reality', 'Beings']",2020-06-02,3586
8759,['Beings'],2013-04-01,967
8760,"['Places', 'Memes']",2019-05-17,3204
8761,"['Beings', 'Disappearances', 'Places']",2020-08-10,3655
8762,"['Diary/Journal', 'Crime']",2022-11-09,4476
8763,"['Items/Objects', 'Military', 'Music', 'Places', 'Ritual', 'Micropasta']",2011-11-18,467
8764,"['Demon/Devil', 'Ritual']",2011-08-18,375
8765,['Items/Objects'],2016-01-03,1974
8766,"['Beings', 'Items/Objects', 'Places']",2012-04-11,612
8767,"['Poetry', 'FlakyPorcupine']",2013-12-18,1228
8768,['Items/Objects'],2012-07-23,715
8769,"['History', 'EAP']",2012-04-17,618
8770,"['Places', 'Ghosts']",2011-08-26,383
8771,"['Ghosts', 'Disappearances']",2015-02-17,1654
8772,"['Alparos-Lilah', 'Places', 'Weird']",2023-05-26,4674
8773,['Beings'],2017-03-15,2411
8774,"['Animals', 'Places', 'Gods', 'Lovecraftian', 'Tewahway']",2023-03-12,4599
8775,['Mental Illness'],2015-06-18,1775
8776,['Computers and Internet'],2014-05-30,1391
8777,"['Ritual', 'Places', 'Beings', 'Items/Objects']",2011-05-02,267
8778,"['Ghosts', 'Places']",2014-01-09,1250
8779,['Disappearances'],2020-06-10,3594
8780,"['Historical Archive', 'Places', 'Reality', 'Books', 'Micropasta']",2011-05-01,266
8781,"['Dismemberment', 'Places']",2013-07-29,1086
8782,"['Weird', 'Science', 'Gomez Capulet']",2018-02-27,2760
8783,['Monsters'],2020-10-29,3735
8784,['Ghosts'],2011-07-17,343
8785,"['Places', 'Beings']",2015-11-07,1917
8786,"['Reality', 'Micropasta']",2012-04-30,631
8787,['Ghosts'],2012-06-02,664
8788,"['Mental Illness', 'Micropasta']",2013-11-09,1189
8789,['Ghosts'],2013-03-01,936
8790,"['History', 'Military', 'Dreams/Sleep']",2013-07-06,1063
8791,['Demon/Devil'],2015-12-10,1950
8792,"['Monsters', 'Dismemberment', 'Nature']",2011-12-05,484
8793,"['Cryptids', 'Nature', 'Science']",2018-07-01,2884
8794,['HPL'],2012-03-18,588
8795,"['Lovecraftian', 'Beings', 'Places']",2013-09-21,1140
8796,"['Dreams/Sleep', 'Monsters']",2013-03-26,961
8797,['Historical Archive/PD'],2018-07-11,2894
8798,['Monsters'],2016-11-09,2285
8799,"['2015 Creepypasta Freestyle Challenge/Finals', 'Beings', 'Raidra', 'Videos']",2015-02-20,1657
8800,"['Diary/Journal', 'Military', 'Monsters', 'Dismemberment']",2015-01-31,1637
8801,['Cryptids'],2014-04-19,1350
8802,"['Historical Archive/PD', 'Longpasta']",2018-06-27,2880
8803,['Diary/Journal'],2014-01-20,1261
8804,"['Beings', 'Mental Illness']",2014-01-17,1258
8805,"['Dreams/Sleep', 'Mental Illness', 'Disappearances']",2012-04-09,610
8806,"['Items/Objects', 'Beings', 'Dismemberment']",2013-09-09,1128
8807,"['Items/Objects', 'Mental Illness']",2015-07-07,1794
8808,"['Cryptids', 'Places', 'Nature', 'Videos']",2012-04-06,607
8809,['Weird'],2014-11-30,1575
8810,"['Places', 'Disappearances']",2013-02-23,930
8811,"['Mental Illness', 'Dreams/Sleep', 'Demon/Devil', 'Crime']",2014-09-09,1493
8812,"['Items/Objects', 'History', 'Monsters']",2020-10-31,3737
8813,['Places'],2014-09-13,1497
8814,"['Ritual', 'Cryptids', 'Animals', 'PotM']",2023-10-07,4808
8815,"['Beings', 'Items/Objects', 'Mental Illness', 'Micropasta']",2012-11-21,836
8816,"['Disappearances', 'Beings', 'Theory', 'Places']",2013-10-14,1163
8817,"['MLycantrope', 'Beings', 'Lovecraftian']",2021-04-24,3912
8818,['Beings'],2012-07-25,717
8819,"['Beings', 'Places']",2015-06-29,1786
8820,['Items/Objects'],2012-01-16,526
8821,['Weird'],2016-09-22,2237
8822,['Beings'],2012-04-07,608
8823,"['EAP', 'Poetry']",2012-05-01,632
8824,"['Disappearances', 'Theory', 'Micropasta']",2012-06-03,665
8825,['Photography'],2013-09-28,1147
8826,"['Animals', ""The Vesper's Bell""]",2021-05-28,3946
8827,"['Lovecraftian', 'Monsters', 'RedNovaTyrant', 'Weird', 'Videos']",2020-05-21,3574
8828,"['Halloween', 'Reality', 'Places']",2011-03-23,227
8829,"['NSFW', 'Weird']",2014-05-31,1392
8830,['Beings'],2013-01-17,893
8831,['Mental Illness'],2013-09-12,1131
8832,"['Diary/Journal', 'Mental Illness', 'Disappearances']",2014-11-20,1565
8833,"['Beings', 'Places', 'Historical Archive', 'Micropasta']",2011-07-17,343
8834,"['Ghosts', 'William See', 'Micropasta']",2020-01-13,3445
8835,"['NSFW', 'Demon/Devil']",2021-01-02,3800
8836,"['Items/Objects', 'Science', 'Dreams/Sleep', 'Raidra']",2013-09-15,1134
8837,['Animals'],2011-07-16,342
8838,"['Beings', 'Dreams/Sleep', 'Mirrors']",2013-03-14,949
8839,"['Beings', 'Dismemberment', 'Animals', 'Mental Illness']",2011-04-23,258
8840,"['Tiololo', 'Beings']",2015-07-24,1811
8841,['Dreams/Sleep'],2011-12-28,507
8842,"['Animals', 'Nature', 'Dismemberment', 'Beings']",2020-07-09,3623
8843,"['Beings', 'Micropasta']",2013-04-09,975
8844,['Historical Archive/PD'],2018-09-03,2948
8845,"['Beings', 'Space', 'Tewahway']",2023-07-01,4710
8846,"['Disappearances', 'Diary/Journal']",2012-07-15,707
8847,"['Television', 'Videos']",2013-05-02,998
8848,"['Dreams/Sleep', 'Beings']",2013-03-18,953
8849,['Historical Archive/PD'],2018-07-11,2894
8850,[],2012-04-18,619
8851,['Demon/Devil'],2014-08-31,1484
8852,"['Items/Objects', 'Mental Illness']",2011-03-20,224
8853,['Monsters'],2014-12-26,1601
8854,['Beings'],2016-09-19,2234
8855,"['Ritual', 'Monsters', 'Diary/Journal', 'Mental Illness']",2014-06-20,1412
8856,"['Animals', 'Beings']",2012-04-02,603
8857,"['Ghosts', 'Ritual', 'Micropasta']",2013-10-08,1157
8858,['Historical Archive/PD'],2018-06-19,2872
8859,"['Historical Archive/PD', 'Micropasta']",2017-11-28,2669
8860,"['Items/Objects', 'Places']",2016-06-06,2129
8861,['Books'],2012-11-05,820
8862,"['Beings', 'Mental Illness', 'Ritual', 'Diary/Journal']",2015-01-12,1618
8863,"['Items/Objects', 'History', 'Places', 'Micropasta']",2011-01-03,148
8864,"['Lovecraftian', 'REH']",2013-03-14,949
8865,"['Beings', 'Food']",2023-08-05,4745
8866,"['Ghosts', 'Animals', 'Historical Archive', 'Micropasta']",2010-11-07,91
8867,['Monsters'],2011-07-01,327
8868,['Beings'],2013-06-22,1049
8869,['Beings'],2012-08-24,747
8870,"['Photography', 'Micropasta']",2012-01-08,518
8871,['Dreams/Sleep'],2014-05-04,1365
8872,"['History', 'Places', 'Cryptids']",2013-01-03,879
8873,['Monsters'],2014-09-25,1509
8874,['Beings'],2012-11-24,839
8875,"['Military', 'Nature', 'Poetry', 'Reality', 'TheWizardOfTheWoods']",2018-09-07,2952
8876,"['Beings', 'Memes']",2011-04-22,257
8877,"['Mental Illness', 'Ghosts']",2012-07-07,699
8878,"['Items/Objects', 'Diary/Journal', 'Weird']",2015-03-20,1685
8879,"['Demon/Devil', 'Items/Objects']",2012-03-18,588
8880,"['Diary/Journal', 'Dreams/Sleep', 'Beings']",2013-04-20,986
8881,['Monsters'],2016-01-19,1990
8882,"['Monsters', 'Nature', 'Dismemberment', 'Disappearances', 'Crime']",2013-10-20,1169
8883,"['Beings', 'Diary/Journal', 'Mental Illness', 'Suggested Reading', 'PotM']",2015-02-08,1645
8884,"['Ghosts', 'Ritual']",2013-10-17,1166
8885,"['Ritual', 'Mirrors', 'Micropasta']",2011-03-20,224
8886,"['Demon/Devil', 'Ritual']",2022-02-18,4212
8887,"['Dismemberment', 'Mental Illness', 'Television']",2012-08-03,726
8888,"['Nature', 'Monsters', 'Micropasta']",2013-07-28,1085
8889,"['Monsters', 'Dismemberment', 'Places']",2014-04-22,1353
8890,"['Alparos-Lilah', 'Ritual', 'Mirrors']",2023-06-28,4707
8891,"['Beings', 'Dismemberment', 'Historical Archive', 'Micropasta']",2010-09-16,39
8892,"['Mental Illness', 'Poetry']",2015-04-02,1698
8893,"['Alparos-Lilah', 'Mirrors', 'Beings']",2023-04-14,4632
8894,"['Items/Objects', 'Demon/Devil']",2013-06-03,1030
8895,['Items/Objects'],2014-02-23,1295
8896,"['Lovecraftian', 'Beings', 'Gods']",2021-06-26,3975
8897,['Items/Objects'],2013-05-01,997
8898,['Weird'],2020-09-21,3697
8899,"['Beings', 'Dreams/Sleep', 'Places', 'Weird']",2018-10-12,2987
8900,['Beings'],2013-07-16,1073
8901,"['Dreams/Sleep', 'Items/Objects']",2015-01-05,1611
8902,"['Beings', 'Mental Illness', 'Historical Archive']",2011-03-24,228
8903,"['Dreams/Sleep', 'Mental Illness', 'Dismemberment']",2012-09-12,766
8904,"['Disappearances', 'Reality', 'Mental Illness', 'Nature']",2018-01-16,2718
8905,['Items/Objects'],2014-08-13,1466
8906,"['Beings', 'Items/Objects']",2014-05-01,1362
8907,"['Ghosts', 'Places']",2011-12-17,496
8908,"['Places', 'Mental Illness']",2012-03-18,588
8909,['Monsters'],2012-03-12,582
8910,"['AGB', 'Monsters']",2012-06-11,673
8911,"['Mental Illness', 'Animals']",2014-06-08,1400
8912,['Beings'],2017-07-21,2539
8913,['Mental Illness'],2019-05-20,3207
8914,"['EtherBot', 'Poetry']",2020-02-10,3473
8915,"['Ghosts', 'Diary/Journal', 'Computers and Internet', 'Crime']",2014-07-09,1431
8916,['Historical Archive/PD'],2020-04-19,3542
8917,['Reality'],2013-05-10,1006
8918,"['Monsters', 'MalumLibrum958']",2022-11-16,4483
8919,"['Parlour', 'Mental Illness', 'Weird']",2019-08-17,3296
8920,['Science'],2018-08-08,2922
8921,"['Dismemberment', 'Mental Illness']",2012-05-06,637
8922,"['History', 'Reality', 'Monsters']",2014-12-06,1581
8923,"['Mental Illness', 'Dismemberment']",2013-09-28,1147
8924,['Items/Objects'],2013-07-19,1076
8925,"['Banned In CP', 'Beings', 'Books', 'Longpasta']",2022-09-25,4431
8926,"[""The Vesper's Bell"", 'Beings', 'Lovecraftian', 'Gods', 'Videos']",2021-03-27,3884
8927,"['Ritual', 'Dreams/Sleep', 'Reality']",2016-12-21,2327
8928,"['Books', 'Ritual', 'Reality']",2013-04-27,993
8929,"['Ritual', 'Books', 'Places', 'Micropasta']",2013-05-14,1010
8930,"['Items/Objects', 'Places', 'Photography', 'Monsters', 'Dismemberment', 'Disappearances']",2013-04-05,971
8931,"['Items/Objects', 'Mental Illness']",2013-10-17,1166
8932,"['Diary/Journal', 'Beings']",2013-06-15,1042
8933,['Historical Archive/PD'],2017-11-10,2651
8934,"['Theory', 'Video Games']",2013-05-07,1003
8935,"['Diary/Journal', 'Mental Illness', 'Disappearances']",2012-04-14,615
8936,"['Diary/Journal', 'Mental Illness', 'Hospitals', 'Items/Objects']",2023-12-01,4863
8937,"['Diary/Journal', 'Beings']",2013-03-07,942
8938,"['Dreams/Sleep', 'Items/Objects']",2014-05-23,1384
8939,"['Disappearances', 'Ghosts']",2013-05-29,1025
8940,"['Dreams/Sleep', 'Disappearances', 'Dismemberment']",2018-02-18,2751
8941,"['Computers and Internet', 'Beings']",2013-11-24,1204
8942,['Television'],2012-07-14,706
8943,"['Beings', 'Disappearances']",2018-02-13,2746
8944,"['Books', 'Troll Pasta', 'Historical Archive', 'Micropasta']",2010-12-05,119
8945,"['Beings', 'Dreams/Sleep']",2015-08-04,1822
8946,"['Mental Illness', 'Weird']",2016-05-30,2122
8947,"['Ghosts', 'Nature', 'Micropasta']",2013-08-29,1117
8948,"['Lovecraftian', 'Mental Illness']",2012-05-04,635
8949,"['Nature', 'Disappearances', 'Places']",2012-10-15,799
8950,"['Dismemberment', 'Historical Archive', 'Vehicles']",2013-02-28,935
8951,"['Ghosts', 'Places', 'Mmpratt99 deviantart', 'Diary/Journal', 'Longpasta']",2021-03-15,3872
8952,"['Historical Archive', 'Ritual', 'Items/Objects', 'Dismemberment', 'Micropasta']",2011-03-20,224
8953,['Diary/Journal'],2013-06-10,1037
8954,['Items/Objects'],2019-10-17,3357
8955,['Ghosts'],2014-06-18,1410
8956,"['Science', 'Monsters', 'Tewahway', 'Videos']",2021-11-20,4122
8957,"['Mental Illness', 'Micropasta']",2018-09-17,2962
8958,"['HPL', 'Poetry']",2012-04-10,611
8959,"['Beings', 'Disappearances']",2013-05-02,998
8960,"['Beings', 'Dismemberment']",2014-02-15,1287
8961,['Historical Archive/PD'],2017-11-28,2669
8962,"['Cryptids', 'Nature', 'Science', 'HopelessNightOwl']",2017-12-21,2692
8963,"['Lovecraftian', 'Beings', 'Gods', 'Reality', 'Space', 'Weird', 'Spotlighted Pastas']",2016-01-03,1974
8964,['Mental Illness'],2012-12-26,871
8965,"['Computers and Internet', 'Disappearances', 'Gods']",2017-02-08,2376
8966,"['Computers and Internet', 'Science']",2020-07-05,3619
8967,"['Military', 'Monsters']",2017-04-12,2439
8968,"['Ghosts', 'Places', 'Photography']",2019-11-13,3384
8969,"['Television', 'History', 'Reality']",2012-12-06,851
8970,['Military'],2013-09-03,1122
8971,['Monsters'],2014-02-14,1286
8972,"['Ghosts', 'Dreams/Sleep']",2022-10-26,4462
8973,['Cryptids'],2014-04-07,1338
8974,"['Mental Illness', 'NSFW', 'Videos']",2017-02-16,2384
8975,['Vehicles'],2017-01-24,2361
8976,"['Beings', ""The Vesper's Bell"", 'Vehicles']",2022-08-19,4394
8977,['Ritual'],2019-05-17,3204
8978,['Vehicles'],2021-08-21,4031
8979,"['Ghosts', 'Items/Objects']",2014-08-24,1477
8980,"['Weird', 'Troll Pasta']",2013-04-08,974
8981,"['Food', 'Weird']",2023-11-23,4855
8982,['Dismemberment'],2015-01-29,1635
8983,['Dismemberment'],2013-06-05,1032
8984,"['Dismemberment', 'Disappearances', 'History', 'Reality']",2012-10-09,793
8985,"['Ritual', 'Television', 'Dismemberment']",2017-11-17,2658
8986,"['Computers and Internet', 'Disappearances']",2018-06-20,2873
8987,['Reality'],2013-03-10,945
8988,"['Reality', 'PotM']",2011-11-28,477
8989,"['Beings', 'Reality']",2012-06-26,688
8990,"['Contest Winner', 'Television', 'Beings']",2015-02-20,1657
8991,"['Beings', 'Computers and Internet', 'Disappearances']",2013-12-20,1230
8992,['Monsters'],2011-01-02,147
8993,"['Dreams/Sleep', 'Ghosts', 'Weird']",2021-03-17,3874
8994,"['Items/Objects', 'Beings']",2021-11-14,4116
8995,['Demon/Devil'],2012-07-25,717
8996,"['Items/Objects', 'Television', 'Beings']",2013-05-01,997
8997,"['Ritual', 'Dreams/Sleep', 'Vehicles']",2011-05-13,278
8998,['Gods'],2014-06-01,1393
8999,"['Places', 'Ghosts', 'Historical Archive', 'Dreams/Sleep', 'Nature', 'Micropasta']",2013-10-19,1168
9000,"['Mental Illness', 'Monsters']",2019-04-01,3158
9001,"['Places', 'Monsters', 'Dreams/Sleep', 'Nature', 'Micropasta']",2024-01-21,4914
9002,['Animals'],2011-11-27,476
9003,"['Places', 'Nature']",2012-12-05,850
9004,"['REH', 'Places', 'Items/Objects', 'Beings', 'Dreams/Sleep', 'Lovecraftian', 'History']",2017-09-25,2605
9005,"['HPL', 'Mental Illness', 'Dreams/Sleep', 'Books', 'Longpasta']",2012-03-21,591
9006,"['Diary/Journal', 'History', 'Monsters', 'Military']",2015-03-08,1673
9007,"['Weird', 'Computers and Internet', 'Beings']",2012-12-25,870
9008,"['Items/Objects', 'RCainTales']",2019-09-27,3337
9009,"['Photography', 'Items/Objects']",2014-02-28,1300
9010,['Places'],2021-11-20,4122
9011,"['Places', 'Beings', 'Computers and Internet']",2015-05-27,1753
9012,"['Places', 'Disappearances']",2013-09-04,1123
9013,"['Animals', 'Dreams/Sleep', 'Mmpratt99 deviantart', 'Monsters', 'We Go Bump 3', 'Videos']",2014-08-30,1483
9014,"['Beings', 'Nature', 'Places']",2014-11-24,1569
9015,['Cryptids'],2014-05-02,1363
9016,['Mental Illness'],2017-06-29,2517
9017,"['Ghosts', 'Animals']",2015-04-25,1721
9018,"['Mental Illness', 'Science']",2017-03-05,2401
9019,['Vehicles'],2018-06-09,2862
9020,"['Items/Objects', 'Disappearances', 'Mental Illness', 'Beings']",2012-03-04,574
9021,"['Dismemberment', 'Mental Illness']",2017-02-27,2395
9022,"['Spotlighted Pastas', 'Christmas', 'Ritual', 'Ghosts', 'MakRalston']",2023-12-07,4869
9023,"['PotM', 'Christmas', 'Mental Illness', 'Dismemberment', 'Music']",2016-12-23,2329
9024,"['Beings', 'Ritual']",2014-08-28,1481
9025,"['Monsters', 'Disappearances']",2015-06-24,1781
9026,"['HPL', 'Mental Illness', 'Longpasta']",2012-04-08,609
9027,"['Mental Illness', 'Beings']",2013-08-23,1111
9028,"['Historical Archive', 'Mental Illness', 'Beings']",2011-07-09,335
9029,"['Dismemberment', 'Disappearances', 'Diary/Journal', 'Dreams/Sleep', 'Monsters', 'Videos']",2013-02-05,912
9030,"['Diary/Journal', 'Disappearances', 'Dismemberment', 'Monsters', 'Videos']",2013-02-05,912
9031,"['Diary/Journal', 'Disappearances', 'Dismemberment', 'Monsters', 'Videos']",2013-02-06,913
9032,"['Computers and Internet', 'Diary/Journal', 'Disappearances', 'Dismemberment', 'Monsters', 'Military']",2013-02-07,914
9033,"['Dismemberment', 'Disappearances', 'Diary/Journal', 'Monsters', 'Dreams/Sleep']",2013-02-08,915
9034,"['Dismemberment', 'Monsters']",2013-02-08,915
9035,"['Diary/Journal', 'Disappearances', 'Dismemberment', 'Monsters']",2013-02-10,917
9036,['Ghosts'],2013-11-26,1206
9037,"['Crime', 'Mental Illness']",2018-09-26,2971
9038,['EAP'],2011-06-14,310
9039,['Theory'],2014-11-11,1556
9040,"['Historical Archive/PD', 'Longpasta']",2017-09-20,2600
9041,"['Tiololo', 'Animals', 'Items/Objects', 'Videos']",2015-07-01,1788
9042,"['Animals', 'Monsters']",2013-11-24,1204
9043,"['Animals', 'Disappearances', 'Micropasta']",2014-04-19,1350
9044,['Monsters'],2015-08-21,1839
9045,"['Monsters', 'Animals']",2013-04-01,967
9046,"['Poetry', 'Videos', 'Beings']",2013-02-26,933
9047,"['Mental Illness', 'Reality', 'Beings']",2013-11-03,1183
9048,['Dreams/Sleep'],2012-06-13,675
9049,"['Mental Illness', 'NSFW', 'Beings', 'Dismemberment']",2012-04-06,607
9050,"['Animals', 'Beings', 'Places', 'Nature', 'Dismemberment']",2015-11-16,1926
9051,"['HPL', 'Animals', 'Places']",2012-03-24,594
9052,"['Items/Objects', 'Raidra', 'Vehicles', 'Micropasta']",2013-09-18,1137
9053,"['PotM', 'Places', 'Monsters']",2011-03-20,224
9054,['Places'],2013-06-27,1054
9055,"['Dismemberment', 'Places', 'Reddit Pastas']",2022-12-18,4515
9056,"['Beings', 'Disappearances', 'Dreams/Sleep', 'Diary/Journal']",2022-02-27,4221
9057,"['Ritual', 'Places', 'Beings']",2011-04-22,257
9058,"['Disappearances', 'Beings', 'PotM', 'Suggested Reading', 'Historical Archive']",2011-04-27,262
9059,['Mental Illness'],2013-11-28,1208
9060,['Beings'],2012-10-22,806
9061,"['Monsters', ""The Vesper's Bell""]",2020-07-09,3623
9062,"['Beings', 'Places']",2015-09-01,1850
9063,"['Ghosts', 'Places']",2015-10-20,1899
9064,['Monsters'],2013-12-02,1212
9065,"['Places', 'Beings']",2011-07-10,336
9066,"['Places', 'Beings']",2014-01-08,1249
9067,"['Beings', 'Mental Illness']",2020-10-12,3718
9068,['Science'],2012-06-22,684
9069,['Demon/Devil'],2015-07-18,1805
9070,"['Items/Objects', 'Micropasta', 'Poetry']",2019-06-25,3243
9071,"['HPL', 'REH', 'Gods', 'Dreams/Sleep', 'Places', 'Dismemberment', 'Weird']",2017-10-05,2615
9072,"['RTWC23', 'Gods', 'Places']",2023-07-27,4736
9073,"['Beings', 'Places']",2020-08-16,3661
9074,"['Reality', 'Theory', 'Micropasta']",2012-08-04,727
9075,"['Beings', 'Jdeschene', 'Disappearances', 'Videos']",2018-09-20,2965
9076,"['Dreams/Sleep', 'Theory', 'Micropasta']",2012-06-11,673
9077,"['Items/Objects', 'Television', 'Demon/Devil']",2011-01-04,149
9078,"['Mental Illness', 'Monsters', 'Ritual']",2013-10-10,1159
9079,['Ghosts'],2012-11-15,830
9080,"['EmpyrealInvective', 'Mental Illness', 'Military', 'Videos']",2014-09-20,1504
9081,"['Contest Winner', 'Dreams/Sleep', 'Spotlighted Pastas', 'Weird', 'RQMystery2015', 'Longpasta']",2015-09-02,1851
9082,['Beings'],2016-05-18,2110
9083,"['Beings', 'Dreams/Sleep', 'Longpasta', 'NSFW', 'Tewahway']",2023-03-12,4599
9084,"['Computers and Internet', 'Items/Objects']",2015-08-27,1845
9085,"['Vehicles', 'RTWC23', 'Weird', 'NSFW']",2023-08-28,4768
9086,"['Places', 'Diary/Journal', 'Animals', 'Dismemberment', 'Dreams/Sleep']",2012-07-23,715
9087,"['Diary/Journal', 'Mental Illness', 'Military', 'Monsters', 'History']",2011-07-18,344
9088,"['Mental Illness', 'NSFW']",2015-03-25,1690
9089,['Monsters'],2012-10-22,806
9090,"['Ghosts', 'Dreams/Sleep']",2012-03-11,581
9091,"['Beings', 'Dismemberment']",2013-01-17,893
9092,['Places'],2012-01-01,511
9093,"['Dreams/Sleep', 'Monsters']",2020-11-30,3767
9094,"['2015 Creepypasta Freestyle Challenge', 'Beings']",2015-02-11,1648
9095,"['Diary/Journal', 'Demon/Devil']",2012-07-18,710
9096,['Television'],2017-06-17,2505
9097,['Demon/Devil'],2012-07-23,715
9098,"['Beings', 'Spotlighted Pastas', 'Nature']",2016-10-06,2251
9099,"['Weird', 'Beings']",2012-02-02,543
9100,['Dismemberment'],2012-02-18,559
9101,['Beings'],2015-07-17,1804
9102,"['CertainShadows', 'Ghosts', 'Nature', 'Places', 'PotM', 'Videos']",2020-05-15,3568
9103,['REH'],2013-03-14,949
9104,"['Diary/Journal', 'Science']",2019-07-23,3271
9105,['Beings'],2012-03-19,589
9106,"['Ritual', 'Places', 'Ghosts', 'Historical Archive', 'Micropasta']",2011-01-07,152
9107,"['Animals', 'Places']",2014-05-08,1369
9108,['Monsters'],2013-08-26,1114
9109,"['Ritual', 'Animals', 'Food']",2015-05-08,1734
9110,"['TheDoctorFF', 'Monsters']",2016-06-05,2128
9111,"['Weird', 'Beings']",2016-10-22,2267
9112,"['Dreams/Sleep', 'Beings']",2013-12-25,1235
9113,"['Items/Objects', 'Monsters']",2018-04-28,2820
9114,"['Monsters', 'Dreams/Sleep', 'Mirrors']",2013-12-28,1238
9115,"['Computers and Internet', 'DFPC15']",2014-08-12,1465
9116,"['Monsters', 'Diary/Journal']",2016-03-13,2044
9117,"['Theory', 'Reality', 'Micropasta']",2012-03-25,595
9118,"['Demon/Devil', 'Diary/Journal', 'Christmas']",2014-12-07,1582
9119,"['Diary/Journal', 'Beings', 'Christmas']",2016-12-23,2329
9120,"['Monsters', 'Christmas', 'Items/Objects', 'Nature']",2012-12-13,858
9121,"['Places', 'History', 'Historical Archive']",2010-11-04,88
9122,"['Demon/Devil', 'Dreams/Sleep', 'Places', 'Ritual', 'Videos', 'Longpasta']",2015-07-10,1797
9123,"['History', 'Science', 'Animals', 'Mental Illness']",2020-04-18,3541
9124,['Beings'],2013-10-07,1156
9125,"['HPL', 'Poetry']",2012-04-10,611
9126,"['Places', 'Ghosts']",2011-03-24,228
9127,"['Lovecraftian', 'Gods', 'Dreams/Sleep']",2014-05-24,1385
9128,"['EAP', 'Poetry']",2012-05-01,632
9129,"['Places', 'Beings']",2012-11-06,821
9130,['Demon/Devil'],2014-08-04,1457
9131,"['Ghosts', 'Places', 'Historical Archive']",2012-11-12,827
9132,"['Theory', 'Items/Objects', 'Micropasta']",2011-03-20,224
9133,['Monsters'],2013-03-06,941
9134,"['Mental Illness', 'Dismemberment']",2013-10-07,1156
9135,['Dreams/Sleep'],2011-09-04,392
9136,['Monsters'],2014-03-27,1327
9137,['Mental Illness'],2014-06-11,1403
9138,"['Demon/Devil', 'Places']",2014-11-03,1548
9139,"['Disappearances', 'Beings']",2011-08-24,381
9140,['Ritual'],2012-09-28,782
9141,"['Items/Objects', 'Ghosts']",2013-07-14,1071
9142,['Monsters'],2014-07-05,1427
9143,"['Monsters', 'Disappearances', 'Dismemberment']",2012-05-01,632
9144,"['Television', 'Mental Illness']",2011-04-21,256
9145,"['Disappearances', 'Umbrello']",2015-10-03,1882
9146,['Monsters'],2014-08-05,1458
9147,['Beings'],2014-12-10,1585
9148,['Places'],2012-08-12,735
9149,"['Places', 'Videos', 'Beings', 'Mental Illness']",2013-08-20,1108
9150,"['Beings', 'Videos', 'Mental Illness', 'Disappearances']",2014-06-07,1399
9151,"['NSFW', 'Computers and Internet', 'Weird']",2013-04-21,987
9152,['Mental Illness'],2013-07-30,1087
9153,['Books'],2015-06-20,1777
9154,"['Items/Objects', 'Places']",2015-08-16,1834
9155,"['Items/Objects', 'Reality', 'Kolpik', 'Science', 'Space']",2018-04-25,2817
9156,['Mental Illness'],2013-10-18,1167
9157,['Gods'],2013-04-09,975
9158,['Beings'],2012-11-17,832
9159,['Beings'],2019-04-27,3184
9160,"['DFPC15', 'CharminglyShallow', 'Mental Illness', 'Reality']",2014-07-25,1447
9161,['Places'],2016-02-08,2010
9162,"['Beings', 'Items/Objects', 'Horror Holiday 2015', 'Christmas']",2015-12-14,1954
9163,"['EAP', 'Poetry']",2012-05-01,632
9164,"['Mental Illness', 'Items/Objects']",2014-03-07,1307
9165,"['Diary/Journal', 'Disappearances']",2012-04-05,606
9166,['EAP'],2015-05-28,1754
9167,"['Mental Illness', 'Reality']",2013-06-11,1038
9168,"['Poetry', 'Mental Illness']",2013-11-05,1185
9169,"['Military', 'Reality', 'Diary/Journal']",2013-09-16,1135
9170,"['Mental Illness', 'Dismemberment', 'Dreams/Sleep']",2014-02-24,1296
9171,"['Ritual', 'Places', 'Beings']",2013-01-27,903
9172,"['HPL', 'Beings', 'Space', 'Videos', 'Longpasta']",2012-04-08,609
9173,"[""The Vesper's Bell"", 'Dismemberment', 'Lovecraftian', 'Monsters']",2020-11-29,3766
9174,['Dreams/Sleep'],2015-06-08,1765
9175,"['Places', 'Beings', 'Suggested Reading', 'Dreams/Sleep', 'Dismemberment']",2011-07-02,328
9176,['Books'],2012-12-13,858
9177,"['Mental Illness', 'Music', 'Ghosts']",2012-04-12,613
9178,"['Christmas', 'Weird']",2023-12-19,4881
9179,"['Computers and Internet', 'MalumLibrum958']",2022-11-16,4483
9180,['Mental Illness'],2013-06-22,1049
9181,"['Mental Illness', 'Theory', 'Micropasta']",2012-03-21,591
9182,['Mental Illness'],2013-06-24,1051
9183,['Mental Illness'],2013-04-02,968
9184,"['Ghosts', 'Places']",2014-03-02,1302
9185,['Cryptids'],2015-08-11,1829
9186,"['Mental Illness', 'Reality', 'Ritual', 'Crime']",2021-09-24,4065
9187,"['Mental Illness', 'Reality', 'Micropasta', 'Lovecraftian']",2011-12-03,482
9188,"['EAP', 'Poetry']",2012-05-01,632
9189,"['Beings', 'Diary/Journal', 'Science']",2016-05-09,2101
9190,"['Dismemberment', 'Monsters']",2013-12-31,1241
9191,['EAP'],2012-04-22,623
9192,['Beings'],2017-01-27,2364
9193,"['Mirrors', 'Dreams/Sleep', 'Beings', 'Micropasta']",2012-03-17,587
9194,"['Historical Archive', 'Photography', 'Weird', 'Micropasta']",2015-04-10,1706
9195,"['Dismemberment', 'Items/Objects', 'Poetry']",2011-12-30,509
9196,['Monsters'],2015-03-23,1688
9197,"['Ritual', 'Places', 'Dreams/Sleep', 'Micropasta']",2011-01-11,156
9198,"['Places', 'Beings']",2012-07-13,705
9199,"['Dismemberment', 'Science']",2015-07-03,1790
9200,"['Historical Archive/PD', 'Poetry']",2018-06-27,2880
9201,"['Reality', 'Disappearances', 'Places']",2015-01-29,1635
9202,"['Diary/Journal', 'Monsters']",2014-05-25,1386
9203,['Video Games'],2012-12-09,854
9204,"['Beings', 'Disappearances']",2014-07-01,1423
9205,"['Places', 'Ghosts', 'History']",2014-05-01,1362
9206,"['Beings', 'Items/Objects', 'Suggested Reading', 'Historical Archive']",2010-08-08,0
9207,"['Appealed Stories', 'Diary/Journal', 'Lovecraftian']",2020-02-11,3474
9208,['Beings'],2014-08-17,1470
9209,['Beings'],2020-03-09,3501
9210,"['Beings', 'Lovecraftian']",2018-06-09,2862
9211,"['Beings', 'Places', 'Reality']",2012-11-07,822
9212,"['Places', 'Monsters']",2016-06-08,2131
9213,"['Dreams/Sleep', 'Monsters']",2016-12-16,2322
9214,"['Ritual', 'Beings', 'Reality']",2022-01-20,4183
9215,"['Items/Objects', 'Beings']",2012-01-31,541
9216,"['Beings', 'Disappearances', 'Micropasta']",2021-04-17,3905
9217,['Monsters'],2016-08-15,2199
9218,['Mental Illness'],2013-06-23,1050
9219,['Computers and Internet'],2017-12-31,2702
9220,"['Animals', 'Places']",2013-03-29,964
9221,['Beings'],2022-02-13,4207
9222,"['HPL', 'Places', 'Beings', 'Reality', 'Space']",2017-10-05,2615
9223,"['Mental Illness', 'Places', 'Dismemberment']",2011-07-19,345
9224,"['Places', 'Beings']",2013-08-28,1116
9225,"['Beings', 'Animals']",2021-01-30,3828
9226,"['Ghosts', 'Items/Objects']",2014-06-19,1411
9227,"['Beings', 'Dreams/Sleep']",2015-11-09,1919
9228,"['Gods', 'Lovecraftian', 'Weird', 'Space']",2018-02-28,2761
9229,"['Reddit Pastas', 'Lovecraftian', 'Mental Illness', 'Music']",2017-08-29,2578
9230,"['Beings', 'Dreams/Sleep']",2014-02-20,1292
9231,['Monsters'],2012-10-26,810
9232,"['Beings', 'Dismemberment', 'Micropasta']",2014-02-27,1299
9233,"['Diary/Journal', 'Monsters']",2013-08-13,1101
9234,"['Beings', 'Dreams/Sleep', 'Items/Objects', 'Ritual']",2011-06-08,304
9235,"['Monsters', 'Items/Objects', 'Raidra', 'Space', 'Science', 'Videos']",2013-10-08,1157
9236,['Mental Illness'],2012-10-09,793
9237,['Reality'],2013-10-08,1157
9238,"['Military', 'Ghosts']",2016-06-14,2137
9239,"['EmpyrealInvective', 'Monsters', 'Nature', 'Reality']",2013-11-03,1183
9240,"['Dreams/Sleep', 'Mental Illness', 'Historical Archive']",2014-01-25,1266
9241,"['Poetry', 'Historical Archive/PD']",2013-05-13,1009
9242,"['DFPC15', 'Weird', 'Beings', 'Dreams/Sleep', 'Lovecraftian', 'Mental Illness']",2014-08-27,1480
9243,"['PotM', 'Weird']",2022-12-19,4516
9244,"['Beings', 'Reality']",2015-11-08,1918
9245,"['Poetry', 'Science', 'Items/Objects']",2012-04-30,631
9246,"['Disappearances', 'Doom Vroom', 'Monsters', 'Places', 'Space', 'Videos']",2015-08-20,1838
9247,"['Music', 'FlakyPorcupine', 'Micropasta']",2013-11-02,1182
9248,['Animals'],2021-06-16,3965
9249,"['DFPC15', 'Beings', 'Diary/Journal']",2013-04-02,968
9250,"['Animals', 'Beings', 'Disappearances']",2013-07-22,1079
9251,[],2015-02-20,1657
9252,['Animals'],2020-10-11,3717
9253,"['Historical Archive/PD', 'Poetry']",2018-05-30,2852
9254,"['Mental Illness', 'Micropasta']",2021-02-08,3837
9255,['Items/Objects'],2012-02-24,565
9256,"['Beings', 'EmpyrealInvective', 'Videos']",2013-11-02,1182
9257,"['Ghosts', 'Items/Objects']",2023-02-18,4577
9258,"['Computers and Internet', 'EmpyrealInvective', 'Monsters', 'Videos', 'Dreams/Sleep']",2014-06-01,1393
9259,"['HWC23', 'Halloween', 'Monsters', 'MakRalston']",2023-10-27,4828
9260,"['Demon/Devil', 'Diary/Journal', 'Dreams/Sleep']",2012-06-24,686
9261,"['Ritual', 'Places']",2021-07-14,3993
9262,"['Gods', 'Mental Illness', 'Weird', 'MakRalston', 'NSFW']",2022-02-03,4197
9263,"['Mental Illness', 'Science', 'Reality']",2011-04-28,263
9264,['Mental Illness'],2013-04-07,973
9265,"['Reality', 'Disappearances', 'Items/Objects']",2011-08-19,376
9266,"['Ghosts', 'Mental Illness', 'Reality']",2014-04-22,1353
9267,['Items/Objects'],2013-12-22,1232
9268,"['Disappearances', 'Mental Illness', 'Ghosts', 'Places']",2015-07-26,1813
9269,"['Beings', 'Places']",2013-07-31,1088
9270,['Beings'],2013-05-17,1013
9271,"['Items/Objects', 'Gods', 'Ghosts']",2011-03-23,227
9272,['Monsters'],2014-08-02,1455
9273,"['Places', 'Items/Objects']",2014-08-02,1455
9274,"['Lost Episodes', 'Diary/Journal']",2023-11-03,4835
9275,"['Animals', 'Gods', 'HPL']",2012-03-24,594
9276,"['Demon/Devil', 'Ritual']",2014-09-24,1508
9277,"['Reality', 'Mental Illness', 'Historical Archive', 'Micropasta']",2010-12-15,129
9278,"['Historical Archive', 'Video Games', 'Places', 'Ritual', 'Reality', 'Micropasta']",2011-11-07,456
9279,"['Disappearances', 'Nature']",2015-08-12,1830
9280,['Beings'],2012-12-28,873
9281,"['Mental Illness', 'Computers and Internet', 'Longpasta']",2021-11-11,4113
9282,"['Icydice', 'NSFW', 'Mental Illness', 'Gods', 'Dismemberment', 'Dreams/Sleep', 'Longpasta']",2022-04-18,4271
9283,"['Items/Objects', 'Mental Illness', 'Raidra']",2014-03-24,1324
9284,"['AGB', 'Monsters']",2012-06-07,669
9285,"['Beings', 'Dreams/Sleep', 'Places']",2013-01-15,891
9286,"['Dismemberment', 'Mental Illness']",2017-09-19,2599
9287,"['Dreams/Sleep', 'Beings', 'Videos']",2015-05-05,1731
9288,['Ghosts'],2012-07-10,702
9289,"['Items/Objects', 'Disappearances', 'Places']",2011-04-13,248
9290,"['Poetry', 'Beings', 'Videos']",2018-05-10,2832
9291,['Historical Archive/PD'],2017-11-28,2669
9292,['Places'],2015-09-23,1872
9293,['Beings'],2013-02-03,910
9294,"['Poetry', 'Demon/Devil', 'Banned In CP']",2014-03-17,1317
9295,"['Mental Illness', 'Weird']",2015-07-23,1810
9296,['Monsters'],2013-07-05,1062
9297,"['Places', 'Mental Illness', 'Beings']",2013-03-11,946
9298,"['Historical Archive', 'Ritual', 'Places', 'Micropasta']",2011-03-20,224
9299,"['NSFW', 'Demon/Devil', 'Reality']",2015-05-11,1737
9300,"['StalkerShrike', 'Beings', 'Lovecraftian']",2020-12-24,3791
9301,['Monsters'],2012-05-20,651
9302,"['Ritual', 'Beings']",2014-10-18,1532
9303,"['Poetry', 'Monsters']",2014-05-08,1369
9304,['Monsters'],2012-08-17,740
9305,['Ghosts'],2012-07-07,699
9306,"['Science', 'Mental Illness']",2014-03-16,1316
9307,['Beings'],2015-02-21,1658
9308,"['Mental Illness', 'Demon/Devil']",2012-06-02,664
9309,['Demon/Devil'],2015-03-22,1687
9310,"['Mental Illness', 'Items/Objects']",2013-07-03,1060
9311,['Monsters'],2015-02-04,1641
9312,"['Reality', 'Computers and Internet']",2014-05-27,1388
9313,"['Disappearances', 'Weird']",2021-06-12,3961
9314,"['Computers and Internet', 'Ghosts']",2014-04-15,1346
9315,['Demon/Devil'],2013-08-02,1090
9316,"['History', 'Demon/Devil']",2012-07-13,705
9317,"['Science', 'RTWC23']",2023-08-28,4768
9318,"['Lost Episodes', 'Television']",2013-03-16,951
9319,['Reality'],2013-02-11,918
9320,"['Dreams/Sleep', 'Monsters', 'Micropasta']",2013-06-30,1057
9321,"['Gods', 'Demon/Devil', 'Reality']",2020-10-29,3735
9322,"['Weird', 'Reality']",2020-03-02,3494
9323,['Mental Illness'],2014-02-11,1283
9324,"['Gods', 'Reality']",2014-11-08,1553
9325,"['Dreams/Sleep', 'Gods', 'Reality']",2011-08-08,365
9326,"['Floyd Pinkerton', 'Places', 'Weird']",2017-06-03,2491
9327,"['Animals', 'Weird']",2015-01-02,1608
9328,"['Places', 'Dismemberment', 'Theory']",2013-08-19,1107
9329,"['Places', 'Items/Objects']",2015-12-02,1942
9330,"['Monsters', 'Nature']",2015-06-05,1762
9331,['Items/Objects'],2014-09-03,1487
9332,['Historical Archive/PD'],2018-06-24,2877
9333,['Television'],2015-08-09,1827
9334,"['Ritual', 'Ghosts']",2014-02-08,1280
9335,"['Places', 'Nature', 'Micropasta']",2011-12-14,493
9336,['Historical Archive/PD'],2018-06-27,2880
9337,"['Weird', 'Mental Illness']",2012-02-24,565
9338,"['Places', 'Space']",2015-05-07,1733
9339,"['Monsters', 'Places']",2012-07-06,698
9340,"['DFPC15', 'Demon/Devil', 'Halloween', 'Reality', 'Vehicles']",2013-10-22,1171
9341,"['Places', 'Ritual']",2012-02-29,570
9342,"['AGB', 'Mental Illness']",2012-05-18,649
9343,"['Places', 'Vehicles', 'Mirrors', 'Beings', 'Mental Illness']",2017-11-27,2668
9344,"['History', 'Disappearances', 'Mental Illness', 'Music', 'Videos']",2016-05-06,2098
9345,"['Ritual', 'Beings', 'Places', 'Dismemberment', 'Historical Archive']",2011-03-20,224
9346,"['Dorkpool', 'Weird', 'Beings']",2015-04-03,1699
9347,['Beings'],2023-01-19,4547
9348,"['Monsters', 'Nature']",2014-06-16,1408
9349,"['Beings', 'Dismemberment']",2014-10-25,1539
9350,"['Ghosts', 'Ritual']",2016-06-22,2145
9351,"['Liminal Spaces 2022', 'Weird']",2022-09-02,4408
9352,"['AustinDR', 'Gods', 'Lovecraftian', 'NSFW', 'Videos']",2019-12-13,3414
9353,['Places'],2014-05-20,1381
9354,"['Computers and Internet', 'Beings', 'Diary/Journal']",2013-04-10,976
9355,"['Diary/Journal', 'Mental Illness', 'Beings']",2012-11-21,836
9356,['Weird'],2014-06-02,1394
9357,"['Dreams/Sleep', 'Lovecraftian']",2013-09-24,1143
9358,"['Diary/Journal', 'Mental Illness', 'Beings']",2011-07-13,339
9359,"['Beings', 'Disappearances']",2018-01-18,2720
9360,['Ritual'],2013-08-18,1106
9361,['Monsters'],2013-11-02,1182
9362,"['Dismemberment', 'Monsters', 'Dreams/Sleep']",2012-12-04,849
9363,"['Beings', 'Items/Objects']",2014-12-30,1605
9364,"['Lovecraftian', 'Places']",2012-03-02,572
9365,"['Places', 'Diary/Journal', 'Weird']",2020-10-23,3729
9366,"['Ghosts', 'Reality', 'Disappearances']",2015-01-15,1621
9367,"['HPL', 'Books', 'Hospitals', 'Reality', 'History']",2017-09-22,2602
9368,['Beings'],2017-04-17,2444
9369,['Science'],2012-01-11,521
9370,"['Diary/Journal', 'Mental Illness', 'Monsters', 'Places']",2013-02-10,917
9371,"['Weird', 'Vehicles']",2017-09-28,2608
9372,"['Science', 'Space', 'Items/Objects']",2013-01-16,892
9373,['Mental Illness'],2013-06-20,1047
9374,"['Mental Illness', 'Photography']",2011-07-02,328
9375,['History'],2013-04-10,976
9376,"['Cryptids', 'Vehicles', 'Places']",2022-08-07,4382
9377,"['Demon/Devil', 'Places']",2014-04-27,1358
9378,"['Music', 'Items/Objects']",2012-09-11,765
9379,"['Demon/Devil', 'Ritual', 'Places']",2014-06-27,1419
9380,"['History', 'Space', 'Longpasta']",2014-06-14,1406
9381,"['Beings', 'Disappearances', 'Items/Objects', 'Photography']",2013-10-05,1154
9382,['Demon/Devil'],2013-03-06,941
9383,"['Demon/Devil', 'Ritual']",2013-02-06,913
9384,"['Demon/Devil', 'Halloween']",2016-07-16,2169
9385,"['Demon/Devil', 'Shadowswimmer77', 'Videos']",2019-05-31,3218
9386,"['Military', 'Places']",2013-03-10,945
9387,"['Ritual', 'Demon/Devil', 'Mirrors', 'PotM', 'Suggested Reading']",2013-11-20,1200
9388,['Demon/Devil'],2019-05-23,3210
9389,['Historical Archive/PD'],2014-01-07,1248
9390,"['EAP', 'Demon/Devil']",2012-04-24,625
9391,"['Places', 'Ritual', 'Demon/Devil', 'Micropasta']",2011-04-21,256
9392,"['Lovecraftian', 'Weird', 'Space', 'Gomez Capulet']",2018-03-15,2776
9393,"['HPL', 'Diary/Journal', 'Disappearances', 'Places', 'Reality', 'Beings']",2017-09-23,2603
9394,"['Beings', 'Diary/Journal']",2012-01-03,513
9395,"['Diary/Journal|Diary of Nathaniel Harker, The', 'History|Diary Of Nathaniel Harker, The', 'Mental Illness']",2016-09-27,2242
9396,['Diary/Journal'],2018-06-05,2858
9397,['Computers and Internet'],2013-11-24,1204
9398,['AGB'],2018-07-10,2893
9399,['Monsters'],2013-02-18,925
9400,['Ghosts'],2016-07-11,2164
9401,"['DFPC15', 'Places', 'Mental Illness', 'FlakyPorcupine', 'Military']",2013-11-02,1182
9402,"['Suggested Reading', 'Historical Archive', 'Disappearances', 'Diary/Journal', 'Computers and Internet']",2014-08-10,1463
9403,"['Beings', 'Disappearances', 'Places']",2012-12-18,863
9404,"['PotM', 'Historical Archive', 'Disappearances', 'Places', 'Lovecraftian']",2012-04-07,608
9405,"['Crime', 'Books', 'Monsters']",2014-06-06,1398
9406,"['Disappearances', 'Places', 'Diary/Journal']",2014-08-23,1476
9407,['Beings'],2013-01-04,880
9408,"['HPL', 'Reality', 'Science', 'Dismemberment']",2017-10-05,2615
9409,"['Reality', 'Science']",2012-12-18,863
9410,"['PokéMon', 'Micropasta']",2022-02-03,4197
9411,"['Monsters', 'Disappearances', 'Nature']",2014-03-07,1307
9412,['Poetry'],2012-05-01,632
9413,"['Ritual', 'Beings']",2015-05-26,1752
9414,"['Beings', 'Spotlighted Pastas']",2023-05-14,4662
9415,"[' Weird', ' Jdeschene']",2020-04-08,3531
9416,"['Mental Illness', 'Historical Archive']",2010-11-07,91
9417,"['Dreams/Sleep', 'Diary/Journal', 'Mental Illness']",2012-12-04,849
9418,['Items/Objects'],2017-06-20,2508
9419,"['Demon/Devil', 'Reality']",2015-03-06,1671
9420,"['Animals', 'Vehicles', 'Weird']",2022-12-01,4498
9421,['Cryptids'],2015-03-27,1692
9422,"['Animals', 'Mental Illness', 'Disappearances']",2014-05-20,1381
9423,['Animals'],2012-07-09,701
9424,"['Historical Archive', 'Items/Objects', 'Mental Illness']",2010-11-03,87
9425,"['History', 'Disappearances', 'Dismemberment', 'Jdeschene', 'Videos']",2018-06-03,2856
9426,['Mental Illness'],2013-04-07,973
9427,"['Items/Objects', 'Dismemberment', 'Mental Illness']",2016-10-31,2276
9428,"['Demon/Devil', 'Items/Objects', 'Micropasta']",2013-08-30,1118
9429,"['Places', 'Items/Objects']",2018-08-04,2918
9430,"['Ghosts', 'Disappearances', 'Places']",2018-06-05,2858
9431,"['Monsters', 'Disappearances', 'Music']",2012-06-14,676
9432,[],2012-04-26,627
9433,['Cryptids'],2013-05-20,1016
9434,['HPL'],2012-03-27,597
9435,"['Poetry', 'EAP']",2012-05-01,632
9436,['Reality'],2021-05-20,3938
9437,"['Animals', 'Micropasta']",2013-01-25,901
9438,"['Mental Illness', 'Disappearances']",2013-11-28,1208
9439,"['Beings', 'Reality']",2013-05-26,1022
9440,['Places'],2012-06-21,683
9441,"['Diary/Journal', 'Lovecraftian', 'Beings', 'Places', 'Nature']",2018-10-22,2997
9442,"['Dreams/Sleep', 'Monsters', 'Disappearances']",2021-05-14,3932
9443,"['Suggested Reading', 'Weird', 'Dreams/Sleep']",2012-05-15,646
9444,"['Beings', 'Computers and Internet']",2012-02-29,570
9445,['Beings'],2014-02-27,1299
9446,['Beings'],2012-08-12,735
9447,"['Ghosts', 'History', 'Military', 'Ritual', 'Micropasta']",2011-04-16,251
9448,"['Appealed Stories', 'Dismemberment', 'Icydice', 'NSFW']",2018-10-17,2992
9449,['Ghosts'],2015-01-18,1624
9450,['Items/Objects'],2014-07-20,1442
9451,['Beings'],2015-02-07,1644
9452,"['Animals', 'Dreams/Sleep', 'HumboldtLycanthrope', 'Micropasta']",2015-03-06,1671
9453,"['HPL', 'Dreams/Sleep', 'Places', 'Longpasta']",2012-04-09,610
9454,"['Dreams/Sleep', 'Reality']",2016-01-21,1992
9455,"['Monsters', 'Dismemberment']",2014-03-06,1306
9456,"['Mental Illness', 'Beings', 'Diary/Journal', 'Dreams/Sleep', 'Reality']",2011-02-18,194
9457,"['Dreams/Sleep', 'Monsters']",2013-06-07,1034
9458,"['Dreams/Sleep', 'Beings']",2013-10-18,1167
9459,"['Beings', 'Dreams/Sleep', 'Micropasta']",2012-12-07,852
9460,"['Beings', 'Dreams/Sleep']",2014-01-03,1244
9461,['Reality'],2015-01-20,1626
9462,"['Dreams/Sleep', 'Ghosts']",2022-12-27,4524
9463,"['Dreams/Sleep', 'Diary/Journal', 'Mental Illness', 'Beings']",2013-06-25,1052
9464,"['Ghosts', 'Dreams/Sleep', 'Disappearances']",2012-03-03,573
9465,"['HPL', 'Longpasta']",2012-03-21,591
9466,['Dreams/Sleep'],2014-05-23,1384
9467,"['NSFW', 'Dismemberment', 'Ritual']",2015-06-28,1785
9468,"['Mental Illness', 'Diary/Journal', 'Dismemberment']",2022-10-24,4460
9469,"['Weird', 'Jdeschene', 'Videos']",2020-04-11,3534
9470,['Beings'],2012-11-06,821
9471,['Mental Illness'],2011-08-05,362
9472,"['Monsters', 'Nature']",2014-03-19,1319
9473,"['Glisario', 'Monsters', 'Vehicles']",2019-12-15,3416
9474,"['Historical Archive/PD', 'Poetry']",2019-10-28,3368
9475,"['Beings', 'Places', 'Nature']",2014-06-09,1401
9476,"['Ghosts', 'History', 'Military']",2014-10-26,1540
9477,"['Beings', 'Dreams/Sleep']",2017-01-02,2339
9478,"['Beings', 'Dreams/Sleep', 'Disappearances', 'Nature', 'Places', 'Videos', 'Longpasta']",2018-03-31,2792
9479,['EAP'],2012-04-27,628
9480,['Demon/Devil'],2017-03-15,2411
9481,"['HPL', 'Longpasta']",2012-03-20,590
9482,['PokéMon'],2012-02-20,561
9483,['History'],2014-01-15,1256
9484,"['Halloween 2021', 'Places', 'Halloween', 'Beings', 'History', 'Tewahway']",2021-10-30,4101
9485,"['Reality', 'Places', 'Disappearances', 'Ghosts']",2014-10-01,1515
9486,"['Beings', 'Dismemberment', 'Places']",2023-05-25,4673
9487,['Reality'],2013-02-11,918
9488,"['Dreams/Sleep', 'Micropasta']",2011-01-24,169
9489,"['Mental Illness', 'Diary/Journal', 'Dreams/Sleep', 'William See', 'Items/Objects', 'Crime']",2019-12-16,3417
9490,['Places'],2020-08-19,3664
9491,"['Mental Illness', 'Beings', 'NSFW', 'William See']",2022-05-21,4304
9492,"['Historical Archive', 'Ritual', 'Places', 'Vehicles']",2011-03-20,224
9493,"['Demon/Devil', 'CPWDemonDevil2015']",2015-07-15,1802
9494,"['Beings', 'D. Compton Ambrose', 'Disappearances', 'Nature', 'Places']",2017-12-14,2685
9495,"['Vehicles', 'Places', 'Disappearances', 'Monsters', 'Tewahway', 'Videos']",2021-10-06,4077
9496,"['HPL', 'Beings', 'Places']",2017-10-05,2615
9497,"['Video Games', 'Beings', 'Dreams/Sleep', 'Longpasta']",2020-11-22,3759
9498,"['Mental Illness', 'Science', 'Computers and Internet']",2013-01-03,879
9499,"['Music', 'History']",2012-05-23,654
9500,"['Items/Objects', 'Reality', 'Beings']",2013-08-25,1113
9501,"['Ritual', 'Reality']",2022-11-15,4482
9502,['Monsters'],2019-03-03,3129
9503,"['Mental Illness', 'Cryptids']",2013-08-07,1095
9504,"['Historical Archive/PD', 'Poetry', 'NSFW']",2018-08-27,2941
9505,"['DoctorBleed', 'Science']",2017-02-08,2376
9506,"['Mental Illness', 'Reality']",2014-12-31,1606
9507,"['Beings', 'Dreams/Sleep']",2020-04-09,3532
9508,['Historical Archive/PD'],2018-07-11,2894
9509,"['Historical Archive/PD', 'Longpasta']",2018-01-08,2710
9510,"['Beings', 'Dismemberment']",2012-03-22,592
9511,['Animals'],2015-10-30,1909
9512,"['Places', 'Beings']",2013-01-28,904
9513,"['Gods', 'Micropasta']",2010-08-09,1
9514,"['Reality', 'Theory']",2013-04-10,976
9515,"['Reality', 'Theory']",2020-08-12,3657
9516,"['Reality', 'Nature', 'Historical Archive']",2011-03-24,228
9517,"['Nature', 'Places', 'Disappearances', 'Beings', 'CertainShadows']",2020-12-19,3786
9518,"['Weird', 'Ritual']",2018-09-10,2955
9519,['Longpasta'],2023-11-01,4833
9520,"['Demon/Devil', 'Doom Vroom', 'Mental Illness', 'Places', 'Videos', 'CPWDemonDevil2015']",2015-06-20,1777
9521,"['Mental Illness', 'Cryptids']",2012-02-25,566
9522,"['Mental Illness', 'Computers and Internet']",2012-10-19,803
9523,['Mental Illness'],2017-06-11,2499
9524,"['Video Games', 'Diary/Journal']",2011-08-03,360
9525,"['Theory', 'Television', 'Science', 'Space']",2012-03-05,575
9526,['Beings'],2022-02-20,4214
9527,"['History', 'Beings', 'Disappearances', 'Items/Objects']",2014-09-22,1506
9528,"['Mental Illness', 'Ritual']",2014-03-25,1325
9529,"['Beings', 'Music']",2013-05-05,1001
9530,"['Places', 'Beings', 'Nature']",2015-05-05,1731
9531,"['Beings', 'Places']",2020-06-27,3611
9532,"[""The Vesper's Bell"", 'Beings', 'Lovecraftian', 'Monsters', 'Videos']",2020-09-12,3688
9533,"['SCAnti-Cliche2016', 'Contest Winner', 'Animals', 'Ritual', 'Videos']",2016-09-15,2230
9534,"['Diary/Journal', 'Disappearances']",2012-11-26,841
9535,"['Beings', 'Books', 'Places', 'Reality', 'William See']",2020-03-18,3510
9536,"['Poetry', 'Beings', 'Christmas']",2013-12-05,1215
9537,"['Monsters', 'Beings', 'Items/Objects', 'Longpasta']",2020-09-19,3695
9538,"['Beings', 'Dismemberment', 'Weird']",2019-04-04,3161
9539,['Ghosts'],2017-07-09,2527
9540,"['Hospitals', 'Mental Illness', 'Places']",2013-02-19,926
9541,"['Historical Archive', 'Items/Objects', 'Ritual', 'Places', 'Theory', 'Micropasta']",2011-04-21,256
9542,['Poetry'],2013-03-04,939
9543,"['Places', 'Diary/Journal']",2012-01-20,530
9544,"['Beings', 'Weird']",2023-09-22,4793
9545,"['Science', 'Mental Illness']",2011-10-07,425
9546,['HPL'],2012-03-27,597
9547,"['Reality', 'Beings', 'Disappearances', 'Jdeschene']",2018-07-22,2905
9548,"['Dreams/Sleep', 'Monsters', 'Places']",2016-01-04,1975
9549,"['Demon/Devil', 'Places', 'History', 'Lovecraftian']",2018-06-04,2857
9550,"['Beings', 'Disappearances']",2018-07-27,2910
9551,"['Photography', 'Items/Objects']",2013-07-29,1086
9552,"['Science', 'Theory', 'Reality']",2016-12-18,2324
9553,"['Historical Archive', 'Beings', 'Animals']",2011-03-20,224
9554,['Diary/Journal'],2013-07-12,1069
9555,"['Beings', 'Diary/Journal', 'Places']",2013-08-06,1094
9556,"['DFPC15', 'Mental Illness', 'Monsters']",2014-08-31,1484
9557,"['Items/Objects', 'Ritual', 'Micropasta']",2013-12-04,1214
9558,['Beings'],2014-08-28,1481
9559,"['Mental Illness', 'Micropasta']",2013-04-23,989
9560,"['Historical Archive', 'Animals', 'Weird', 'Micropasta']",2011-11-21,470
9561,"['Science', 'Beings']",2014-04-08,1339
9562,['AGB'],2018-07-10,2893
9563,"['Mental Illness', 'Items/Objects']",2012-04-03,604
9564,"['Beings', 'Computers and Internet', 'Weird']",2022-09-08,4414
9565,['Places'],2012-08-31,754
9566,"['Monsters', 'Dismemberment']",2012-08-19,742
9567,['Ritual'],2015-11-04,1914
9568,"['Disappearances', 'Beings']",2013-07-23,1080
9569,"['Beings', 'Dreams/Sleep']",2012-10-19,803
9570,"['Beings', 'Photography']",2014-06-23,1415
9571,['Dreams/Sleep'],2014-08-05,1458
9572,"['Diary/Journal', 'Television', 'Items/Objects']",2014-02-15,1287
9573,"['Reality', 'Disappearances', 'Demon/Devil']",2011-07-28,354
9574,"[""The Vesper's Bell"", 'Halloween']",2023-10-22,4823
9575,"['Computers and Internet', 'Beings', 'Places', 'Reality']",2014-05-20,1381
9576,"['Dreams/Sleep', 'Beings']",2013-11-30,1210
9577,['Beings'],2012-05-19,650
9578,['Beings'],2014-05-08,1369
9579,['EAP'],2012-04-29,630
9580,['Monsters'],2014-01-27,1268
9581,"['Beings', 'Places']",2015-10-05,1884
9582,"['Ritual', 'Beings', 'Dismemberment']",2017-06-06,2494
9583,"['Beings', 'Places', 'Disappearances', 'Monsters']",2013-10-06,1155
9584,['Demon/Devil'],2012-11-18,833
9585,"['Weird', 'Micropasta']",2011-05-08,273
9586,"['Ritual', 'Beings']",2013-10-22,1171
9587,"['Places', 'Nature']",2019-11-21,3392
9588,[],2012-04-30,631
9589,"['Palaeontologica', 'Military', 'Disappearances']",2021-11-17,4119
9590,"['Reality', 'Beings']",2015-02-10,1647
9591,['Demon/Devil'],2013-10-05,1154
9592,['Reality'],2015-04-14,1710
9593,"['Beings', 'Dreams/Sleep', 'Reality']",2013-06-09,1036
9594,['Video Games'],2011-04-26,261
9595,"['Places', 'Items/Objects']",2014-01-26,1267
9596,"['Dreams/Sleep', 'Beings']",2013-01-07,883
9597,"['Items/Objects', 'Dreams/Sleep']",2010-12-30,144
9598,"['Disappearances', 'Dismemberment', 'Diary/Journal']",2015-11-04,1914
9599,"['AGB', 'Mental Illness', 'Dismemberment']",2017-08-20,2569
9600,['Dismemberment'],2013-02-17,924
9601,"['Photography', 'Science', 'Theory']",2013-12-02,1212
9602,['Reality'],2013-03-06,941
9603,"['Beings', 'Nature', 'History', 'Banned In CP']",2016-09-14,2229
9604,"['Computers and Internet', 'Beings', 'Dismemberment']",2012-10-05,789
9605,"['History', 'Science', 'Reality', 'Military', 'Disappearances', 'Dismemberment', 'Mental Illness']",2011-05-06,271
9606,"['Reality', 'Beings']",2013-08-16,1104
9607,"['Mental Illness', 'Beings', 'Disappearances', 'Reality', 'Places']",2015-06-30,1787
9608,['Science'],2015-02-10,1647
9609,"['HumboldtLycanthrope', 'Monsters', 'Micropasta']",2015-03-10,1675
9610,"['REH', 'Items/Objects', 'Monsters', 'Places', 'Reality']",2017-09-25,2605
9611,"['Ghosts', 'Disappearances']",2015-05-22,1748
9612,"['Weird', 'Beings']",2012-11-06,821
9613,"['Dreams/Sleep', 'Reality', 'Historical Archive', 'Micropasta']",2010-08-16,8
9614,"['Historical Archive', 'Mirrors', 'Weird', 'Micropasta']",2010-11-07,91
9615,"['Places', 'Ritual']",2018-02-13,2746
9616,['Beings'],2013-10-31,1180
9617,"['Space', 'Reality']",2015-12-29,1969
9618,['Beings'],2014-04-02,1333
9619,"['HPL', 'Beings', 'Books', 'Mental Illness']",2012-03-28,598
9620,"['Animals', 'Dismemberment']",2021-05-15,3933
9621,['History'],2015-03-30,1695
9622,"['Places', 'Ghosts']",2016-07-19,2172
9623,"['Mirrors', 'Beings']",2014-05-01,1362
9624,"['Places', 'Beings']",2014-10-05,1519
9625,"['Dreams/Sleep', 'Beings', 'Mirrors', 'Micropasta']",2013-02-26,933
9626,"['Dreams/Sleep', 'Mental Illness']",2014-05-03,1364
9627,"['Disappearances', 'Ghosts', 'Vehicles']",2019-06-06,3224
9628,['Zelda'],2012-02-04,545
9629,"['Ghosts', 'Spotlighted Pastas']",2015-05-24,1750
9630,['Science'],2014-08-27,1480
9631,"['Liminal Spaces 2022', 'ClericofMadness', 'Computers and Internet', 'Disappearances']",2022-09-01,4407
9632,"['Diary/Journal', 'Places']",2013-12-10,1220
9633,['Monsters'],2014-04-18,1349
9634,"['Places', 'Ghosts']",2013-08-27,1115
9635,"['Computers and Internet', 'Nature', 'Kolpik', 'Videos']",2018-05-03,2825
9636,['Mental Illness'],2013-01-21,897
9637,"['Diary/Journal', 'Beings']",2012-03-05,575
9638,"['Crime', 'Diary/Journal']",2012-11-12,827
9639,"['Places', 'Ritual']",2014-11-11,1556
9640,['Reality'],2014-12-26,1601
9641,['Mental Illness'],2018-12-06,3042
9642,['Mental Illness'],2014-10-21,1535
9643,"['AustinDR', 'Weird']",2019-12-06,3407
9644,['Mental Illness'],2013-09-19,1138
9645,"['Monsters', 'Micropasta']",2014-02-11,1283
9646,"['Ghosts', 'Places', 'Mental Illness']",2012-03-02,572
9647,['Beings'],2016-05-20,2112
9648,"['Beings', 'Animals', 'Historical Archive', 'Mirrors', 'Micropasta']",2010-12-22,136
9649,"['Weird', 'Crime', 'Dismemberment']",2018-06-23,2876
9650,"['Cryptids', 'Videos', 'Shadowswimmer77', 'Mythology 2015']",2015-04-03,1699
9651,"['Mental Illness', 'Weird', 'Dismemberment']",2012-11-22,837
9652,"['CertainShadows', 'Weird', 'Dismemberment', 'Videos']",2020-11-09,3746
9653,['Mental Illness'],2014-12-03,1578
9654,"['Beings', 'Diary/Journal']",2011-12-15,494
9655,"['Appealed Stories', 'Beings', 'Poetry']",2015-02-23,1660
9656,['Mental Illness'],2013-07-08,1065
9657,"['Television', 'Animals', 'Lost Episodes']",2021-07-08,3987
9658,"['Disappearances', 'Computers and Internet']",2014-07-18,1440
9659,"['Reality', 'Mental Illness', 'Cryptids']",2012-06-19,681
9660,"['Books', 'History']",2020-06-13,3597
9661,"['Dismemberment', 'Monsters', 'Micropasta']",2012-12-11,856
9662,"['Dismemberment', 'Ritual', 'Places']",2013-12-17,1227
9663,['Monsters'],2013-07-02,1059
9664,"['Mental Illness', 'Monsters']",2013-07-20,1077
9665,"['Mental Illness', 'Dreams/Sleep']",2012-06-12,674
9666,"['Poetry', 'Reality']",2015-05-09,1735
9667,"['Beings', 'Reality']",2018-07-19,2902
9668,"['Disappearances', 'Books', 'Mental Illness']",2012-01-24,534
9669,"['Nature', 'Beings', 'Places', 'Disappearances']",2015-07-05,1792
9670,"['Mental Illness', 'Dismemberment']",2013-05-12,1008
9671,['Items/Objects'],2014-02-11,1283
9672,['Beings'],2020-09-11,3687
9673,"['Crime', 'Beings']",2012-04-09,610
9674,"['REH', 'Demon/Devil', 'Places']",2017-01-31,2368
9675,"['Dreams/Sleep', 'Beings', 'Micropasta']",2013-05-14,1010
9676,['Ghosts'],2013-01-07,883
9677,"['Demon/Devil', 'Animals', 'Nature', 'Places', 'CPWDemonDevil2015']",2015-07-12,1799
9678,"['Places', 'Nature', 'Beings']",2011-12-31,510
9679,"['Places', 'Beings']",2015-08-24,1842
9680,"['Spotlighted Pastas', 'Tiololo', 'Dismemberment', 'Places', 'Theory']",2015-06-02,1759
9681,"['Beings', 'Disappearances', 'Nature', 'Places']",2015-05-26,1752
9682,"['Science', 'History']",2015-04-13,1709
9683,['Demon/Devil'],2013-04-14,980
9684,"['Ritual', 'Items/Objects', 'Places', 'Micropasta']",2011-01-03,148
9685,['Beings'],2017-04-03,2430
9686,"['Diary/Journal', 'Mental Illness']",2015-03-06,1671
9687,"['Ritual', 'Beings']",2018-02-18,2751
9688,"['Alparos-Lilah', 'Weird']",2023-04-15,4633
9689,"['Reality', 'Computers and Internet']",2014-06-23,1415
9690,"['Space', 'Monsters']",2014-11-02,1547
9691,"['Beings', 'Reality']",2014-03-18,1318
9692,"['Diary/Journal', 'Mental Illness']",2023-01-31,4559
9693,"['Ghosts', 'Reddit Pastas']",2014-10-08,1522
9694,['Ghosts'],2014-05-29,1390
9695,['Animals'],2012-04-30,631
9696,"['Disappearances', 'Dismemberment']",2015-08-17,1835
9697,"['Beings', 'Mental Illness']",2012-04-07,608
9698,['Items/Objects'],2014-03-23,1323
9699,"['Computers and Internet', 'Mental Illness', 'Science', 'Music']",2011-09-02,390
9700,"['Places', 'Ghosts', 'Dismemberment', 'Mental Illness']",2015-04-01,1697
9701,"['Mental Illness | Reality | OC | Shock Ending | Death | PotM | People', 'Music']",2012-01-16,526
9702,['Items/Objects'],2014-05-05,1366
9703,"['Mental Illness', 'Monsters', 'Diary/Journal']",2014-06-22,1414
9704,"['Computers and Internet', 'Beings']",2017-11-16,2657
9705,"['Gods', 'Space', 'ExRwood']",2022-01-14,4177
9706,"['Mental Illness', 'Places']",2013-12-02,1212
9707,['Beings'],2013-12-31,1241
9708,"['Items/Objects', 'Demon/Devil', 'NSFW']",2011-10-31,449
9709,"['Computers and Internet', 'Science']",2013-02-23,930
9710,"['Ritual', 'Beings', 'Dreams/Sleep', 'Theory']",2015-07-05,1792
9711,"['DFPC15', 'Reality', 'Places', 'Halloween']",2014-08-01,1454
9712,"['History', 'Places', 'Reality']",2016-04-11,2073
9713,"['Poetry', 'Music']",2014-09-23,1507
9714,['Beings'],2014-06-12,1404
9715,"['DrBobSmith', 'Science', 'Mental Illness', 'Reality', 'Animals']",2019-02-13,3111
9716,"['Monsters', 'Places', 'Diary/Journal', 'Items/Objects']",2014-03-31,1331
9717,"['Items/Objects', 'Places', 'Micropasta']",2011-04-27,262
9718,"['Ritual', 'History', 'Historical Archive', 'Places']",2010-08-16,8
9719,"['Historical Archive', 'Beings', 'Ritual', 'Micropasta']",2010-08-18,10
9720,"['Demon/Devil', 'Weird', 'Reality']",2017-06-23,2511
9721,['Weird'],2012-03-15,585
9722,"['Places', 'Ritual', 'Ghosts', 'Mental Illness']",2012-07-25,717
9723,"['Military', 'History']",2018-11-02,3008
9724,"['Ritual', 'Beings']",2013-01-10,886
9725,"['Weird', 'Beings']",2016-10-29,2274
9726,"['Reddit Pastas', 'Ritual', 'Beings', 'Longpasta']",2017-04-08,2435
9727,"['NSFW', 'Nature']",2014-06-01,1393
9728,"['Reality', 'Mental Illness', 'Science']",2012-05-09,640
9729,"['Beings', 'Places']",2015-08-30,1848
9730,['Mental Illness'],2016-02-22,2024
9731,['Weird'],2016-04-10,2072
9732,"['Cryptids', 'Lovecraftian', 'Places']",2020-04-14,3537
9733,['Poetry'],2012-11-24,839
9734,"['Beings', 'History', 'Military', 'Reality']",2014-07-03,1425
9735,"['Science', 'Beings', 'Dismemberment']",2016-10-17,2262
9736,"['Places', 'Military', 'Beings']",2018-03-06,2767
9737,['Beings'],2013-10-31,1180
9738,"['Mental Illness', 'Military']",2015-06-23,1780
9739,['PokéMon'],2013-11-06,1186
9740,['Ghosts'],2013-03-23,958
9741,"['Animals', 'Ghosts']",2013-07-26,1083
9742,"['Ghosts', 'Historical Archive']",2011-03-23,227
9743,"['Mmpratt99 deviantart', 'Monsters', 'Places', 'Reality', 'Science', 'Videos']",2012-03-10,580
9744,"['Dreams/Sleep', 'Ghosts', 'Mental Illness']",2018-04-16,2808
9745,['Ghosts'],2013-07-23,1080
9746,"['Computers and Internet', 'Ghosts']",2013-05-11,1007
9747,"['Reality', 'Mirrors', 'Ghosts']",2012-10-12,796
9748,['Ghosts'],2015-04-23,1719
9749,['Historical Archive/PD'],2017-11-28,2669
9750,"['Poetry', 'Monsters', 'Dismemberment']",2013-06-20,1047
9751,['Monsters'],2014-02-24,1296
9752,"['Appealed Stories', 'Ghosts', 'Dismemberment']",2015-06-07,1764
9753,"['Ritual', 'Mental Illness', 'Dreams/Sleep']",2013-03-20,955
9754,['Ghosts'],2013-11-04,1184
9755,"['Weird', 'Reddit Pastas', 'Ghosts', 'Photography']",2020-06-10,3594
9756,"['Demon/Devil', 'Dismemberment']",2013-08-28,1116
9757,"['Ghosts', 'Disappearances']",2013-11-26,1206
9758,"['Dismemberment', 'Disappearances']",2014-08-06,1459
9759,['Reality'],2017-12-20,2691
9760,['Ghosts'],2015-06-04,1761
9761,"['Ghosts', 'Mirrors']",2012-07-16,708
9762,['Beings'],2014-09-27,1511
9763,"['Ghosts', 'Dreams/Sleep', 'Dismemberment']",2011-09-04,392
9764,"['Dreams/Sleep', 'Beings']",2020-07-21,3635
9765,['Ghosts'],2022-05-19,4302
9766,"['Ghosts', 'Dreams/Sleep']",2012-12-12,857
9767,"['Mirrors', 'Ghosts']",2012-12-23,868
9768,"['Items/Objects', 'Photography', 'Suggested Reading', 'Historical Archive']",2010-08-09,1
9769,"['AltLang', 'Items/Objects', 'Photography']",2018-10-10,2985
9770,"['Demon/Devil', 'PotM']",2017-06-06,2494
9771,['Dreams/Sleep'],2013-03-30,965
9772,['Beings'],2013-07-08,1065
9773,['Beings'],2013-08-07,1095
9774,"['Ghosts', 'Places']",2013-08-31,1119
9775,"['Mental Illness', 'Micropasta']",2012-09-18,772
9776,['Beings'],2012-10-18,802
9777,"['Weird', 'Historical Archive', 'Vehicles', 'Micropasta']",2010-08-09,1
9778,['Mental Illness'],2014-08-18,1471
9779,"['Disappearances', 'Mental Illness', 'NSFW', 'Videos']",2016-06-03,2126
9780,['Monsters'],2013-10-03,1152
9781,"['Items/Objects', 'Micropasta']",2012-08-22,745
9782,['Mental Illness'],2014-03-16,1316
9783,"['Demon/Devil', 'Micropasta']",2012-07-11,703
9784,"['Historical Archive', 'Ritual', 'Places', 'Micropasta']",2011-03-21,225
9785,['Reality'],2013-06-27,1054
9786,['Ritual'],2011-12-12,491
9787,"['Demon/Devil', 'Items/Objects', 'Killahawke1', 'Mental Illness', 'Videos']",2016-02-08,2010
9788,"['Demon/Devil', 'Items/Objects', 'Killahawke1', 'Videos']",2016-02-03,2005
9789,['Beings'],2011-10-25,443
9790,"['Weird', 'Micropasta']",2023-11-23,4855
9791,['Zelda'],2011-05-16,281
9792,"['Beings', 'Dismemberment', 'Weird', 'Disappearances']",2018-05-01,2823
9793,['Cryptids'],2018-07-09,2892
9794,['Monsters'],2013-03-05,940
9795,"['Nature', 'Places', 'Animals']",2015-05-24,1750
9796,"['Gods', 'Weird']",2016-09-12,2227
9797,"['Beings', 'Weird']",2021-09-22,4063
9798,"['History', 'Gods', 'Theory', 'Reality', 'Science']",2011-10-25,443
9799,"['AustinDR', 'Dreams/Sleep', 'Lovecraftian', 'Videos']",2020-04-09,3532
9800,"['We Go Bump 2', 'Gods', 'Poetry', 'Mental Illness']",2014-08-30,1483
9801,['EAP'],2012-04-30,631
9802,"['Ritual', 'Items/Objects', 'Micropasta']",2011-12-06,485
9803,"['Items/Objects', 'Ghosts', 'Dismemberment']",2013-05-03,999
9804,['Weird'],2012-08-06,729
9805,"['Places', 'Demon/Devil']",2014-08-30,1483
9806,['Reddit Pastas'],2017-03-19,2415
9807,"['Mental Illness', 'Dismemberment', 'NSFW', 'Demon/Devil']",2015-07-31,1818
9808,"['Demon/Devil', 'Disappearances', 'Mmpratt99 deviantart', 'Longpasta']",2015-01-19,1625
9809,"['Reality', 'Theory']",2013-07-05,1062
9810,['Items/Objects'],2013-05-30,1026
9811,"['Appealed Stories', 'Beings']",2014-06-01,1393
9812,"['Historical Archive', 'Ritual', 'Places', 'Micropasta']",2011-01-26,171
9813,"['TheDoctorFF', 'Demon/Devil', 'PotM']",2017-03-09,2405
9814,"['Places', 'Beings']",2012-11-12,827
9815,"['Diary/Journal', 'Lovecraftian', 'Monsters']",2015-03-06,1671
9816,['Beings'],2013-07-12,1069
9817,"['Demon/Devil', 'Mmpratt99 deviantart', 'Places', 'We Go Bump 3']",2012-04-14,615
9818,"['Monsters', 'Animals']",2013-04-12,978
9819,"['Nature', 'Weird']",2012-05-04,635
9820,['Mental Illness'],2015-03-21,1686
9821,"['Monsters', 'Dreams/Sleep']",2015-10-26,1905
9822,"['Historical Archive/PD', 'Longpasta']",2017-09-21,2601
9823,"['Lovecraftian', 'Weird']",2018-07-18,2901
9824,"['Beings', 'Ritual', 'Videos', 'Mirrors', 'Longpasta']",2015-10-19,1898
9825,"['Historical Archive/PD', 'Items/Objects', 'Suggested Reading']",2014-04-05,1336
9826,"['Jdeschene', 'Videos', 'Weird']",2018-04-23,2815
9827,"['Stormlilly', 'Items/Objects', 'Music']",2013-09-30,1149
9828,"['HPL', 'Diary/Journal', 'Places', 'Nature', 'Reality']",2017-10-05,2615
9829,"['Mental Illness', 'Items/Objects']",2014-09-19,1503
9830,"['Reality', 'Micropasta']",2014-11-14,1559
9831,"['Places', 'Nature', 'Science', 'RedNovaTyrant', 'Videos']",2018-06-21,2874
9832,"['We Go Bump 2', 'Diary/Journal', 'Mental Illness', 'Beings', 'NSFW']",2012-12-07,852
9833,"['Diary/Journal', 'Demon/Devil', 'Reality']",2013-07-31,1088
9834,['Ghosts'],2012-03-01,571
9835,"['Beings', 'Disappearances', 'Diary/Journal', 'Space']",2013-11-05,1185
9836,['Video Games'],2012-06-20,682
9837,['Reality'],2015-07-13,1800
9838,"['Books', 'Weird', 'Mental Illness']",2015-06-21,1778
9839,"['Memes', 'Computers and Internet', 'Historical Archive', 'Micropasta']",2010-10-03,56
9840,['Beings'],2013-07-08,1065
9841,"['Mental Illness', 'Vehicles', 'Disappearances']",2015-09-02,1851
9842,"['Beings', 'Dismemberment']",2013-08-17,1105
9843,"['Computers and Internet', 'Beings', 'Mental Illness', 'Dreams/Sleep', 'Historical Archive']",2011-03-23,227
9844,"['REH', 'Dismemberment', 'Places', 'Gods', 'Monsters', 'Lovecraftian']",2017-09-25,2605
9845,"['Historical Archive', 'Beings']",2015-02-13,1650
9846,"['Diary/Journal', 'Mental Illness', 'Items/Objects']",2012-03-28,598
9847,['Monsters'],2014-09-25,1509
9848,"['RedNovaTyrant', 'Reality', 'Weird', 'Places', 'Videos']",2020-05-28,3581
9849,"['Mental Illness', 'Places']",2014-05-07,1368
9850,"['Mental Illness', 'Dismemberment', 'Micropasta']",2011-08-23,380
9851,['Animals'],2012-01-03,513
9852,"['Ghosts', 'Micropasta']",2013-05-13,1009
9853,['Mental Illness'],2017-12-29,2700
9854,"['Places', 'Monsters']",2015-06-15,1772
9855,"['Mental Illness', 'Micropasta']",2013-10-31,1180
9856,"['Mental Illness', 'Dismemberment', 'Disappearances']",2018-04-16,2808
9857,['Disappearances'],2016-02-20,2022
9858,"['Monsters', 'Beings', 'Mental Illness']",2011-04-22,257
9859,['Diary/Journal'],2018-06-28,2881
9860,"['Dismemberment', 'HumboldtLycanthrope', 'Monsters', 'NSFW', 'Places', 'Halloween', 'Longpasta']",2015-04-29,1725
9861,"['Mental Illness', 'Gods']",2013-06-10,1037
9862,['Ghosts'],2018-08-20,2934
9863,['Beings'],2012-06-05,667
9864,['Places'],2013-03-09,944
9865,"['Ghosts', 'Halloween']",2012-07-09,701
9866,['PokéMon'],2013-08-07,1095
9867,['Zelda'],2012-04-09,610
9868,"['Beings', 'Diary/Journal', 'Disappearances', 'Items/Objects']",2013-05-17,1013
9869,"['Diary/Journal', 'Beings']",2014-05-20,1381
9870,"['Beings', 'Dismemberment']",2020-09-07,3683
9871,"['Television', 'Theory']",2013-10-24,1173
9872,['Nature'],2018-07-19,2902
9873,"['Poetry', 'Beings']",2013-07-24,1081
9874,['Monsters'],2011-11-26,475
9875,['Monsters'],2017-11-21,2662
9876,"['EAP', 'Poetry']",2012-05-04,635
9877,"['Mental Illness', 'Reality']",2015-01-19,1625
9878,"['Beings', 'Reality']",2012-01-07,517
9879,"['Mental Illness', 'Beings']",2013-02-10,917
9880,"['Science', 'Beings', 'PotM']",2014-01-22,1263
9881,"['Dreams/Sleep', 'Hospitals', 'Ghosts']",2015-08-06,1824
9882,"['Mental Illness', 'Reddit Pastas']",2015-07-21,1808
9883,"['Cryptids', 'Nature']",2015-02-01,1638
9884,"['Animals', 'Disappearances', 'Weird']",2012-05-07,638
9885,"['Monsters', 'Science', 'Weird', 'NSFW', 'Dismemberment', 'Mental Illness']",2015-05-05,1731
9886,"['Beings', 'Weird']",2020-01-10,3442
9887,"['Dreams/Sleep', 'Places']",2013-08-27,1115
9888,"['Ghosts', 'Places']",2014-11-17,1562
9889,['Ghosts'],2013-07-22,1079
9890,"['EAP', 'Poetry']",2012-05-08,639
9891,"['Places', 'Ghosts']",2011-05-03,268
9892,['Places'],2013-07-17,1074
9893,"['AGB', 'Mental Illness']",2012-05-26,657
9894,"['HPL', 'Longpasta']",2012-03-29,599
9895,"['Beings', 'Mental Illness', 'REH']",2013-03-07,942
9896,['Ghosts'],2013-11-18,1198
9897,"['Animals', 'Places']",2012-07-02,694
9898,"['Dreams/Sleep', 'Beings']",2014-04-30,1361
9899,"['History', 'Mirrors', 'Jdeschene', 'Reality', 'Videos']",2018-07-13,2896
9900,"['Beings', 'Items/Objects', 'Dismemberment', 'Micropasta']",2015-04-17,1713
9901,"['Beings', 'Reddit Pastas']",2018-09-09,2954
9902,"['Diary/Journal', 'Cryptids', 'Monsters', 'Micropasta']",2021-03-13,3870
9903,['Ghosts'],2012-08-13,736
9904,['Ghosts'],2013-05-22,1018
9905,"['Crime', 'Mental Illness', 'Dismemberment', 'Icydice']",2023-10-14,4815
9906,"['Beings', 'Reality', 'Science', 'Places']",2020-12-03,3770
9907,"['Disappearances', 'Dreams/Sleep', 'Mental Illness']",2015-03-01,1666
9908,"['Ghosts', 'Demon/Devil', 'Nature', ""The Vesper's Bell""]",2021-04-17,3905
9909,"['Places', 'Animals']",2023-10-23,4824
9910,"['Mental Illness', 'Beings', 'Videos', 'PotM', 'TheWizardOfTheWoods']",2016-08-16,2200
9911,"['Beings', 'Mental Illness', 'Places']",2014-03-15,1315
9912,['Beings'],2013-01-05,881
9913,"['Places', 'Historical Archive', 'Animals', 'Nature', 'Micropasta']",2010-11-07,91
9914,['Monsters'],2013-05-23,1019
9915,"['Beings', 'Animals', 'Items/Objects', 'REH']",2017-08-15,2564
9916,['Diary/Journal'],2013-07-26,1083
9917,"['Weird', 'Micropasta']",2012-03-13,583
9918,"['Animals', 'Computers and Internet', 'Doom Vroom', 'Videos']",2015-05-11,1737
9919,['Video Games'],2012-10-02,786
9920,"['Science', 'Space', 'Icydice', 'Theory']",2018-01-31,2733
9921,['Beings'],2014-09-30,1514
9922,"['Vehicles', 'Mental Illness']",2023-08-02,4742
9923,['Beings'],2017-07-10,2528
9924,['Beings'],2016-08-01,2185
9925,"['HPL', 'Places', 'Beings', 'Reality', 'Weird']",2017-10-05,2615
9926,['Diary/Journal'],2017-09-14,2594
9927,"['HWC23', 'Halloween', 'Mmpratt99 deviantart', 'Demon/Devil', 'Items/Objects']",2023-10-25,4826
9928,"['Mmpratt99 deviantart', 'Demon/Devil', 'Items/Objects', 'Weird', 'Halloween']",2023-11-15,4847
9929,['Demon/Devil'],2012-01-06,516
9930,"['Beings', 'Ritual']",2013-05-10,1006
9931,['Monsters'],2014-06-05,1397
9932,['Ritual'],2023-01-29,4557
9933,['Ghosts'],2016-06-11,2134
9934,['Diary/Journal'],2014-02-26,1298
9935,"['Josef K.', 'Historical Archive', 'Places']",2011-07-07,333
9936,"['Ghosts', 'NSFW']",2015-01-10,1616
9937,"['Ghosts', 'Mental Illness']",2014-03-20,1320
9938,"['Items/Objects', 'Mental Illness']",2013-03-19,954
9939,['Monsters'],2019-03-03,3129
9940,"['Beings', 'Theory']",2013-06-02,1029
9941,"['Historical Archive/PD', 'Poetry']",2018-05-28,2850
9942,"['Ritual', 'Historical Archive', 'Micropasta']",2011-01-17,162
9943,"['Items/Objects', 'Parlour', 'Places']",2018-08-28,2942
9944,['Beings'],2014-06-15,1407
9945,"['Historical Archive/PD', 'Longpasta']",2018-06-27,2880
9946,['Beings'],2021-01-04,3802
9947,"['Lovecraftian', 'Beings']",2012-03-30,600
9948,['Mental Illness'],2014-10-26,1540
9949,"['HPL', 'Places', 'Beings', 'Disappearances']",2017-10-05,2615
9950,"['HPL', 'Ritual', 'Longpasta']",2012-04-09,610
9951,"['HPL', 'Demon/Devil', 'Longpasta']",2012-05-22,653
9952,"['Monsters', 'Lovecraftian', 'Science', 'Vehicles']",2014-05-24,1385
9953,['Places'],2013-08-30,1118
9954,"['Beings', 'Items/Objects', 'Lovecraftian']",2014-02-11,1283
9955,"['Mental Illness', 'Reality', 'Theory']",2017-07-22,2540
9956,"['Dismemberment', 'Animals', 'Photography']",2014-08-10,1463
9957,['Dreams/Sleep'],2013-08-07,1095
9958,"['Monsters', 'Military', 'Dreams/Sleep', 'Raidra', 'History', 'Reality']",2013-10-29,1178
9959,"['History', 'Weird', 'Monsters']",2023-07-13,4722
9960,"['Crime', 'Places']",2018-04-22,2814
9961,"['Beings', 'Dismemberment', 'WriterJosh', 'Places', 'Items/Objects']",2015-02-06,1643
9962,"['Beings', 'Hospitals', 'Mental Illness']",2013-03-24,959
9963,"['Places', 'Beings']",2013-03-29,964
9964,"['Disappearances', 'Hospitals', 'Mental Illness', 'Reality']",2014-04-27,1358
9965,"['Demon/Devil', 'Items/Objects', 'Jdeschene', 'Videos']",2018-05-15,2837
9966,"['Demon/Devil', 'HPL', 'Animals']",2012-03-24,594
9967,"['Animals', 'Dreams/Sleep', 'RCainTales']",2020-02-19,3482
9968,"['Weird', 'Animals', 'Kolpik']",2018-11-17,3023
9969,"['Beings', 'Historical Archive/PD', 'Lovecraftian']",2018-08-01,2915
9970,"['Beings', 'Dreams/Sleep']",2013-12-06,1216
9971,"['HPL', 'Poetry']",2012-04-13,614
9972,"['Beings', 'Places']",2020-07-14,3628
9973,"['Monsters', 'Items/Objects', 'Nature', 'Places']",2014-08-08,1461
9974,"['Places', 'Beings', 'Dismemberment']",2015-04-13,1709
9975,['Places'],2012-11-01,816
9976,"['Places', 'Ghosts', 'Dismemberment', 'PotM', 'Suggested Reading', 'WriterJosh']",2013-02-20,927
9977,"['Beings', 'Mental Illness']",2014-09-02,1486
9978,['Places'],2015-07-16,1803
9979,['Demon/Devil'],2013-08-06,1094
9980,['Places'],2013-07-08,1065
9981,['Ghosts'],2012-10-01,785
9982,"['Computers and Internet', 'Places', 'Beings']",2014-01-02,1243
9983,"['Beings', 'Dismemberment', 'Items/Objects']",2017-07-13,2531
9984,"['Space', 'Monsters', 'Dismemberment', 'Places']",2015-03-23,1688
9985,"['Historical Archive', 'Mirrors', 'Disappearances', 'Places', 'Micropasta']",2011-06-13,309
9986,"['Places', 'Demon/Devil']",2014-09-23,1507
9987,"['SftSS18', 'Television', 'Noctevoire', 'Mental Illness']",2018-06-21,2874
9988,"['Dreams/Sleep', 'Ghosts']",2013-11-10,1190
9989,"['Historical Archive/PD', 'Longpasta']",2018-09-03,2948
9990,"['Monsters', 'Lovecraftian']",2020-02-01,3464
9991,"['Dreams/Sleep', 'Places']",2013-05-26,1022
9992,['Dismemberment'],2012-07-06,698
9993,['Ghosts'],2014-06-24,1416
9994,['Ghosts'],2013-08-09,1097
9995,"['Historical Archive/PD', 'Poetry', 'Longpasta']",2017-10-20,2630
9996,"['Ghosts', 'Mental Illness']",2012-12-14,859
9997,['Gods'],2017-01-06,2343
9998,"['Mental Illness', 'Reality', 'Places']",2014-04-11,1342
9999,"['Places', 'Ritual', 'History']",2011-04-21,256
10000,"['Monsters', 'Places', 'Raidra']",2013-09-14,1133
10001,"['Dismemberment', 'Weird', 'Books', 'Beings']",2015-07-04,1791
10002,"['Monsters', 'Disappearances']",2014-12-25,1600
10003,"['Theory', 'Beings']",2015-03-25,1690
10004,"['Mental Illness', 'Dismemberment', 'Reality', 'Micropasta']",2013-11-06,1186
10005,"['Food', 'Dismemberment']",2013-06-08,1035
10006,"['Items/Objects', 'Dismemberment']",2017-02-05,2373
10007,"['Animals', 'Beings']",2013-10-12,1161
10008,['Demon/Devil'],2013-01-13,889
10009,['Monsters'],2016-05-08,2100
10010,"['Beings', 'Nature']",2014-06-04,1396
10011,"['Beings', 'Reality']",2014-01-25,1266
10012,['Historical Archive/PD'],2018-07-11,2894
10013,"['Dreams/Sleep', 'Reality']",2012-11-02,817
10014,"['REH', 'Cryptids', 'Places', 'Dismemberment']",2017-09-25,2605
10015,['Mental Illness'],2013-11-17,1197
10016,['Science'],2017-05-09,2466
10017,['Items/Objects'],2016-08-15,2199
10018,['Gods'],2012-09-09,763
10019,['Items/Objects'],2014-01-22,1263
10020,"['Television', 'Gods', 'Items/Objects']",2012-01-30,540
10021,"['Dismemberment', 'Mental Illness']",2014-09-23,1507
10022,"['AustinDR', 'NSFW', 'Reality']",2019-12-18,3419
10023,['Beings'],2013-01-23,899
10024,"['Mirrors', 'Beings']",2012-06-25,687
10025,['Historical Archive/PD'],2018-07-11,2894
10026,['Beings'],2012-05-08,639
10027,"['Theory', 'Micropasta']",2013-11-29,1209
10028,['EAP'],2012-04-30,631
10029,['Nature'],2019-06-02,3220
10030,"['Disappearances', 'Ritual', 'Micropasta']",2011-02-05,181
10031,['Beings'],2014-03-18,1318
10032,"['Items/Objects', 'Demon/Devil']",2013-04-17,983
10033,['Items/Objects'],2013-11-08,1188
10034,"['Mental Illness', 'Dismemberment', 'Weird']",2018-01-08,2710
10035,['Science'],2021-06-10,3959
10036,['Beings'],2018-10-04,2979
10037,"['Items/Objects', 'Demon/Devil']",2013-02-14,921
10038,"['Animals', 'Cryptids']",2013-10-06,1155
10039,"['Dismemberment', 'Disappearances', 'Space', 'Beings']",2015-07-04,1791
10040,"['Computers and Internet', 'Space', 'Dreams/Sleep', 'Beings', 'Disappearances']",2015-07-04,1791
10041,"['Weird', 'Reality']",2015-04-21,1717
10042,['Science'],2018-02-02,2735
10043,['Items/Objects'],2016-12-19,2325
10044,"['Mmpratt99 deviantart', 'Places', 'Reality', 'Videos']",2012-03-16,586
10045,['Beings'],2014-06-04,1396
10046,['Beings'],2014-08-15,1468
10047,"['Television', 'Places', 'Mental Illness']",2012-10-30,814
10048,['Dismemberment'],2014-10-02,1516
10049,"['Places', 'Beings', 'Gods']",2020-12-07,3774
10050,"['Beings', 'Theory', 'Dismemberment']",2012-10-01,785
10051,"['Mental Illness', 'Dreams/Sleep', 'Micropasta']",2013-12-10,1220
10052,"['Theory', 'Dreams/Sleep', 'Micropasta']",2013-04-30,996
10053,"['Videos', 'Places', 'Computers and Internet']",2013-02-23,930
10054,['Demon/Devil'],2015-04-06,1702
10055,"['Disappearances', 'Science', 'Videos', 'Fairly7Local']",2018-04-12,2804
10056,"['Ritual', 'Monsters']",2011-03-11,215
10057,"['Disappearances', 'Doom Vroom', 'Mental Illness', 'Places', 'Videos']",2015-04-29,1725
10058,['Demon/Devil'],2014-01-06,1247
10059,"['Beings', 'Weird', 'Micropasta']",2020-11-16,3753
10060,"['Historical Archive/PD', 'Longpasta']",2017-10-17,2627
10061,"['Ritual', 'Beings']",2021-04-20,3908
10062,"['Animals', 'Monsters', 'Items/Objects']",2023-04-20,4638
10063,"['Places', 'Mirrors', 'HopelessNightOwl', 'Beings']",2012-02-19,560
10064,['Ritual'],2021-10-11,4082
10065,"['Places', 'Dismemberment']",2014-10-29,1543
10066,"['Places', 'Items/Objects']",2014-05-31,1392
10067,['EAP'],2012-04-30,631
10068,['AGB'],2018-07-10,2893
10069,['Historical Archive/PD'],2017-11-28,2669
10070,['Animals'],2015-03-31,1696
10071,['Animals'],2013-09-27,1146
10072,"['Demon/Devil', 'Places']",2012-01-28,538
10073,"['Halloween', ""The Vesper's Bell""]",2022-10-30,4466
10074,"['Mental Illness', 'Dismemberment', 'Micropasta']",2015-04-24,1720
10075,"['Historical Archive', 'Reality', 'Items/Objects', 'Beings']",2010-12-03,117
10076,"['PokéMon', 'Memes', 'Historical Archive']",2011-12-31,510
10077,"['Diary/Journal', 'Beings', 'Animals', 'Disappearances', 'Dismemberment']",2011-11-18,467
10078,['Demon/Devil'],2013-05-06,1002
10079,"['Ghosts', 'Mental Illness']",2012-12-07,852
10080,"['Animals', 'Beings']",2012-04-30,631
10081,"['Beings', 'Mental Illness']",2019-07-04,3252
10082,"['Science', 'Reality', 'Weird', 'MakRalston']",2022-07-08,4352
10083,"['Weird', 'Dismemberment']",2021-04-12,3900
10084,"['Mental Illness', 'Dreams/Sleep']",2012-01-27,537
10085,"['Reality', 'Crime']",2022-07-18,4362
10086,"['DFPC15', 'Items/Objects', 'Christmas']",2014-06-08,1400
10087,"['Beings', 'Diary/Journal']",2011-09-14,402
10088,"['Diary/Journal', 'Reality']",2013-01-11,887
10089,"['Disappearances', 'Monsters', 'Diary/Journal', 'Dismemberment', 'Reality']",2014-02-09,1281
10090,"['Mental Illness', 'Television', 'Diary/Journal', 'Historical Archive', 'Dismemberment']",2011-03-24,228
10091,"['L0CKED334', 'Mental Illness', 'Diary/Journal']",2018-11-07,3013
10092,"['EAP', 'Longpasta']",2012-04-30,631
10093,"['EmpyrealInvective', 'Diary/Journal', 'Dismemberment', 'Mental Illness', 'Videos']",2014-01-26,1267
10094,"['Beings', 'Mental Illness', 'Diary/Journal']",2014-03-16,1316
10095,"['Beings', 'Diary/Journal', 'Mental Illness', 'Banned In CP', 'Longpasta']",2018-02-06,2739
10096,"['Reality', 'Mental Illness', 'Vehicles']",2017-04-17,2444
10097,['Ritual'],2023-05-24,4672
10098,"['Wheel of Misfortune 2022', 'Animals', 'Nature', 'Vehicles', 'Crime', 'Kolpik']",2022-04-27,4280
10099,"['Beings', 'Weird']",2021-03-15,3872
10100,['Historical Archive/PD'],2019-08-21,3300
10101,"['Kafka', 'Mental Illness', 'Reality', 'Weird']",2017-09-14,2594
10102,"['Beings', 'Dismemberment', 'Crime']",2013-07-15,1072
10103,"['Nature', 'Military', 'Dreams/Sleep', 'History', 'Beings']",2015-07-01,1788
10104,"['Military', 'Monsters', 'Mental Illness']",2014-08-22,1475
10105,['Monsters'],2013-09-16,1135
10106,"['Weird', 'Music']",2015-02-18,1655
10107,"['Gods', 'Reality']",2016-01-12,1983
10108,"['Monsters', 'Items/Objects', 'Historical Archive']",2010-11-30,114
10109,"['History', 'Dismemberment']",2012-07-04,696
10110,"['Historical Archive', 'Memes', 'Troll Pasta', 'Ritual', 'Micropasta']",2012-07-11,703
10111,"['Monsters', 'Animals']",2020-06-30,3614
10112,"['Animals', 'Places']",2013-06-19,1046
10113,"['Military', 'Places', 'Items/Objects', 'Dismemberment', 'FlakyPorcupine']",2013-11-04,1184
10114,['Items/Objects'],2012-05-18,649
10115,['Science'],2014-01-08,1249
10116,"['Mental Illness', 'Theory', 'Micropasta']",2012-08-17,740
10117,"['Beings', 'Dreams/Sleep']",2022-02-17,4211
10118,['Beings'],2022-03-27,4249
10119,"['Disappearances', 'Beings']",2022-01-31,4194
10120,"['Beings', 'Disappearances', 'History', 'Military', 'Noctevoire', 'NSFW', 'Videos']",2018-03-14,2775
10121,"['Mental Illness', 'Dismemberment']",2012-08-12,735
10122,"['Christmas', 'Nature', 'Weird', 'Tewahway']",2021-12-03,4135
10123,['Demon/Devil'],2013-06-15,1042
10124,"['Historical Archive', 'Computers and Internet', 'Memes', 'Mental Illness']",2010-11-20,104
10125,"['Mental Illness', 'Reality']",2017-07-27,2545
10126,['Monsters'],2013-01-06,882
10127,['Video Games'],2014-05-22,1383
10128,"['Appealed Spinoffs', 'Lovecraftian', 'Monsters', ""The Vesper's Bell""]",2021-05-14,3932
10129,"['Demon/Devil', 'Killahawke1', 'Ritual', 'Videos']",2015-12-26,1966
10130,"['NSFW', 'Weird', 'Monsters', 'Gomez Capulet']",2015-07-11,1798
10131,['Ritual'],2020-01-08,3440
10132,"['Beings', 'Micropasta']",2012-11-19,834
10133,['Kafka'],2017-10-06,2616
10134,['Beings'],2012-04-10,611
10135,"['Places', 'Mental Illness']",2014-02-25,1297
10136,"['Beings', 'Ritual']",2014-06-02,1394
10137,"['Reality', 'Diary/Journal']",2013-08-27,1115
10138,['Mental Illness'],2021-06-28,3977
10139,"['Animals', 'Disappearances', 'Places', 'Reddit Pastas']",2016-04-01,2063
10140,"['Monsters', 'Poetry', 'Animals']",2013-01-16,892
10141,['Cryptids'],2014-05-13,1374
10142,"['Dgrady237', 'Weird', 'Vehicles', 'Ghosts']",2018-11-09,3015
10143,"['Ghosts', 'History', 'Places']",2014-08-19,1472
10144,['PokéMon'],2012-03-23,593
10145,['Historical Archive/PD'],2019-11-23,3394
10146,"['Places', 'Historical Archive', 'Dreams/Sleep']",2010-11-07,91
10147,"['Dreams/Sleep', 'Beings', 'Micropasta']",2012-04-12,613
10148,"['Beings', 'Diary/Journal']",2013-04-22,988
10149,"['Computers and Internet', 'Disappearances']",2020-05-29,3582
10150,['Video Games'],2013-04-09,975
10151,"['Beings', 'Lovecraftian', 'Dreams/Sleep']",2014-05-14,1375
10152,"['Food', 'Weird']",2023-10-04,4805
10153,['Ghosts'],2013-12-29,1239
10154,"['Animals', 'NSFW']",2016-10-26,2271
10155,"['Places', 'Nature']",2013-02-27,934
10156,['Places'],2011-11-13,462
10157,"['EAP', 'Poetry']",2012-05-13,644
10158,['Beings'],2012-02-20,561
10159,['Beings'],2013-12-11,1221
10160,"['Reddit Pastas', 'Dreams/Sleep', 'Items/Objects', 'Reality']",2018-07-03,2886
10161,"['Dismemberment', 'Demon/Devil', 'Places']",2013-12-06,1216
10162,['EAP'],2012-04-30,631
10163,"['Halloween 2021', 'StalkerShrike', 'Halloween', 'Beings', 'Disappearances']",2021-10-14,4085
10164,"['Beings', 'Places']",2013-09-29,1148
10165,"['Weird', 'Reality', 'Micropasta']",2014-03-26,1326
10166,"['Weird', 'Micropasta']",2015-01-26,1632
10167,"['Weird', 'Mental Illness']",2015-04-12,1708
10168,['Monsters'],2014-09-07,1491
10169,"['Beings', 'L0CKED334']",2018-09-20,2965
10170,"['Animals', 'Demon/Devil', 'Halloween', 'Mmpratt99 deviantart', 'Nature', 'Places']",2012-10-17,801
10171,"['Demon/Devil', 'Dreams/Sleep', 'Mmpratt99 deviantart', 'Places', 'Longpasta']",2015-10-09,1888
10172,"['Diary/Journal', 'Mmpratt99 deviantart', 'Monsters', 'Places']",2015-07-18,1805
10173,"['Ghosts', 'Halloween', 'Mmpratt99 deviantart', 'Places', 'Longpasta']",2015-05-17,1743
10174,"['Items/Objects', 'Dismemberment', 'Reality', 'Mental Illness', 'NSFW']",2015-08-10,1828
10175,['Science'],2013-05-04,1000
10176,"['History', 'Items/Objects', 'Beings']",2017-08-15,2564
10177,"['RFCC15', 'Monsters']",2015-04-23,1719
10178,"['Floyd Pinkerton', 'Items/Objects']",2017-06-03,2491
10179,"['Reality', 'Items/Objects', 'Micropasta']",2012-01-16,526
10180,"['Beings', 'Videos', 'Dreams/Sleep', 'Mental Illness']",2013-11-04,1184
10181,"['Diary/Journal', 'Places', 'Reality', 'RCainTales']",2019-10-05,3345
10182,"['Diary/Journal', 'Mental Illness', 'Beings']",2013-07-09,1066
10183,"['Christmas', 'Mental Illness', 'Gods']",2012-06-03,665
10184,['Diary/Journal'],2012-09-22,776
10185,"['Weird', 'Jdeschene']",2018-04-17,2809
10186,['Mental Illness'],2012-12-15,860
10187,['Items/Objects'],2014-04-19,1350
10188,"['Beings', 'Places']",2016-04-04,2066
10189,"['Items/Objects', 'Disappearances']",2020-05-31,3584
10190,"['Monsters', 'Crime', 'Places']",2014-06-05,1397
10191,['Monsters'],2014-06-04,1396
10192,"['Beings', 'Places', 'Disappearances', 'History', 'Diary/Journal', 'Photography']",2020-05-22,3575
10193,"['Diary/Journal', 'Beings']",2012-04-30,631
10194,"['Mental Illness', 'Nature']",2012-03-14,584
10195,"['CertainShadows', 'Mental Illness', 'Videos']",2020-04-26,3549
10196,"['Appealed Stories', 'Science', 'Dismemberment', 'Dreams/Sleep']",2014-10-20,1534
10197,"['Dreams/Sleep', 'Beings', 'Mental Illness']",2013-08-31,1119
10198,['Places'],2015-11-12,1922
10199,"['Ghosts', 'Places', 'Micropasta']",2020-12-05,3772
10200,"['Beings', 'Computers and Internet']",2013-07-26,1083
10201,['Ghosts'],2011-11-02,451
10202,"['History', 'Animals', 'Videos', 'Nature', 'Cryptids', 'Music']",2012-09-28,782
10203,['Beings'],2013-12-23,1233
10204,"['Beings', 'Dismemberment', 'Shadowswimmer77', 'Cruel Fate 2020']",2020-02-15,3478
10205,['Historical Archive/PD'],2018-06-18,2871
10206,"['Monsters', 'Places']",2013-05-17,1013
10207,"['Beings', 'Disappearances', 'Places', 'Nature']",2013-04-28,994
10208,['Places'],2013-01-29,905
10209,"['Mirrors', 'Demon/Devil']",2012-08-15,738
10210,"['Beings', 'Mirrors']",2013-10-30,1179
10211,"['Christmas', 'Disappearances']",2012-05-29,660
10212,"['Photography', 'Dismemberment']",2011-09-06,394
10213,"['Space', 'Weird', 'Lovecraftian', 'Beings', 'Dismemberment']",2016-04-03,2065
10214,"['Places', 'Disappearances']",2012-12-14,859
10215,"['Places', 'Beings']",2011-03-21,225
10216,"['Dreams/Sleep', 'Ritual', 'Places', 'Books', 'Disappearances']",2015-07-12,1799
10217,"['Monsters', 'Videos', 'Raidra']",2013-10-09,1158
10218,"['Theory', 'Reality']",2012-06-23,685
10219,"['Television', 'Lost Episodes']",2012-08-27,750
10220,['Beings'],2012-12-24,869
10221,['Science'],2017-05-14,2471
10222,"['Beings', 'Dreams/Sleep']",2015-01-10,1616
10223,"['Beings', 'Theory', 'Micropasta']",2011-12-12,491
10224,['Beings'],2013-11-29,1209
10225,"['Ghosts', 'Dismemberment']",2020-04-02,3525
10226,['Mental Illness'],2017-06-28,2516
10227,"['DFPC15', 'Beings', 'History']",2014-08-25,1478
10228,"['Monsters', 'Dreams/Sleep']",2011-12-21,500
10229,"['Demon/Devil', 'Items/Objects']",2012-07-24,716
10230,"['Mental Illness', 'Historical Archive', 'Micropasta']",2010-11-07,91
10231,"['Beings', 'Nature', 'MakRalston']",2023-05-26,4674
10232,"['Beings', 'Books', 'Disappearances', 'Dismemberment']",2021-05-24,3942
10233,"['Places', 'Animals', 'Science', 'Longpasta']",2021-02-04,3833
10234,"['Lovecraftian', 'Mental Illness', 'Science', 'Space']",2018-02-27,2760
10235,"['Beings', 'Computers and Internet', 'Mirrors']",2013-09-23,1142
10236,"['Reddit Pastas', 'Ghosts', 'Ritual', 'Places']",2017-10-04,2614
10237,"['Mental Illness', 'Beings']",2014-07-16,1438
10238,['Mental Illness'],2017-07-02,2520
10239,"['Diary/Journal', 'Ghosts', 'Longpasta']",2012-03-22,592
10240,['EAP'],2012-04-30,631
10241,['Mental Illness'],2015-04-24,1720
10242,"['Crime', 'Demon/Devil']",2013-09-08,1127
10243,"['Mental Illness', 'Places']",2013-05-13,1009
10244,"['DFPC15', 'Ghosts']",2014-07-24,1446
10245,"['Ghosts', 'Micropasta']",2011-03-24,228
10246,['HPL'],2012-04-07,608
10247,['Monsters'],2015-07-02,1789
10248,"['Places', 'Ghosts']",2013-01-09,885
10249,"['Videos', 'Items/Objects', 'Places']",2013-01-23,899
10250,"['Animals', 'Mental Illness', 'Weird']",2012-08-24,747
10251,"['Floyd Pinkerton', 'Ghosts']",2013-01-05,881
10252,"['Weird', 'Monsters', 'Places']",2018-08-06,2920
10253,"['Gods', 'Lovecraftian']",2020-04-17,3540
10254,"['Places', 'Beings']",2014-08-27,1480
10255,['Ghosts'],2014-08-08,1461
10256,"['TheDoctorFF', 'Beings', 'Poetry']",2016-12-28,2334
10257,"['Space', 'Beings', 'Dismemberment', 'Dreams/Sleep', 'Parlour']",2019-11-20,3391
10258,[],2015-02-10,1647
10259,"['Disappearances', 'Dismemberment', 'Mental Illness']",2013-10-25,1174
10260,"['Cryptids', 'Places']",2012-10-30,814
10261,"['Space', 'Videos', 'Shadowswimmer77']",2015-03-15,1680
10262,"['DFPC15', 'Disappearances', 'Demon/Devil', 'Ghosts']",2014-06-30,1422
10263,"['Beings', 'Computers and Internet', 'Mental Illness']",2017-02-05,2373
10264,"['2015 Creepypasta Freestyle Challenge/Finals', 'Contest Winner', 'Ghosts', 'HumboldtLycanthrope', 'Places', 'PotM', 'Crime', 'Suggested Reading']",2015-02-20,1657
10265,"['Beings', 'Computers and Internet']",2015-01-02,1608
10266,['Poetry'],2014-07-13,1435
10267,"['Dreams/Sleep', 'Science']",2014-01-13,1254
10268,['Monsters'],2013-06-20,1047
10269,"['Ghosts', 'Dismemberment']",2013-08-14,1102
10270,"['Mirrors', 'Disappearances']",2013-01-31,907
10271,"['Ghosts', 'Ritual', 'Places', 'Micropasta']",2013-10-18,1167
10272,"['DFPC15', 'Beings', 'Dreams/Sleep']",2014-08-11,1464
10273,"['Beings', 'Science', 'Micropasta']",2013-12-11,1221
10274,['Ritual'],2023-09-23,4794
10275,"['Killahawke1', 'Ritual', 'Videos']",2016-07-23,2176
10276,['Gods'],2014-11-15,1560
10277,['Places'],2018-08-08,2922
10278,"['Reality', 'History', 'Demon/Devil']",2014-05-08,1369
10279,"['Disappearances', 'Computers and Internet']",2020-01-12,3444
10280,"['Places', 'Beings', 'Micropasta']",2011-03-21,225
10281,"['Diary/Journal', 'Beings', 'Places', 'Longpasta']",2018-06-21,2874
10282,"['Disappearances', 'Space', 'Theory']",2014-05-09,1370
10283,"['Ghosts', 'Diary/Journal']",2018-03-11,2772
10284,"['Diary/Journal', 'Beings', 'Mental Illness', 'The Hooded Werewolf']",2014-03-08,1308
10285,"['Science', 'Space']",2012-05-14,645
10286,"['Lovecraftian', 'Science', 'Space']",2012-04-15,616
10287,"['Lovecraftian', 'Science', 'Space', 'AltLang', 'Reality']",2012-04-15,616
10288,['Gods'],2015-04-05,1701
10289,"['Ghosts', 'Mental Illness']",2013-03-25,960
10290,"['Monsters', 'Places']",2021-03-06,3863
10291,"['Places', 'Disappearances', 'Monsters']",2014-02-25,1297
10292,"['Dismemberment', 'Monsters']",2013-06-08,1035
10293,['Mental Illness'],2013-06-22,1049
10294,"['Monsters', 'Animals', 'NSFW', 'Dismemberment']",2013-10-19,1168
10295,"['Demon/Devil', 'Diary/Journal', 'Beings']",2013-08-15,1103
10296,['Poetry'],2023-02-22,4581
10297,['Military'],2014-06-22,1414
10298,['Dreams/Sleep'],2014-10-02,1516
10299,['Mental Illness'],2013-12-17,1227
10300,['Places'],2013-02-17,924
10301,['Beings'],2019-05-09,3196
10302,"['Demon/Devil', 'Space', 'Reality', 'History']",2012-02-23,564
10303,"['Beings', 'Disappearances']",2013-11-16,1196
10304,['Monsters'],2013-04-21,987
10305,"['Beings', 'Mmpratt99 deviantart']",2015-02-25,1662
10306,"['Beings', 'Animals', 'Disappearances', 'Nature']",2023-05-15,4663
10307,"['HPL', 'Videos', 'Monsters']",2012-03-30,600
10308,['Mental Illness'],2015-04-20,1716
10309,['Beings'],2013-02-18,925
10310,"['Disappearances', 'Television']",2017-02-05,2373
10311,"['Places', 'Demon/Devil', 'Reality']",2012-03-17,587
10312,"['Diary/Journal', 'Demon/Devil']",2018-02-27,2760
10313,"['Diary/Journal', 'Mental Illness', 'Dismemberment']",2013-09-30,1149
10314,"['Dreams/Sleep', 'Places']",2014-11-19,1564
10315,"['Beings', 'Lovecraftian', ""The Vesper's Bell"", 'Videos']",2020-06-17,3601
10316,"['Poetry', 'Monsters']",2012-05-14,645
10317,['Poetry'],2013-03-14,949
10318,"['Monsters', 'Television', ""The Vesper's Bell""]",2021-08-27,4037
10319,"['Items/Objects', 'Weird']",2015-05-20,1746
10320,"['Items/Objects', 'Monsters']",2011-05-30,295
10321,"['Weird', 'Beings', 'Mental Illness']",2015-03-08,1673
10322,"['Dismemberment', 'Micropasta']",2015-05-08,1734
10323,"['Beings', 'Killahawke1', 'Videos']",2016-12-09,2315
10324,"['Ritual', 'Beings']",2017-08-03,2552
10325,"['Historical Archive', 'Items/Objects', 'Ritual', 'Troll Pasta', 'Micropasta']",2011-04-21,256
10326,['Mental Illness'],2015-07-03,1790
10327,"['Ritual', 'Items/Objects']",2017-09-23,2603
10328,['Places'],2015-08-08,1826
10329,"['Photography', 'Dismemberment']",2012-08-09,732
10330,"['Beings', 'Dreams/Sleep']",2020-05-03,3556
10331,"['Ghosts', 'Micropasta']",2011-03-24,228
10332,"['Beings', 'Raidra']",2014-05-10,1371
10333,['Beings'],2013-11-08,1188
10334,"['Reality', 'Monsters']",2014-01-04,1245
10335,"['Dreams/Sleep', 'Mental Illness', 'Dismemberment']",2015-05-21,1747
10336,['Weird'],2020-07-14,3628
10337,"['Monsters', 'Places']",2014-11-05,1550
10338,"['Beings', 'Micropasta']",2012-11-27,842
10339,['Mental Illness'],2014-06-04,1396
10340,['AGB'],2018-07-10,2893
10341,"['Mental Illness', 'Dismemberment', 'Micropasta']",2012-10-31,815
10342,['Weird'],2013-04-01,967
10343,['EAP'],2012-04-30,631
10344,['Beings'],2012-09-29,783
10345,"['Reality', 'Weird']",2022-09-12,4418
10346,"['Music', 'Beings']",2013-11-03,1183
10347,['Mental Illness'],2011-03-24,228
10348,"['Computers and Internet', 'Monsters']",2013-04-03,969
10349,"['Mental Illness', 'Dismemberment']",2012-08-29,752
10350,"['Halloween', 'Mental Illness', 'Parlour']",2019-11-01,3372
10351,['Dreams/Sleep'],2015-05-22,1748
10352,['Beings'],2013-11-13,1193
10353,"['Demon/Devil', 'Dismemberment']",2014-09-21,1505
10354,"['Historical Archive/PD', 'Longpasta']",2018-07-06,2889
10355,"['Music', 'History', 'Gods', 'Places']",2012-01-06,516
10356,"['DFPC15', 'Animals']",2014-06-16,1408
10357,['Monsters'],2013-07-18,1075
10358,['Lost Episodes'],2012-10-15,799
10359,"['AGB', 'Items/Objects']",2012-06-13,675
10360,"['Dismemberment', 'Items/Objects']",2015-01-22,1628
10361,"['Historical Archive', 'Beings', 'Places', 'Ritual']",2010-08-17,9
10362,"['Historical Archive', 'Demon/Devil']",2010-12-10,124
10363,"['Dreams/Sleep', 'Beings']",2012-02-19,560
10364,"['Beings', 'Dreams/Sleep']",2014-07-15,1437
10365,['Monsters'],2012-01-04,514
10366,['Beings'],2014-06-26,1418
10367,"['Reality', 'Mental Illness', 'Dismemberment']",2013-05-31,1027
10368,['Beings'],2013-09-27,1146
10369,['Beings'],2013-07-14,1071
10370,"['Ritual', 'Beings']",2014-06-28,1420
10371,"['DFPC15', 'Beings']",2014-08-21,1474
10372,"['Reality', 'Dreams/Sleep', 'Monsters', 'Nature']",2023-10-06,4807
10373,['Items/Objects'],2013-07-08,1065
10374,"['Weird', 'Jdeschene']",2018-06-19,2872
10375,"['Places', 'Beings']",2012-05-28,659
10376,"['Historical Archive', 'Micropasta']",2010-08-16,8
10377,['Monsters'],2020-08-09,3654
10378,['Mirrors'],2014-02-22,1294
10379,['HPL'],2018-01-05,2707
10380,['EAP'],2012-04-30,631
10381,"[""The Vesper's Bell"", 'Monsters']",2020-12-12,3779
10382,"['Beings', 'Television']",2015-06-02,1759
10383,['Beings'],2013-07-29,1086
10384,"['Computers and Internet', 'Nature', 'Dreams/Sleep', 'Jdeschene']",2018-10-10,2985
10385,"['Ritual', 'Beings', 'Items/Objects']",2013-03-27,962
10386,"['Monsters', 'Places', 'Vehicles']",2014-09-12,1496
10387,['Mental Illness'],2013-06-27,1054
10388,"['Places', 'Ghosts']",2017-12-08,2679
10389,"['Places', 'Ghosts']",2011-10-03,421
10390,['Beings'],2014-01-18,1259
10391,"['Beings', 'Dismemberment']",2015-08-02,1820
10392,['Cryptids'],2012-02-26,567
10393,"['Shadowswimmer77', 'Reality', 'Liminal Spaces 2022', 'Disappearances', 'Theory']",2022-09-05,4411
10394,['Beings'],2017-08-18,2567
10395,['Mirrors'],2016-08-03,2187
10396,['Monsters'],2021-08-08,4018
10397,"['Items/Objects', 'Monsters']",2012-08-25,748
10398,['Beings'],2014-11-30,1575
10399,"['Beings', 'Disappearances', 'Items/Objects', 'Places']",2013-09-01,1120
10400,"['Places', 'Micropasta']",2012-09-23,777
10401,"['Diary/Journal', 'Dreams/Sleep', 'Items/Objects']",2012-04-01,602
10402,['Ghosts'],2014-01-09,1250
10403,"['Mental Illness', 'Micropasta']",2020-09-25,3701
10404,"['Mirrors', 'Beings', 'Dismemberment']",2013-01-05,881
10405,"['Space', 'Weird', 'Places', 'Micropasta']",2020-04-23,3546
10406,"['Ghosts', 'Mental Illness']",2014-10-13,1527
10407,"['Spotlighted Pastas', 'StalkerShrike', 'Places', 'Weird']",2023-06-25,4704
10408,['Historical Archive/PD'],2015-03-31,1696
10409,"['Items/Objects', 'Mental Illness']",2012-05-28,659
10410,['Beings'],2013-03-27,962
10411,['Places'],2012-05-18,649
10412,['Beings'],2014-07-03,1425
10413,['Demon/Devil'],2018-06-26,2879
10414,['Beings'],2014-07-14,1436
10415,['Beings'],2013-08-29,1117
10416,"['Diary/Journal', 'Dismemberment', 'Halloween', 'Historical Archive', 'Monsters']",2010-11-04,88
10417,"['Memes', 'Monsters', 'Nature']",2012-05-30,661
10418,"['History', 'Military', 'Monsters']",2017-06-04,2492
10419,"['Items/Objects', 'MakRalston', 'Mental Illness', 'Weird']",2021-08-25,4035
10420,"['Poetry', 'Historical Archive/PD']",2017-11-28,2669
10421,['EAP'],2011-07-02,328
10422,"['Diary/Journal', 'Disappearances']",2013-08-01,1089
10423,['Ghosts'],2011-07-03,329
10424,['Ritual'],2013-07-26,1083
10425,['Video Games'],2013-06-28,1055
10426,"['Mental Illness', 'Dismemberment', 'NSFW']",2012-05-16,647
10427,"['Mental Illness', 'Dismemberment']",2014-07-01,1423
10428,"['Dismemberment', 'Mental Illness']",2016-05-29,2121
10429,"['Dismemberment', 'Mental Illness']",2016-08-08,2192
10430,"['Books', 'Beings', 'Disappearances', 'Lovecraftian', 'Micropasta']",2011-01-27,172
10431,"['Beings', 'Disappearances', 'Longpasta']",2020-08-28,3673
10432,"['Historical Archive', 'Military', 'Dismemberment', 'History', 'Micropasta']",2010-08-17,9
10433,['Ghosts'],2012-11-25,840
10434,['Music'],2014-01-25,1266
10435,"['Cryptids', 'Books', 'Science', 'Videos', 'Raidra']",2014-03-14,1314
10436,"['Historical Archive', 'Memes', 'Items/Objects']",2011-03-20,224
10437,['Items/Objects'],2012-12-24,869
10438,"['Science', 'Items/Objects', 'Raidra', 'Longpasta']",2016-10-26,2271
10439,"['Beings', 'Nature', 'Places']",2011-08-01,358
10440,"['StalkerShrike', 'Beings']",2021-02-26,3855
10441,['Diary/Journal'],2014-07-30,1452
10442,"['Reality', 'Historical Archive', 'Micropasta']",2011-02-02,178
10443,"['HPL', 'Poetry']",2012-04-14,615
10444,"['Demon/Devil', 'Diary/Journal', 'Disappearances', 'Animals', 'Photography']",2014-04-09,1340
10445,['Science'],2014-01-07,1248
10446,"['AGB', 'Ghosts']",2012-06-03,665
10447,"['Ritual', 'Dreams/Sleep', 'Ghosts', 'Places', 'Diary/Journal']",2013-05-12,1008
10448,['Demon/Devil'],2013-07-29,1086
10449,"['Places', 'Mental Illness', 'History', 'Ritual']",2021-05-06,3924
10450,"['Ritual', 'Beings', 'Disappearances', 'Computers and Internet']",2013-08-28,1116
10451,['Beings'],2014-06-24,1416
10452,['Demon/Devil'],2020-06-11,3595
10453,"['Weird', 'Dismemberment', 'Reality', 'Mental Illness']",2014-11-02,1547
10454,['Theory'],2012-07-21,713
10455,['Monsters'],2013-05-15,1011
10456,['Mental Illness'],2013-10-21,1170
10457,"['Lovecraftian', 'Mental Illness']",2014-10-20,1534
10458,['Mental Illness'],2014-01-06,1247
10459,"['Disappearances', 'Diary/Journal', 'Mental Illness']",2017-07-02,2520
10460,"['Beings', 'Mental Illness', 'Places']",2020-10-05,3711
10461,"['Places', 'Beings']",2013-08-19,1107
10462,['Places'],2014-09-24,1508
10463,"['Nature', 'Cryptids', 'RTWC23']",2023-08-27,4767
10464,"['RedNovaTyrant', 'Ritual', 'Science', 'Weird', 'Videos']",2019-11-12,3383
10465,"['Cornconic', 'Mental Illness', 'NSFW', 'Vehicles']",2019-03-10,3136
10466,"['Mirrors', 'Items/Objects']",2014-07-14,1436
10467,"['Beings', 'Mirrors', 'Ritual']",2023-06-06,4685
10468,"['Items/Objects', 'Mirrors']",2013-04-09,975
10469,"['Mirrors', 'Beings', 'Dismemberment', 'Mental Illness', 'Halloween']",2013-09-30,1149
10470,"['Reality', 'Mirrors', 'Theory', 'Micropasta']",2013-04-28,994
10471,"['Mirrors', 'Ritual', 'Items/Objects']",2011-08-03,360
10472,"['Ghosts', 'Mirrors', 'Ritual', 'Places']",2015-09-12,1861
10473,"['Beings', 'Mirrors', 'Ritual', 'Videos', 'Micropasta']",2012-07-13,705
10474,"['Items/Objects', 'Beings', 'REH']",2013-03-06,941
10475,['Weird'],2023-05-16,4664
10476,"['Ritual', 'Reality', 'Micropasta']",2011-12-04,483
10477,"['Ghosts', 'Places', 'Micropasta']",2015-08-03,1821
10478,"['Mental Illness', 'Dismemberment']",2013-09-28,1147
10479,"['Beings', 'Places', 'Micropasta']",2011-04-17,252
10480,['Beings'],2017-05-17,2474
10481,"['Beings', 'Places']",2017-09-30,2610
10482,"['Mental Illness', 'Science']",2013-01-19,895
10483,"[""The Vesper's Bell"", 'Monsters', 'Videos']",2021-02-13,3842
10484,"['Dismemberment', 'Mental Illness', 'Diary/Journal']",2013-07-27,1084
10485,"['Ritual', 'Disappearances', 'Crime', 'Places', 'NSFW', 'Videos']",2024-02-09,4933
10486,['Ghosts'],2015-01-16,1622
10487,['Demon/Devil'],2015-04-14,1710
10488,['Ghosts'],2015-01-25,1631
10489,"['Animals', 'Weird']",2015-03-23,1688
10490,"['Suggested Reading', 'Historical Archive/PD']",2012-02-07,548
10491,['Demon/Devil'],2013-06-04,1031
10492,"['Beings', 'Disappearances']",2017-03-12,2408
10493,"['Animals', 'Nature', 'Beings']",2013-06-17,1044
10494,['Monsters'],2018-04-19,2811
10495,['Beings'],2017-04-25,2452
10496,"['Animals', 'Ghosts']",2015-10-17,1896
10497,"['Monsters', 'Lovecraftian', 'Disappearances']",2016-07-22,2175
10498,"['Monsters', 'Dismemberment', 'Places']",2014-04-23,1354
10499,"['Monsters', 'Poetry']",2018-11-01,3007
10500,"['Monsters', 'Dismemberment', 'Weird']",2017-08-06,2555
10501,"['Science', 'Diary/Journal', 'Demon/Devil']",2014-08-06,1459
10502,['Monsters'],2014-05-03,1364
10503,['Beings'],2014-09-19,1503
10504,"['Beings', 'Mental Illness', 'NSFW', 'VerminGoat']",2019-01-22,3089
10505,"['Dreams/Sleep', 'Ritual']",2015-10-12,1891
10506,['HPL'],2012-03-31,601
10507,['Beings'],2014-05-10,1371
10508,['Weird'],2015-01-17,1623
10509,"['Beings', 'Space']",2019-06-06,3224
10510,"['Beings', 'Weird']",2023-07-10,4719
10511,"['Lovecraftian', 'Dismemberment', 'Reality', 'Beings']",2018-05-27,2849
10512,"['Disappearances', 'Dreams/Sleep']",2015-06-03,1760
10513,"['Items/Objects', 'Mental Illness', 'Places', 'REH', 'Longpasta']",2017-08-15,2564
10514,['Places'],2016-06-08,2131
10515,['Mental Illness'],2011-12-23,502
10516,"['AGB', 'Ghosts']",2012-05-21,652
10517,"['Beings', 'Disappearances', 'Nature', 'Places']",2013-08-16,1104
10518,"['Places', 'Items/Objects', 'History']",2013-01-29,905
10519,['Items/Objects'],2016-06-19,2142
10520,"['Reality', 'Demon/Devil', 'Gods']",2023-07-03,4712
10521,"['Places', 'Reality']",2014-09-19,1503
10522,"['Gods', 'Disappearances', 'Places']",2021-12-25,4157
10523,"['Beings', 'Weird']",2023-03-29,4616
10524,['Mental Illness'],2013-10-30,1179
10525,"['Historical Archive', 'Computers and Internet', 'Ritual', 'Disappearances', 'Photography', 'Micropasta']",2010-11-12,96
10526,"['Nature', 'Suggested Reading']",2012-09-28,782
10527,"['Mental Illness', 'Beings', 'Reality']",2011-08-19,376
10528,"['Mental Illness', 'Reality']",2013-09-23,1142
10529,"['Animals', 'Nature', 'Monsters']",2013-07-16,1073
10530,"['Beings', 'Places', 'Reality']",2011-12-08,487
10531,"['HPL', 'Longpasta']",2018-01-05,2707
10532,['Weird'],2019-09-04,3314
10533,"['Mental Illness', 'Places']",2013-06-03,1030
10534,['Military'],2013-04-04,970
10535,"['Disappearances', 'History', 'Nature', 'Places', 'Diary/Journal']",2014-05-29,1390
10536,"['Nature', 'Monsters', 'Mental Illness', 'Poetry', 'Parlour', 'Places']",2018-04-20,2812
10537,['Demon/Devil'],2015-10-27,1906
10538,"['Animals', 'CPWDemonDevil2015', 'Demon/Devil', 'Mmpratt99 deviantart']",2015-06-25,1782
10539,"['Places', 'Ritual', 'Dismemberment', 'Items/Objects']",2011-04-23,258
10540,['Beings'],2011-07-10,336
10541,"['Reality', 'Ghosts', 'Places']",2011-12-11,490
10542,"['Items/Objects', 'Beings']",2013-12-03,1213
10543,"['Ghosts', 'Places', 'Reality']",2014-08-20,1473
10544,"['Historical Archive/PD', 'Longpasta']",2018-06-26,2879
10545,"['Ghosts', 'Places', 'Items/Objects', 'Dreams/Sleep']",2018-08-06,2920
10546,['Items/Objects'],2013-06-09,1036
10547,"['Diary/Journal', 'Beings']",2014-08-22,1475
10548,"['EAP', 'Longpasta']",2012-04-30,631
10549,['Beings'],2020-08-18,3663
10550,"['Animals', 'Beings']",2013-08-16,1104
10551,"['Places', 'Mirrors']",2013-10-08,1157
10552,"['Beings', 'Items/Objects', 'Disappearances', 'Music']",2012-01-06,516
10553,"['Monsters', 'Music', 'Dreams/Sleep', 'Micropasta']",2014-05-26,1387
10554,"['Music', 'Mental Illness']",2014-11-27,1572
10555,"['Beings', 'HumboldtLycanthrope', 'Music']",2015-03-12,1677
10556,"['Beings', 'Items/Objects', 'Ritual']",2015-05-30,1756
10557,['Ghosts'],2013-02-02,909
10558,"['Music', 'Raidra', 'Reality', 'Wheel of Misfortune 2022']",2022-04-10,4263
10559,"['HPL', 'Music', 'Monsters']",2012-03-31,601
10560,"['Historical Archive', 'Dreams/Sleep', 'Ritual', 'Beings']",2010-08-17,9
10561,"['Beings', 'Mental Illness']",2016-02-09,2011
10562,['Mental Illness'],2021-10-27,4098
10563,"['Dismemberment', 'Diary/Journal']",2020-11-07,3744
10564,"['Historical Archive/PD', 'Longpasta']",2019-11-18,3389
10565,"['Dismemberment', 'NSFW', 'Beings']",2013-04-24,990
10566,"['Appealed Spinoffs', 'Video Games', 'Memes']",2014-05-30,1391
10567,"['Items/Objects', 'Beings']",2021-11-09,4111
10568,"['Places', 'Disappearances', 'Monsters']",2012-02-25,566
10569,"['Places', 'Cryptids', 'Disappearances', 'Ghosts']",2018-03-17,2778
10570,"['EAP', 'Longpasta']",2012-05-01,632
10571,"['Crime', 'Items/Objects']",2018-08-18,2932
10572,['Historical Archive/PD'],2018-06-26,2879
10573,"['Reddit Pastas', 'Lovecraftian', 'Beings', 'Reality', 'Mental Illness']",2017-08-29,2578
10574,"['HPL', 'Places']",2012-03-31,601
10575,"['Historical Archive/PD', 'Lovecraftian']",2017-11-28,2669
10576,['Dreams/Sleep'],2017-07-04,2522
10577,['Animals'],2017-08-24,2573
10578,['Demon/Devil'],2017-11-29,2670
10579,['Mental Illness'],2014-09-07,1491
10580,"['Places', 'Mental Illness', 'Disappearances', 'Beings']",2015-06-17,1774
10581,"['EAP', 'Diary/Journal', 'Places', 'Dismemberment', 'Disappearances', 'Longpasta']",2017-11-09,2650
10582,"['Computers and Internet', 'Mental Illness', 'Beings']",2013-10-29,1178
10583,['Demon/Devil'],2013-04-22,988
10584,"['Beings', 'Doom Vroom', 'Dreams/Sleep', 'Theory', 'Videos', 'Micropasta']",2015-04-23,1719
10585,"['Dreams/Sleep', 'Mental Illness', 'Demon/Devil', 'Diary/Journal']",2013-08-01,1089
10586,"['Monsters', 'Christmas', 'Videos', 'RedNovaTyrant']",2018-12-02,3038
10587,['Reality'],2013-05-11,1007
10588,"['Beings', 'Dismemberment']",2017-06-23,2511
10589,"['Books', 'Disappearances', 'Monsters', 'Ritual']",2013-03-01,936
10590,"['Ghosts', 'Poetry']",2014-02-13,1285
10591,"['Items/Objects', 'Raidra', 'Micropasta']",2013-09-19,1138
10592,"['Video Games', 'Theory']",2013-02-28,935
10593,['Items/Objects'],2013-04-10,976
10594,['Beings'],2014-03-15,1315
10595,"['Beings', 'Lovecraftian', 'Reality', 'Weird']",2020-09-25,3701
10596,"['Monsters', 'History', 'Dismemberment']",2012-09-05,759
10597,"['Reality', 'Items/Objects']",2013-06-24,1051
10598,"['Places', 'Reality', 'Historical Archive', 'Vehicles', 'Disappearances', 'Micropasta']",2010-08-20,12
10599,['Items/Objects'],2013-05-12,1008
10600,['Places'],2013-06-23,1050
10601,['Reality'],2012-09-29,783
10602,"['Disappearances', 'Historical Archive', 'Micropasta']",2011-04-21,256
10603,"['Crime', 'Weird']",2013-10-24,1173
10604,['Video Games'],2013-03-16,951
10605,"['Places', 'Mental Illness']",2013-12-05,1215
10606,"['Space', 'Places']",2012-09-26,780
10607,['Diary/Journal'],2012-05-09,640
10608,"['Ghosts', 'Places']",2012-06-22,684
10609,"['Mental Illness', 'Dismemberment']",2012-07-23,715
10610,"['AGB', 'Ghosts']",2012-05-31,662
10611,['Beings'],2014-07-20,1442
10612,"['Computers and Internet', 'Dreams/Sleep']",2013-03-26,961
10613,['Monsters'],2014-09-16,1500
10614,"['Reality', 'Dreams/Sleep', 'Beings', 'Space', 'Theory', 'Science']",2012-07-12,704
10615,"['Theory', 'Demon/Devil']",2014-05-15,1376
10616,['Beings'],2016-05-04,2096
10617,"['Beings', 'Items/Objects', 'Dreams/Sleep', 'Reality']",2012-06-08,670
10618,['Television'],2015-01-07,1613
10619,"['HPL', 'Longpasta']",2018-01-05,2707
10620,['Mental Illness'],2017-09-23,2603
10621,"['Weird', 'Places', 'Beings', 'Vehicles']",2015-07-02,1789
10622,"['Dismemberment', 'Monsters']",2017-11-25,2666
10623,"['Beings', 'Places']",2013-05-02,998
10624,"['Monsters', 'Dreams/Sleep']",2013-04-28,994
10625,"['Beings', 'Nature', 'Places', 'Dreams/Sleep', 'Monsters']",2021-01-31,3829
10626,"['Places', 'Ghosts']",2014-11-10,1555
10627,"['Suggested Reading', 'Historical Archive/PD']",2011-03-20,224
10628,"['Dreams/Sleep', 'PotM', 'Reality', 'Theory']",2021-05-12,3930
10629,['Monsters'],2012-05-21,652
10630,"['Cryptids', 'Videos']",2013-09-25,1144
10631,"['Beings', 'Diary/Journal']",2013-09-08,1127
10632,"['Diary/Journal', 'Mental Illness', 'Animals']",2021-11-04,4106
10633,"['Dreams/Sleep', 'Reality', 'Diary/Journal']",2012-04-01,602
10634,['Dismemberment'],2021-08-16,4026
10635,"['Diary/Journal', 'Dreams/Sleep', 'Mental Illness']",2018-07-17,2900
10636,['Dreams/Sleep'],2013-08-21,1109
10637,"['Demon/Devil', 'Dreams/Sleep']",2014-06-08,1400
10638,"['Ghosts', 'Hospitals', 'Mental Illness']",2012-09-28,782
10639,"['Dreams/Sleep', 'Beings', 'Lovecraftian']",2014-03-07,1307
10640,['Dreams/Sleep'],2011-11-12,461
10641,"['Mental Illness', 'Dreams/Sleep', 'Demon/Devil']",2015-06-05,1762
10642,"['Beings', 'Disappearances', 'Micropasta']",2022-05-12,4295
10643,"['Gods', 'History']",2016-12-29,2335
10644,"['Animals', 'Demon/Devil', 'Poetry']",2012-04-06,607
10645,"['RTWC23', 'Reality', 'Mental Illness', 'Animals', 'Computers and Internet', 'ExRwood']",2023-08-28,4768
10646,['Ghosts'],2018-06-12,2865
10647,"['Monsters', 'Dreams/Sleep']",2013-09-08,1127
10648,"['DFPC15', 'Monsters']",2012-07-15,707
10649,['Beings'],2014-06-03,1395
10650,"['Photography', 'Items/Objects']",2012-12-24,869
10651,['Mental Illness'],2017-03-08,2404
10652,"['Places', 'Beings']",2016-06-07,2130
10653,['Beings'],2012-12-10,855
10654,"['Items/Objects', 'Micropasta']",2011-06-13,309
10655,['Weird'],2020-08-13,3658
10656,"['Books', 'Disappearances']",2014-09-13,1497
10657,"['Diary/Journal', 'Videos']",2011-11-09,458
10658,['Mental Illness'],2015-02-21,1658
10659,"['Demon/Devil', 'Diary/Journal', 'Dreams/Sleep', 'History', 'HumboldtLycanthrope', 'Places', 'PotM', 'Ritual', 'CPWDemonDevil2015', 'Longpasta']",2015-07-10,1797
10660,"['Beings', 'Dreams/Sleep', 'Mental Illness']",2016-04-29,2091
10661,['Beings'],2013-11-01,1181
10662,"['Mental Illness', 'Monsters']",2013-07-19,1076
10663,"['Nature', 'Monsters', 'Places', 'Disappearances']",2012-12-08,853
10664,"['Beings', 'Places']",2016-01-19,1990
10665,['EAP'],2012-05-01,632
10666,"['Beings', 'Diary/Journal', 'Memes']",2013-08-19,1107
10667,"['Ritual', 'Beings']",2013-11-05,1185
10668,"['Beings', 'Disappearances']",2013-02-14,921
10669,['Dreams/Sleep'],2013-08-25,1113
10670,"['Beings', 'Mental Illness', 'Places']",2014-08-19,1472
10671,['Demon/Devil'],2013-06-24,1051
10672,['Diary/Journal'],2019-01-18,3085
10673,"['Items/Objects', 'Beings']",2012-02-29,570
10674,['Weird'],2023-08-07,4747
10675,"['Beings', 'Theory', 'Micropasta']",2012-06-19,681
10676,['Monsters'],2013-04-25,991
10677,"['Beings', 'Items/Objects']",2016-05-29,2121
10678,"['Places', 'Dismemberment', 'Beings']",2015-08-09,1827
10679,"['Monsters', 'Places', 'PotM', 'Suggested Reading']",2018-05-17,2839
10680,"['Beings', 'History', 'Places', 'Ritual']",2013-08-19,1107
10681,"['Ghosts', 'Mmpratt99 deviantart', 'Places']",2015-03-11,1676
10682,"['Historical Archive', 'Places', 'Hospitals', 'Weird', 'Micropasta']",2010-09-26,49
10683,"['Historical Archive', 'Ritual', 'Places', 'Demon/Devil', 'Dreams/Sleep', 'Micropasta']",2010-12-28,142
10684,['Places'],2013-04-04,970
10685,['Ghosts'],2012-05-15,646
10686,"['History', 'Lovecraftian', 'Poetry', 'Science']",2019-06-02,3220
10687,['Disappearances'],2020-11-29,3766
10688,"['L0CKED334', 'Beings', 'Videos', 'Nature']",2018-09-14,2959
10689,['Beings'],2012-04-29,630
10690,"['Diary/Journal', 'Mirrors']",2013-02-12,919
10691,"['Demon/Devil', 'Reality', 'Videos']",2013-10-22,1171
10692,"['Science', 'Places']",2013-09-11,1130
10693,"['Historical Archive/PD', 'Videos', 'Longpasta']",2018-05-13,2835
10694,['Photography'],2013-05-31,1027
10695,['Demon/Devil'],2015-08-12,1830
10696,"['Places', 'Demon/Devil']",2015-01-12,1618
10697,"['Ghosts', 'Items/Objects', 'Dreams/Sleep', 'Television']",2011-07-17,343
10698,['Demon/Devil'],2013-04-04,970
10699,['Ghosts'],2012-04-10,611
10700,"['Ghosts', 'Mental Illness']",2013-10-23,1172
10701,"['Beings', 'Space', 'Theory', 'Science', 'Gods']",2011-07-18,344
10702,"['Weird', 'Jdeschene']",2020-07-28,3642
10703,"['Liminal Spaces 2022', 'Glisario', 'Dismemberment']",2022-09-04,4410
10704,"['Lovecraftian', 'Ritual', 'Reddit Pastas', 'Gods']",2022-01-11,4174
10705,['Mental Illness'],2014-02-23,1295
10706,"['Dismemberment', 'Mental Illness']",2013-09-08,1127
10707,"['Reality', 'The Hooded Werewolf']",2014-09-29,1513
10708,"['Ritual', 'Demon/Devil']",2017-01-07,2344
10709,['Beings'],2015-08-02,1820
10710,['Demon/Devil'],2012-05-19,650
10711,['Beings'],2020-10-28,3734
10712,"['Beings', 'Reality']",2012-04-08,609
10713,"['Dreams/Sleep', 'Reality', 'Beings', 'Micropasta']",2011-03-20,224
10714,"['Reality', 'Space', 'Beings', 'Theory']",2012-11-30,845
10715,"['Books', 'Beings', 'Dismemberment']",2013-07-24,1081
10716,"['Dreams/Sleep', 'Mental Illness']",2013-10-06,1155
10717,"['Dreams/Sleep', 'Items/Objects']",2012-06-08,670
10718,"['NSFW', 'Dreams/Sleep']",2013-12-11,1221
10719,['Places'],2012-07-09,701
10720,"['Vehicles', 'Parlour']",2018-04-20,2812
10721,['Animals'],2012-06-04,666
10722,"['Hospitals', 'Reality']",2014-02-03,1275
10723,['Items/Objects'],2012-01-22,532
10724,['Mental Illness'],2018-09-29,2974
10725,"['Demon/Devil', 'Reality']",2017-10-24,2634
10726,"['Historical Archive', 'Dreams/Sleep', 'Beings', 'Micropasta']",2011-03-20,224
10727,"['Beings', 'Disappearances', 'Books', 'Shadowswimmer77']",2016-12-17,2323
10728,"['Dismemberment', 'Crime', 'Gods', 'Shadowswimmer77']",2016-12-02,2308
10729,"['Monsters', 'Science', 'Shadowswimmer77']",2016-11-14,2290
10730,"['Reality', 'Mental Illness']",2013-04-01,967
10731,"['Theory', 'Items/Objects', 'History']",2014-01-10,1251
10732,['Beings'],2014-03-27,1327
10733,"['Science', 'Reality']",2014-06-24,1416
10734,"['Animals', 'Beings']",2017-10-23,2633
10735,"['HPL', 'Gods']",2012-04-01,602
10736,"['Dreams/Sleep', 'Ghosts', 'Micropasta']",2013-12-27,1237
10737,"['Computers and Internet', 'Reality']",2014-08-24,1477
10738,"['Beings', 'Dismemberment']",2013-11-21,1201
10739,['Reality'],2014-10-04,1518
10740,"['Mirrors', 'Beings']",2019-09-05,3315
10741,"['Monsters', 'Reality']",2016-03-09,2040
10742,"['Beings', 'Theory']",2012-06-19,681
10743,"['Reality', 'Mental Illness', 'Ghosts', 'Items/Objects']",2010-08-16,8
10744,"['Items/Objects', 'Ghosts', 'Reality']",2012-03-15,585
10745,"['Lovecraftian', 'Monsters', 'We Go Bump 3']",2014-12-04,1579
10746,"['Lovecraftian', 'Gods', 'Dismemberment', 'We Go Bump 3']",2015-01-02,1608
10747,"['Dreams/Sleep', 'Reality']",2014-09-24,1508
10748,['Weird'],2015-03-11,1676
10749,['Mental Illness'],2013-06-21,1048
10750,"['HPL', 'Poetry']",2018-01-05,2707
10751,['Mental Illness'],2015-06-23,1780
10752,['HPL'],2012-03-22,592
10753,"['Monsters', 'Places']",2012-12-13,858
10754,['EAP'],2012-05-01,632
10755,['Lovecraftian'],2017-05-01,2458
10756,"['Reality', 'Television', 'Ghosts']",2011-04-18,253
10757,['PokéMon'],2013-01-27,903
10758,['Beings'],2016-09-13,2228
10759,"['Animals', 'Disappearances']",2013-08-18,1106
10760,"['DFPC15', 'Animals', 'Beings']",2014-08-07,1460
10761,['Diary/Journal'],2012-12-07,852
10762,"['Mental Illness', 'Science', 'Disappearances']",2018-01-25,2727
10763,"['Items/Objects', 'Disappearances']",2017-08-20,2569
10764,['Items/Objects'],2011-09-17,405
10765,"['History', 'Mental Illness', 'Micropasta']",2013-12-21,1231
10766,"['Lovecraftian', 'Disappearances']",2016-09-10,2225
10767,"['Beings', 'Dismemberment', 'Animals']",2019-05-06,3193
10768,['Beings'],2012-02-18,559
10769,"['Items/Objects', 'Lovecraftian', 'Mental Illness', 'We Go Bump 3']",2014-12-25,1600
10770,"['Disappearances', 'Mental Illness', 'Reddit Pastas']",2015-01-24,1630
10771,"['Dreams/Sleep', 'Disappearances', 'Places']",2012-01-25,535
10772,"['Dreams/Sleep', 'Reality', 'Monsters']",2013-10-14,1163
10773,"['Dreams/Sleep', 'Ghosts']",2013-01-27,903
10774,"['Science', 'Beings']",2011-08-18,375
10775,"['Science', 'Disappearances']",2015-06-30,1787
10776,"['Items/Objects', 'Science', 'Micropasta']",2011-04-22,257
10777,"['Demon/Devil', 'Mental Illness', 'Places']",2014-10-27,1541
10778,['Beings'],2011-12-09,488
10779,['Disappearances'],2013-09-17,1136
10780,['Beings'],2013-10-29,1178
10781,"['Beings', 'Mental Illness']",2015-02-11,1648
10782,"['Beings', 'Dismemberment']",2014-01-23,1264
10783,"['Mental Illness', 'Theory', 'Monsters', 'Gods']",2012-07-28,720
10784,"['Beings', 'Disappearances', 'Places', 'Nature', 'Micropasta']",2012-06-30,692
10785,"['Demon/Devil', 'Music']",2011-12-07,486
10786,['Video Games'],2012-10-14,798
10787,"['Items/Objects', 'Monsters', 'Micropasta']",2011-03-20,224
10788,"['HPL', 'Poetry']",2012-04-15,616
10789,['Mental Illness'],2011-03-24,228
10790,"['Demon/Devil', 'Science']",2016-05-21,2113
10791,['NSFW'],2018-02-01,2734
10792,['Items/Objects'],2013-01-25,901
10793,"['Mental Illness', 'Micropasta']",2014-06-14,1406
10794,"['Items/Objects', 'Historical Archive', 'Micropasta']",2011-03-11,215
10795,"['Music', 'Theory']",2014-09-15,1499
10796,['Demon/Devil'],2012-01-07,517
10797,"['Beings', 'Diary/Journal', 'Disappearances', 'Dismemberment']",2013-07-23,1080
10798,['Dreams/Sleep'],2013-12-08,1218
10799,"['Reality', 'Mental Illness', 'NSFW']",2010-12-03,117
10800,['Ghosts'],2013-04-22,988
10801,['Mental Illness'],2013-09-12,1131
10802,"['Science', 'Computers and Internet']",2012-11-09,824
10803,"['Dismemberment', 'Mental Illness']",2020-09-08,3684
10804,"['NSFW', 'Icydice', 'Mental Illness', 'Dismemberment']",2022-02-28,4222
10805,"['Mental Illness', 'Dismemberment']",2015-02-08,1645
10806,"['Weird', 'Dismemberment']",2022-06-23,4337
10807,['Video Games'],2011-09-15,403
10808,"['Demon/Devil', 'Mental Illness', 'Weird']",2013-09-08,1127
10809,"['Diary/Journal', 'Disappearances']",2012-07-24,716
10810,"['Beings', 'Mental Illness']",2014-10-25,1539
10811,['Mental Illness'],2014-06-03,1395
10812,"['Space', 'Animals']",2014-12-07,1582
10813,['Ghosts'],2013-05-26,1022
10814,"['Monsters', 'Places', 'Reddit Pastas', 'Items/Objects']",2019-10-21,3361
10815,"['Dismemberment', 'Dreams/Sleep', 'Monsters', 'Micropasta']",2020-04-27,3550
10816,"['Floyd Pinkerton', 'Beings']",2017-06-03,2491
10817,"['Ghosts', 'Places', 'Disappearances', 'We Go Bump 3']",2014-11-20,1565
10818,"['Historical Archive/PD', 'Longpasta']",2018-08-25,2939
10819,"['REH', 'Longpasta']",2013-03-14,949
10820,"['Monsters', 'Items/Objects', 'Dismemberment']",2014-05-18,1379
10821,['Beings'],2014-05-27,1388
10822,"['Disappearances', 'Photography', 'Micropasta']",2011-07-02,328
10823,"['Photography', 'Nature', 'Historical Archive', 'Micropasta']",2010-08-16,8
10824,"['Beings', 'Items/Objects', 'Photography', 'Micropasta']",2012-10-27,811
10825,"['Military', 'Demon/Devil']",2012-03-04,574
10826,"['Dismemberment', 'Monsters', 'Science']",2015-03-31,1696
10827,"['Items/Objects', 'Music']",2012-01-01,511
10828,"['Items/Objects', 'Music']",2012-07-21,713
10829,"['Music', 'Beings']",2014-07-03,1425
10830,['Music'],2021-05-26,3944
10831,"['Music', 'Diary/Journal', 'Demon/Devil']",2022-11-25,4492
10832,"['Items/Objects', 'Beings', 'Music']",2021-11-06,4108
10833,"['Beings', 'Mental Illness', 'Music']",2013-06-07,1034
10834,"['Ghosts', 'Items/Objects', 'Music']",2013-03-12,947
10835,['Diary/Journal'],2013-07-19,1076
10836,"['NSFW', 'Dismemberment']",2015-07-16,1803
10837,['Mental Illness'],2014-03-08,1308
10838,['Items/Objects'],2013-01-04,880
10839,['HPL'],2012-04-01,602
10840,"['Historical Archive/PD', 'Longpasta']",2017-10-17,2627
10841,"['Places', 'Photography']",2014-02-26,1298
10842,"['Ghosts', 'Items/Objects']",2018-02-26,2759
10843,"['History', 'Reality']",2015-11-27,1937
10844,"['Nature', 'Poetry']",2015-08-13,1831
10845,"['Beings', 'Dismemberment', 'Weird']",2022-10-29,4465
10846,['Animals'],2016-07-21,2174
10847,"['Mental Illness', 'Dreams/Sleep', 'Diary/Journal']",2015-06-23,1780
10848,"['Monsters', 'Items/Objects', 'Science', 'PotM', 'Historical Archive', 'Suggested Reading']",2011-06-12,308
10849,['Items/Objects'],2012-02-22,563
10850,['Diary/Journal'],2012-04-18,619
10851,['Beings'],2013-01-28,904
10852,"['Monsters', 'Weird']",2013-11-19,1199
10853,"['Disappearances', 'Mental Illness', 'Music', 'Places', 'Dreams/Sleep']",2014-07-05,1427
10854,"['Places', 'Dismemberment', 'Disappearances']",2016-02-15,2017
10855,"['Places', 'Disappearances', 'Beings']",2012-03-22,592
10856,"['EAP', 'Videos']",2011-07-03,329
10857,['Theory'],2014-03-20,1320
10858,['Theory'],2013-07-19,1076
10859,"['Beings', 'Dismemberment', 'Mental Illness']",2014-05-24,1385
10860,['Historical Archive/PD'],2015-10-05,1884
10861,['Animals'],2013-04-04,970
10862,"['Places', 'Television']",2012-11-04,819
10863,['Mental Illness'],2013-07-08,1065
10864,['Ghosts'],2013-09-24,1143
10865,"['Science', 'Weird']",2021-04-21,3909
10866,"['Items/Objects', 'Weird', 'Micropasta']",2021-01-19,3817
10867,"['HPL', 'Poetry']",2012-04-15,616
10868,"['Mental Illness', 'Weird']",2013-07-07,1064
10869,"['HPL', 'Poetry']",2018-01-05,2707
10870,['Ritual'],2013-12-12,1222
10871,"['Books', 'Beings']",2013-02-22,929
10872,['Mental Illness'],2014-01-13,1254
10873,"['Beings', 'Micropasta']",2013-10-29,1178
10874,"['Diary/Journal', 'Nature', 'Reality', 'Cornconic', 'Videos']",2019-08-26,3305
10875,"['Mental Illness', 'NSFW', 'Items/Objects', 'Longpasta']",2017-04-05,2432
10876,"['Items/Objects', 'Beings', 'Micropasta']",2012-09-28,782
10877,['Beings'],2015-02-26,1663
10878,"['Crime', 'Computers and Internet', 'Fairly7Local']",2019-02-21,3119
10879,"['Beings', 'Places']",2015-01-02,1608
10880,"['Nature', 'Places', 'Gods']",2018-09-27,2972
10881,"['Lovecraftian', 'Monsters']",2017-07-03,2521
10882,"['Historical Archive', 'Suggested Reading', 'Micropasta', 'Weird']",2010-08-17,9
10883,"['Items/Objects', 'Mirrors']",2013-08-09,1097
10884,"['Demon/Devil', 'Reality']",2015-07-02,1789
10885,"['Demon/Devil', 'History', 'Reality']",2022-03-16,4238
10886,"['Ritual', 'Beings', 'Places']",2011-03-21,225
10887,['Ritual'],2015-02-20,1657
10888,"['Beings', 'Places']",2015-06-29,1786
10889,['EAP'],2012-05-01,632
10890,['EAP'],2012-05-01,632
10891,"['Beings', 'Dreams/Sleep']",2013-09-09,1128
10892,"['GreyOwl', 'Beings', 'Reality', 'Videos']",2014-08-30,1483
10893,"['Historical Archive', 'Reality', 'History', 'Micropasta']",2011-02-28,204
10894,"[""The Vesper's Bell"", 'Beings']",2021-01-10,3808
10895,"['Mental Illness', 'Reality', 'Dismemberment']",2015-05-03,1729
10896,"['Theory', 'Reality', 'Space']",2012-04-21,622
10897,"['Beings', 'Lovecraftian', 'PotM', 'Ritual']",2021-02-09,3838
10898,"['Animals', 'Disappearances']",2017-02-06,2374
10899,"['Mental Illness', 'Ghosts']",2014-07-24,1446
10900,"['Diary/Journal', 'Mental Illness', 'Disappearances']",2013-05-18,1014
10901,"['Dismemberment', 'Mental Illness']",2013-10-11,1160
10902,['Beings'],2013-11-04,1184
10903,['Items/Objects'],2013-02-11,918
10904,"['Mental Illness', 'Vehicles']",2012-09-17,771
10905,"['History', 'Historical Archive', 'Lovecraftian', 'Books', 'Monsters']",2010-11-07,91
10906,['Demon/Devil'],2012-04-24,625
10907,"['Places', 'Ritual', 'Micropasta']",2011-03-21,225
10908,['Beings'],2014-03-24,1324
10909,"['Reality', 'Dreams/Sleep', 'Beings', 'We Go Bump']",2012-10-28,812
10910,['Diary/Journal'],2013-05-14,1010
10911,"['Vehicles', 'Places']",2015-07-02,1789
10912,"['Mental Illness', 'Theory', 'Reality']",2017-06-01,2489
10913,['Mental Illness'],2014-10-26,1540
10914,['Monsters'],2012-03-01,571
10915,"['Gods', 'Halloween']",2018-09-25,2970
10916,"['Items/Objects', 'Reality', 'Beings', 'Historical Archive']",2011-03-23,227
10917,"['Beings', 'Items/Objects', 'Poetry']",2019-09-20,3330
10918,['Weird'],2014-09-30,1514
10919,['Items/Objects'],2013-08-25,1113
10920,"['History', 'Weird', 'PotM', 'Music']",2012-04-01,602
10921,"['History', 'Mental Illness', 'NSFW']",2013-01-13,889
10922,"['Music', 'Mental Illness']",2013-09-29,1148
10923,['Mental Illness'],2013-06-28,1055
10924,"['Dismemberment', 'Mental Illness']",2013-08-14,1102
10925,['Ghosts'],2013-07-27,1084
10926,['EAP'],2012-05-01,632
10927,"['Demon/Devil', 'Items/Objects']",2014-09-09,1493
10928,"['Beings', 'Reality']",2013-11-23,1203
10929,"['Floyd Pinkerton', 'Monsters']",2016-01-28,1999
10930,"['Items/Objects', 'Mental Illness', 'Videos', 'Micropasta']",2012-07-23,715
10931,['Demon/Devil'],2012-06-03,665
10932,['Demon/Devil'],2016-12-02,2308
10933,"['Ritual', 'Beings']",2014-06-10,1402
10934,"['Science', 'Reality']",2011-12-11,490
10935,"['Reddit Pastas', 'Monsters', 'Places']",2019-06-08,3226
10936,"['EmpyrealInvective', 'Science', 'Videos', 'Longpasta']",2014-10-31,1545
10937,"['Beings', 'Military']",2015-03-12,1677
10938,"['Disappearances', 'Dismemberment', 'Monsters', 'DrBobSmith']",2018-07-08,2891
10939,['HPL'],2012-04-03,604
10940,"['Vehicles', 'Beings', 'Mental Illness', 'Parlour']",2019-11-12,3383
10941,"['L0CKED334', 'Places', 'Ghosts']",2018-10-03,2978
10942,"['Nature', 'Reddit Pastas']",2016-04-15,2077
10943,"['TheDoctorFF', 'Space', 'Beings', 'Lovecraftian']",2016-12-04,2310
10944,"['Appealed Stories', 'GreyOwl', 'Monsters', 'Dismemberment', 'Videos', 'Reality']",2014-08-09,1462
10945,"['GreyOwl', 'Monsters', 'Dismemberment']",2014-08-22,1475
10946,['Ritual'],2017-04-17,2444
10947,['Beings'],2012-03-08,578
10948,"['Mental Illness', 'Crime', 'Dismemberment', 'Disappearances']",2011-11-14,463
10949,"['Places', 'Ghosts', 'Vehicles', 'Micropasta']",2010-08-09,1
10950,"['Spotlighted Pastas', 'Photography', 'Computers and Internet', 'Nature', 'Weird']",2023-08-06,4746
10951,"['Beings', 'Diary/Journal', 'Memes', 'Disappearances']",2011-11-09,458
10952,"['Dismemberment', 'Mental Illness']",2012-04-17,618
10953,['Beings'],2014-05-20,1381
10954,['Historical Archive/PD'],2017-11-28,2669
10955,"['Cryptids', 'Diary/Journal', 'Memes', 'Historical Archive', 'Suggested Reading']",2010-08-08,0
10956,['Places'],2013-06-08,1035
10957,"['Diary/Journal', 'Gods']",2014-06-30,1422
10958,"['DoctorBleed', 'Cryptids']",2017-07-08,2526
10959,"['Animals', 'Weird', 'Micropasta']",2015-01-18,1624
10960,"['HPL', 'Videos']",2013-02-05,912
10961,"['Monsters', 'Disappearances']",2020-07-22,3636
10962,"['Poetry', 'Suggested Reading']",2012-03-22,592
10963,"['Animals', 'Ritual', 'Historical Archive', 'Micropasta']",2014-04-11,1342
10964,"['Beings', 'Cryptids', 'Dismemberment', 'Monsters']",2023-04-21,4639
10965,"['Computers and Internet', 'Mental Illness', 'Weird']",2013-01-11,887
10966,['Items/Objects'],2013-12-14,1224
10967,"['Dreams/Sleep', 'Places']",2012-01-31,541
10968,"['Monsters', 'Mental Illness', 'Historical Archive', 'Micropasta']",2010-11-04,88
10969,"['Theory', 'History', 'Computers and Internet', 'Demon/Devil']",2012-12-21,866
10970,"['Theory', 'Monsters', 'Reality', 'Micropasta']",2013-04-23,989
10971,"['Mental Illness', 'Dreams/Sleep']",2021-03-01,3858
10972,"['Beings', 'Reality', 'Dreams/Sleep']",2015-06-04,1761
10973,"['AGB', 'Reality']",2012-06-05,667
10974,['Ghosts'],2013-12-11,1221
10975,"['Beings', 'Places', 'Theory', 'Micropasta']",2011-04-21,256
10976,"['Poetry', 'Ritual', 'Monsters']",2013-08-13,1101
10977,"['Mental Illness', 'Dismemberment', 'Space']",2012-07-02,694
10978,"['Videos', 'Historical Archive/PD']",2018-08-14,2928
10979,"['Diary/Journal', 'Ghosts', 'Items/Objects', 'Photography']",2011-06-22,318
10980,['Items/Objects'],2015-05-20,1746
10981,"['Reality', 'Demon/Devil']",2013-11-27,1207
10982,"['Dismemberment', 'Crime']",2012-11-05,820
10983,"['DFPC15', 'Mental Illness']",2014-08-20,1473
10984,['Items/Objects'],2012-04-16,617
10985,['Demon/Devil'],2012-09-13,767
10986,"['Diary/Journal', 'Ghosts', 'Items/Objects']",2014-04-07,1338
10987,['Monsters'],2014-08-04,1457
10988,"['Beings', 'Dreams/Sleep', 'The Hooded Werewolf']",2012-05-08,639
10989,['Reddit Pastas'],2020-04-29,3552
10990,"['Items/Objects', 'Space']",2018-03-20,2781
10991,"['Mental Illness', 'Weird']",2015-06-14,1771
10992,['Demon/Devil'],2012-05-29,660
10993,"['Animals', 'Mental Illness']",2022-08-20,4395
10994,"['Places', 'Dismemberment']",2012-10-06,790
10995,"['Mental Illness', 'Crime']",2014-05-27,1388
10996,['Computers and Internet'],2011-06-02,298
10997,['Mental Illness'],2013-05-07,1003
10998,['Places'],2017-05-02,2459
10999,['Monsters'],2013-04-08,974
11000,['Monsters'],2016-04-22,2084
11001,"['Beings', 'Dreams/Sleep', 'Items/Objects', 'Places']",2021-04-05,3893
11002,"['Mental Illness', 'History']",2014-06-06,1398
11003,['Beings'],2013-03-27,962
11004,"['Beings', 'Mirrors', 'Mental Illness']",2014-07-28,1450
11005,"['Beings', 'Reality']",2014-01-14,1255
11006,['Mirrors'],2012-11-07,822
11007,['Beings'],2013-03-19,954
11008,"['Mirrors', 'Reality', 'Micropasta']",2013-11-17,1197
11009,"['Appealed Stories', 'Beings']",2015-01-19,1625
11010,"['Crime', 'Places', 'Beings', 'Weird']",2019-07-22,3270
11011,"['Demon/Devil', 'Dismemberment', 'Dourdan', 'Longpasta']",2018-06-23,2876
11012,['Places'],2017-01-25,2362
11013,"['Computers and Internet', 'Diary/Journal', 'Disappearances', 'Longpasta']",2023-04-20,4638
11014,"['Mental Illness', 'Dismemberment', 'Diary/Journal', 'NSFW']",2014-10-23,1537
11015,"['Items/Objects', 'Places', 'Disappearances']",2014-08-15,1468
11016,"['Science', 'Theory']",2011-11-03,452
11017,"['Weird', 'Television', 'Jdeschene']",2020-06-19,3603
11018,"['Weird', 'Kolpik', 'Videos']",2020-08-06,3651
11019,"['Videos', 'Dismemberment', 'Disappearances']",2018-06-11,2864
11020,['Historical Archive/PD'],2018-07-11,2894
11021,"['Dreams/Sleep', 'Places']",2013-01-22,898
11022,"['Beings', 'Disappearances', 'Reality', 'CPWSong2015']",2015-06-10,1767
11023,['Disappearances'],2012-12-02,847
11024,['Beings'],2014-05-19,1380
11025,['Vehicles'],2017-01-28,2365
11026,['Beings'],2013-05-10,1006
11027,"['Ghosts', 'Items/Objects', 'Micropasta']",2011-02-17,193
11028,"['Mental Illness', 'Items/Objects']",2013-12-20,1230
11029,"['Reality', 'Science', 'Ritual']",2010-10-01,54
11030,"['NSFW', 'Places', 'Beings', 'Longpasta']",2023-06-23,4702
11031,['Beings'],2012-11-09,824
11032,"['Mirrors', 'Mental Illness']",2018-09-03,2948
11033,"['DrBobSmith', 'Military', 'Ritual']",2018-09-10,2955
11034,['Ritual'],2017-03-11,2407
11035,"['Ritual', 'Beings']",2018-08-16,2930
11036,"['Mental Illness', 'Places']",2012-11-22,837
11037,"['Beings', 'Crime', 'Vehicles']",2019-02-01,3099
11038,"['Beings', 'Places', 'History']",2016-09-17,2232
11039,"['Places', 'Vehicles']",2015-06-18,1775
11040,['Beings'],2016-09-17,2232
11041,"['CertainShadows', 'Dreams/Sleep', 'Monsters', 'Videos']",2020-07-28,3642
11042,"['Animals', 'Places']",2012-05-19,650
11043,"['PotM', 'Suggested Reading', 'Beings', 'Computers and Internet', 'Dismemberment']",2016-05-21,2113
11044,['Historical Archive/PD'],2018-05-19,2841
11045,"['DFPC15', 'Monsters', 'Places', 'Nature']",2014-08-03,1456
11046,"['Noctevoire', 'Beings', 'Places']",2021-03-30,3887
11047,['Beings'],2014-06-01,1393
11048,"['Places', 'Disappearances', 'Micropasta']",2010-11-29,113
11049,"['Places', 'Beings']",2013-11-28,1208
11050,"['Suggested Reading', 'Historical Archive/PD']",2012-05-17,648
11051,"['Items/Objects', 'Ghosts']",2012-06-21,683
11052,['Dreams/Sleep'],2014-05-31,1392
11053,"['Appealed Stories', 'Poetry', 'Mental Illness']",2015-05-22,1748
11054,"['StalkerShrike', 'Mental Illness', 'Disappearances']",2023-02-19,4578
11055,['Mental Illness'],2012-11-14,829
11056,['Dreams/Sleep'],2013-04-05,971
11057,"['Beings', 'Nature', 'Places', 'Ritual']",2013-07-16,1073
11058,['Ghosts'],2014-04-27,1358
11059,"['GreyOwl', 'Beings']",2014-05-29,1390
11060,"['Monsters', 'RCainTales']",2020-02-07,3470
11061,"['HPL', 'Poetry']",2012-04-15,616
11062,"['Theory', 'MakRalston', 'Mental Illness', 'Military', 'Science', 'Space', 'History']",2021-08-30,4040
11063,['Monsters'],2020-04-13,3536
11064,['Places'],2015-02-27,1664
11065,"['Weird', 'Items/Objects']",2021-04-27,3915
11066,"['L0CKED334', 'Nature', 'Music', 'Places', 'Reality', 'Dreams/Sleep', 'Mental Illness']",2019-05-23,3210
11067,"['Theory', 'Mental Illness', 'Television', 'Memes', 'Historical Archive']",2011-10-31,449
11068,['Ritual'],2013-04-11,977
11069,"['Beings', 'Ritual']",2012-07-09,701
11070,"['Places', 'Items/Objects', 'Beings', 'Vehicles']",2010-12-08,122
11071,['Dreams/Sleep'],2012-03-17,587
11072,"['Ghosts', 'Micropasta']",2012-08-16,739
11073,['Beings'],2020-08-11,3656
11074,"['Historical Archive', 'Dreams/Sleep', 'Science', 'History', 'Military', 'Memes', 'PotM', 'Beings', 'Mental Illness']",2010-08-16,8
11075,['Items/Objects'],2012-05-28,659
11076,['Items/Objects'],2013-02-16,923
11077,"['HPL', 'Poetry']",2018-01-05,2707
11078,"['Historical Archive', 'Beings', 'Memes', 'Science']",2024-02-09,4933
11079,"['Items/Objects', 'Reddit Pastas']",2019-07-12,3260
11080,['Beings'],2015-08-02,1820
11081,"['Mental Illness', 'Diary/Journal', 'Micropasta']",2015-07-29,1816
11082,['History'],2012-05-16,647
11083,"['Ritual', 'Photography', 'Items/Objects']",2011-07-02,328
11084,['Beings'],2012-10-19,803
11085,"['Dismemberment', 'Places', 'Diary/Journal']",2012-02-24,565
11086,"['Ghosts', 'Ritual', 'Mental Illness', 'Places', 'We Go Bump 3']",2014-09-22,1506
11087,"['Mental Illness', 'Dismemberment']",2011-07-02,328
11088,"['Mental Illness', 'Micropasta']",2013-11-14,1194
11089,['Dreams/Sleep'],2014-08-23,1476
11090,"['Beings', 'Places']",2014-01-22,1263
11091,"['Reality', 'Micropasta']",2014-12-20,1595
11092,"['Beings', 'Memes', 'Mental Illness', 'PotM', 'Suggested Reading', 'Dreams/Sleep']",2014-01-08,1249
11093,"['Beings', 'Books', 'Dreams/Sleep', 'MakRalston', 'Weird']",2021-08-22,4032
11094,"['Dreams/Sleep', 'Mental Illness']",2013-07-13,1070
11095,"['Beings', 'Poetry']",2017-06-06,2494
11096,['Mental Illness'],2012-11-23,838
11097,"['Places', 'Monsters', 'Mental Illness', 'Historical Archive']",2011-10-28,446
11098,"['Reality', 'Jollytime Murderfest 2016', 'Christmas']",2016-12-16,2322
11099,['Ghosts'],2012-11-12,827
11100,"['Weird', 'Gomez Capulet']",2015-04-15,1711
11101,"['Items/Objects', 'Military', 'Banned In CP', 'History', 'Ghosts']",2016-09-30,2245
11102,"['Items/Objects', 'Historical Archive', 'Micropasta']",2010-11-04,88
11103,"['Disappearances', 'History', 'Crime']",2017-10-03,2613
11104,"['Weird', 'NSFW']",2018-07-08,2891
11105,"['Lost Episodes', 'Videos']",2011-09-17,405
11106,"['Places', 'NSFW', 'Reddit Pastas']",2016-01-10,1981
11107,"['Ghosts', 'Micropasta']",2013-03-26,961
11108,"['EmpyrealInvective', 'Reality']",2014-02-04,1276
11109,"['Video Games', 'Troll Pasta']",2011-03-24,228
11110,['Mental Illness'],2014-06-23,1415
11111,['Ghosts'],2011-11-06,455
11112,"['Weird', 'Beings', 'Vehicles', 'Micropasta']",2020-11-01,3738
11113,['Places'],2013-09-10,1129
11114,"['Animals', 'Dreams/Sleep', 'Ghosts', 'Mental Illness']",2013-12-07,1217
11115,['Science'],2016-04-11,2073
11116,"['Monsters', 'Science', 'Mental Illness']",2013-01-03,879
11117,"['Science', 'Mental Illness']",2015-06-26,1783
11118,"['Dreams/Sleep', 'Beings']",2016-05-30,2122
11119,"['Ritual', 'Animals']",2013-05-17,1013
11120,"['Military', 'Science', 'Disappearances', 'History']",2015-02-17,1654
11121,"['Places', 'Reality']",2013-12-06,1216
11122,"['Beings', 'Micropasta']",2013-02-10,917
11123,"['Tiololo', 'Mental Illness', 'Cryptids']",2015-07-06,1793
11124,['Beings'],2015-05-25,1751
11125,['Monsters'],2013-11-13,1193
11126,['Demon/Devil'],2013-10-27,1176
11127,"['Mental Illness', 'Items/Objects', 'Videos', 'Dreams/Sleep']",2012-08-16,739
11128,"['Beings', 'Computers and Internet']",2020-11-14,3751
11129,"['Beings', 'Nature']",2013-01-16,892
11130,['Monsters'],2013-05-28,1024
11131,['Items/Objects'],2022-01-08,4171
11132,"['Ghosts', 'Items/Objects', 'Longpasta']",2012-03-25,595
11133,"['Mental Illness', 'Demon/Devil', 'Nature']",2012-07-05,697
11134,"['Reality', 'Videos']",2013-08-21,1109
11135,['Historical Archive/PD'],2018-08-14,2928
11136,"['Ghosts', 'Reality']",2014-05-24,1385
11137,"['Diary/Journal', 'Beings']",2013-01-06,882
11138,['Monsters'],2014-01-26,1267
11139,['Places'],2013-05-09,1005
11140,"['Ghosts', 'Diary/Journal', 'Mmpratt99 deviantart']",2020-12-15,3782
11141,"['Disappearances', 'Places']",2023-06-14,4693
11142,['Beings'],2014-05-08,1369
11143,"['Animals', 'Space']",2014-06-20,1412
11144,"['Ghosts', 'Items/Objects', 'TheWizardOfTheWoods']",2018-07-31,2914
11145,"['Historical Archive/PD', 'Poetry']",2018-05-09,2831
11146,['Disappearances'],2012-01-26,536
11147,"['Items/Objects', 'Reality']",2013-01-17,893
11148,['Ghosts'],2013-02-25,932
11149,"['Places', 'Computers and Internet', 'Gods']",2015-09-02,1851
11150,['Demon/Devil'],2013-03-17,952
11151,"['AGB', 'Ghosts']",2012-05-19,650
11152,"['Places', 'Nature']",2018-06-26,2879
11153,"['Beings', 'Places']",2015-08-09,1827
11154,"['Appealed Stories', 'Computers and Internet']",2014-01-27,1268
11155,"['Mirrors', 'Theory', 'Reality', 'Micropasta']",2012-06-29,691
11156,"['Ritual', 'Reality', 'Beings']",2011-07-12,338
11157,"['Monsters', ""The Vesper's Bell"", 'Videos']",2021-01-31,3829
11158,"['Places', 'Monsters', 'Crime']",2013-03-11,946
11159,"['Demon/Devil', 'Computers and Internet']",2012-06-11,673
11160,"['Historical Archive', 'Ritual', 'Gods', 'Lovecraftian']",2011-04-23,258
11161,"['Beings', 'Lovecraftian']",2020-06-20,3604
11162,"['Dreams/Sleep', 'Science']",2012-04-08,609
11163,"['Items/Objects', 'Demon/Devil']",2014-05-06,1367
11164,"['Mental Illness', 'Beings', 'Dismemberment', 'Disappearances']",2011-06-25,321
11165,"['Music', 'Items/Objects', 'Mental Illness', 'Dreams/Sleep', 'Demon/Devil', 'We Go Bump', 'Longpasta']",2012-05-14,645
11166,"['Places', 'Dismemberment']",2013-08-05,1093
11167,"['Ritual', 'Demon/Devil']",2018-06-12,2865
11168,"['Historical Archive', 'Ritual', 'Places', 'Nature', 'Micropasta']",2011-03-20,224
11169,"['Science', 'Mental Illness']",2014-06-06,1398
11170,"['Beings', 'Places']",2013-08-31,1119
11171,"['Mental Illness', 'Beings']",2013-02-18,925
11172,"['Ritual', 'Places', 'Dismemberment']",2013-04-03,969
11173,"['Photography', 'Nature', 'Places']",2013-08-25,1113
11174,['Diary/Journal'],2013-02-25,932
11175,"['Beings', 'Mental Illness']",2016-11-23,2299
11176,['Beings'],2013-07-10,1067
11177,"['Places', 'Micropasta']",2012-10-12,796
11178,['Monsters'],2011-01-22,167
11179,"['Dreams/Sleep', 'Beings']",2015-07-03,1790
11180,"['Beings', 'Computers and Internet', 'Ritual']",2014-08-23,1476
11181,"['Demon/Devil', 'Dismemberment', 'Longpasta']",2015-01-12,1618
11182,"['Cryptids', 'Animals']",2017-01-06,2343
11183,['Beings'],2013-06-16,1043
11184,"['HPL', 'Longpasta']",2012-04-09,610
11185,"['Beings', 'Dreams/Sleep', 'HPL', 'Longpasta']",2012-03-21,591
11186,"['Monsters', 'Disappearances']",2015-03-01,1666
11187,"['Theory', 'Micropasta']",2013-11-25,1205
11188,"['Vehicles', 'Beings', 'Mirrors', 'Micropasta']",2017-01-26,2363
11189,"['MLycantrope', 'Poetry']",2021-11-25,4127
11190,['Disappearances'],2013-09-22,1141
11191,['Demon/Devil'],2012-07-13,705
11192,['Beings'],2013-11-13,1193
11193,"['Mental Illness', 'Beings', 'Reality']",2020-06-20,3604
11194,"['Ritual', 'Beings', 'Mental Illness', 'Dismemberment']",2015-06-08,1765
11195,"['Dreams/Sleep', 'Beings']",2013-05-05,1001
11196,"['Ghosts', 'Ritual']",2012-02-18,559
11197,"['Beings', 'Places']",2018-10-29,3004
11198,"['Beings', 'Dismemberment']",2013-03-31,966
11199,['Ghosts'],2012-05-11,642
11200,"['Dismemberment', 'Mental Illness', 'Places']",2013-08-03,1091
11201,"['Beings', 'Mental Illness']",2013-05-27,1023
11202,"['Demon/Devil', 'Diary/Journal', 'Places', 'Longpasta']",2012-08-03,726
11203,['Items/Objects'],2013-05-20,1016
11204,"['Computers and Internet', 'Reality', 'History', 'Disappearances', 'Items/Objects', 'Historical Archive']",2010-11-09,93
11205,"['Mirrors', 'Mental Illness', 'Reality', 'Videos', 'RedNovaTyrant']",2018-06-27,2880
11206,"['Weird', 'Ritual', 'Summer Creative Writing 2016']",2016-07-15,2168
11207,"['Monsters', 'Space']",2019-02-05,3103
11208,"['Mental Illness', 'Dismemberment']",2013-04-04,970
11209,"['Appealed Stories', 'Dismemberment', 'Science', 'Lovecraftian', 'Monsters', 'Diary/Journal', 'The Hooded Werewolf']",2014-02-20,1292
11210,"['Items/Objects', 'Monsters', 'Nature']",2010-12-07,121
11211,"['Disappearances', 'Beings', 'Items/Objects']",2013-09-20,1139
11212,['Mental Illness'],2013-06-25,1052
11213,"['Reality', 'Mental Illness']",2012-10-27,811
11214,['Mental Illness'],2015-06-20,1777
11215,"['Beings', 'Weird', 'Micropasta']",2015-08-11,1829
11216,"['Beings', 'Videos']",2013-05-13,1009
11217,"['Places', 'PotM', 'Suggested Reading', 'Longpasta']",2013-01-29,905
11218,"['Computers and Internet', 'Demon/Devil', 'Diary/Journal', 'Items/Objects', 'Spotlighted Pastas', 'Dreams/Sleep', 'Reality', 'Longpasta']",2015-05-22,1748
11219,['Monsters'],2012-07-18,710
11220,['Monsters'],2014-11-18,1563
11221,"['HPL', 'Videos', 'Longpasta']",2012-04-09,610
11222,"['Dreams/Sleep', 'Ghosts']",2014-10-01,1515
11223,['Beings'],2012-10-30,814
11224,"['Disappearances', 'Dismemberment', 'Places']",2015-07-25,1812
11225,"['Places', 'Monsters']",2014-01-04,1245
11226,"['Beings', 'Disappearances']",2013-06-21,1048
11227,"['Places', 'Ghosts']",2018-02-12,2745
11228,['Ghosts'],2015-03-17,1682
11229,"['Dreams/Sleep', 'Dismemberment']",2015-04-06,1702
11230,['Diary/Journal'],2015-04-19,1715
11231,['Mental Illness'],2015-04-01,1697
11232,"['Places', 'Beings']",2013-09-22,1141
11233,['Historical Archive/PD'],2014-03-31,1331
11234,"['Science', 'Space', 'Monsters', 'Military']",2020-05-06,3559
11235,['Beings'],2016-06-07,2130
11236,['Monsters'],2014-05-10,1371
11237,['Science'],2013-05-01,997
11238,"['Ghosts', 'Mmpratt99 deviantart', 'Places', 'Videos', 'We Go Bump 3']",2012-03-19,589
11239,"['Items/Objects', 'Dismemberment', 'Animals']",2015-05-02,1728
11240,"['Dreams/Sleep', 'Places', 'Mental Illness']",2014-12-21,1596
11241,['Places'],2013-12-15,1225
11242,"['Dreams/Sleep', 'Videos']",2013-02-23,930
11243,"['Music', 'Mental Illness']",2013-06-18,1045
11244,['Demon/Devil'],2014-07-02,1424
11245,['Ghosts'],2013-07-15,1072
11246,"['Animals', 'Beings']",2014-06-29,1421
11247,['Beings'],2015-08-02,1820
11248,"['History', 'Ghosts', 'Micropasta']",2013-01-05,881
11249,['Video Games'],2014-10-15,1529
11250,"['History', 'Ghosts', 'Military', 'Disappearances']",2012-11-13,828
11251,"['Animals', 'Diary/Journal']",2013-08-16,1104
11252,['HPL'],2012-04-04,605
11253,"['Nature', 'Places', 'Reality', 'Videos']",2020-10-14,3720
11254,['Beings'],2016-01-08,1979
11255,"['Diary/Journal', 'Video Games', 'Historical Archive']",2012-03-18,588
11256,['Video Games'],2012-02-24,565
11257,"['Beings', 'Items/Objects', 'Nature']",2011-08-09,366
11258,"['Poetry', 'Beings', 'Nature', 'Places', 'EtherBot']",2018-10-03,2978
11259,"[""The Vesper's Bell""]",2024-01-07,4900
11260,"['Beings', 'Diary/Journal']",2013-12-06,1216
11261,"['Beings', 'Mental Illness']",2012-06-14,676
11262,"['Diary/Journal', 'Crime']",2015-04-20,1716
11263,"['Lovecraftian', 'Mental Illness', 'Gods']",2020-11-09,3746
11264,['Items/Objects'],2013-07-26,1083
11265,"['Ghosts', 'History']",2013-12-02,1212
11266,"['Cryptids', 'Historical Archive', 'Suggested Reading']",2013-01-26,902
11267,"['Places', 'Beings']",2012-08-12,735
11268,['Beings'],2017-01-20,2357
11269,"['Ritual', 'Historical Archive', 'Micropasta']",2011-04-21,256
11270,['Ghosts'],2020-01-30,3462
11271,"['Weird', 'Gods', 'Banned In CP']",2016-09-12,2227
11272,"['Beings', 'Diary/Journal']",2016-12-07,2313
11273,"['Diary/Journal', 'Mental Illness', 'Science']",2015-09-23,1872
11274,"['Items/Objects', 'Dismemberment', 'Ritual']",2012-01-18,528
11275,['Computers and Internet'],2012-03-31,601
11276,"['EAP', 'Poetry']",2017-10-24,2634
11277,['Beings'],2012-11-26,841
11278,"['Monsters', 'Dreams/Sleep']",2021-04-13,3901
11279,"['Beings', 'Disappearances', 'Memes', 'Historical Archive']",2011-04-27,262
11280,"['Beings', 'Memes']",2012-04-18,619
11281,['Monsters'],2014-08-06,1459
11282,"['Demon/Devil', 'Mental Illness', 'Vehicles']",2015-06-29,1786
11283,"['Ghosts', 'Ritual']",2012-11-06,821
11284,"['Ritual', 'Monsters']",2012-07-16,708
11285,['Mental Illness'],2014-09-02,1486
11286,['Computers and Internet'],2014-10-27,1541
11287,"['Ritual', 'Mirrors', 'Beings', 'Micropasta']",2014-03-21,1321
11288,"['Mental Illness', 'Memes']",2012-12-26,871
11289,"['Crime', 'Dismemberment', 'Mental Illness', 'Disappearances', 'Diary/Journal']",2015-02-04,1641
11290,['Mental Illness'],2015-03-05,1670
11291,"['Ritual', 'Places', 'Disappearances', 'Historical Archive', 'Nature', 'Micropasta']",2010-11-07,91
11292,"['Photography', 'Beings']",2013-12-10,1220
11293,['Ghosts'],2013-09-08,1127
11294,"['Dreams/Sleep', 'Beings']",2012-11-27,842
11295,['Places'],2013-04-21,987
11296,['Ritual'],2023-01-05,4533
11297,"['Beings', 'Diary/Journal']",2011-08-24,381
11298,"['Reality', 'Beings', 'Micropasta']",2013-04-10,976
11299,"['Reality', 'Diary/Journal', 'Beings']",2014-03-26,1326
11300,['Demon/Devil'],2012-07-20,712
11301,['Monsters'],2014-02-23,1295
11302,"['Items/Objects', 'Demon/Devil']",2011-10-31,449
11303,"['Beings', 'Mental Illness']",2013-12-08,1218
11304,"['Poetry', 'Nature', 'Tewahway']",2022-03-27,4249
11305,"['Historical Archive', 'Places', 'Ritual', 'Micropasta']",2010-11-01,85
11306,"['Historical Archive', 'Places', 'Ritual', 'Items/Objects', 'Reality', 'Micropasta']",2011-04-21,256
11307,"['Suggested Reading', 'Dismemberment', 'History', 'Military', 'Monsters', 'Shadowswimmer77', 'Videos', 'We Go Bump 3', 'Longpasta']",2015-02-24,1661
11308,"['Reality', 'Ghosts', 'Military']",2013-02-19,926
11309,['Mental Illness'],2013-08-23,1111
11310,['Mental Illness'],2015-03-20,1685
11311,"['Monsters', 'Reality', 'Beings']",2013-07-08,1065
11312,"['Beings', 'Music', 'CPWSong2015']",2015-06-12,1769
11313,"['Disappearances', 'Beings', 'Music', 'Historical Archive', 'Suggested Reading']",2011-03-24,228
11314,"['Music', 'Mental Illness']",2014-10-25,1539
11315,"['Items/Objects', 'Music', 'Ghosts']",2011-07-30,356
11316,"['Poetry', 'Ghosts', 'Dismemberment']",2018-02-11,2744
11317,['HPL'],2018-01-05,2707
11318,"['Demon/Devil', 'Ritual']",2014-01-14,1255
11319,"['Ritual', 'Space']",2015-01-23,1629
11320,"['Nature', 'Reality', 'Ritual']",2012-09-25,779
11321,['Dreams/Sleep'],2014-05-04,1365
11322,"['Beings', 'Weird', 'ExRwood']",2022-05-29,4312
11323,"['Science', 'Places']",2013-12-13,1223
11324,"['Animals', 'Mental Illness']",2014-06-25,1417
11325,['Ritual'],2016-05-16,2108
11326,"[""The Vesper's Bell""]",2023-09-16,4787
11327,"['Weird', 'Beings', 'Dismemberment']",2020-05-22,3575
11328,"['Gods', 'Ritual', 'Videos', 'Killahawke1']",2015-09-23,1872
11329,"['Diary/Journal', 'Science', 'Monsters']",2012-06-16,678
11330,"['Items/Objects', 'Places']",2011-10-19,437
11331,"['Diary/Journal', 'Monsters', 'Mental Illness']",2012-02-29,570
11332,"['Beings', 'Dismemberment', 'Micropasta']",2012-10-22,806
11333,['Beings'],2016-04-08,2070
11334,"['Reality', 'Disappearances']",2014-09-16,1500
11335,['Beings'],2017-03-20,2416
11336,['Science'],2014-07-26,1448
11337,"['Military', 'Science']",2014-06-10,1402
11338,"['EAP', 'Longpasta']",2012-05-01,632
11339,"['Ghosts', 'Mmpratt99 deviantart']",2017-08-16,2565
11340,"['Mental Illness', 'Weird']",2014-06-13,1405
11341,['EAP'],2012-05-01,632
11342,"['Crime', 'Animals']",2013-09-11,1130
11343,"['Crime', 'Diary/Journal', 'Beings']",2013-01-20,896
11344,"['HopelessNightOwl', 'Demon/Devil', 'Reality', 'Mental Illness', 'Television', 'Crime']",2018-09-10,2955
11345,"['Mental Illness', 'Animals']",2019-05-29,3216
11346,['Beings'],2013-11-01,1181
11347,"['TheDoctorFF', 'Beings']",2018-09-09,2954
11348,"['Weird', 'Demon/Devil']",2013-12-18,1228
11349,"['Beings', 'Weird']",2021-09-25,4066
11350,"['AGB', 'Places', 'Ghosts']",2017-09-13,2593
11351,"['Ghosts', 'Places']",2019-10-31,3371
11352,['Mental Illness'],2018-08-04,2918
11353,['Historical Archive/PD'],2018-06-16,2869
11354,"['Items/Objects', 'Killahawke1', 'Spotlighted Pastas', 'Videos', 'Gods']",2016-12-02,2308
11355,"['Places', 'Beings', 'Weird']",2018-08-15,2929
11356,"['Animals', 'Disappearances', 'Items/Objects']",2015-01-21,1627
11357,['Beings'],2013-06-20,1047
11358,"['Places', 'Spotlighted Pastas', 'Beings']",2012-02-28,569
11359,"['Beings', 'Places', 'Disappearances', 'Nature', 'Longpasta']",2015-09-09,1858
11360,"['Historical Archive', 'Mental Illness']",2010-11-04,88
11361,"['Spotlighted Pastas', 'Disappearances', 'Weird']",2023-10-06,4807
11362,"['Mental Illness', 'Poetry']",2012-08-09,732
11363,['Beings'],2012-10-06,790
11364,"['Places', 'Items/Objects', 'Ritual']",2015-01-25,1631
11365,"['Poetry', 'Historical Archive/PD']",2017-11-28,2669
11366,['Dreams/Sleep'],2012-05-15,646
11367,['Beings'],2012-02-23,564
11368,"['Beings', 'Space']",2017-11-23,2664
11369,"['Dreams/Sleep', 'Beings']",2013-03-09,944
11370,"['Monsters', 'Dismemberment']",2014-06-03,1395
11371,"['Weird', 'Gomez Capulet', 'Videos']",2018-03-08,2769
11372,['Beings'],2014-08-04,1457
11373,"['Diary/Journal', 'Mental Illness', 'Dismemberment', 'Demon/Devil', 'Longpasta']",2015-03-30,1695
11374,"['D. Compton Ambrose', 'Mental Illness', 'Military', 'Science', 'Vehicles']",2018-07-31,2914
11375,['HPL'],2012-04-04,605
11376,"['Television', 'Beings', 'Dismemberment']",2012-06-11,673
11377,"['Dismemberment', 'Mental Illness', 'Items/Objects']",2015-05-08,1734
11378,"['Beings', 'Items/Objects', 'Historical Archive', 'Micropasta']",2010-08-10,2
11379,"['Dreams/Sleep', 'Dismemberment', 'Items/Objects']",2013-03-07,942
11380,"['Places', 'Mental Illness']",2013-11-15,1195
11381,"['Places', 'Items/Objects', 'Mental Illness']",2015-07-10,1797
11382,"['Ghosts', 'Items/Objects']",2013-03-23,958
11383,"['Christmas', 'Kolpik', 'Videos']",2018-11-19,3025
11384,"['Monsters', 'Dismemberment', 'Beings']",2018-06-20,2873
11385,"['Historical Archive/PD', 'Poetry']",2018-07-06,2889
11386,['Items/Objects'],2016-02-18,2020
11387,"['Beings', 'Nature']",2014-07-08,1430
11388,"['Historical Archive', 'Beings', 'Ritual', 'Items/Objects', 'Micropasta']",2011-04-22,257
11389,"['Floyd Pinkerton', 'Ghosts', 'Places']",2018-04-27,2819
11390,"['Ritual', 'Items/Objects']",2023-07-30,4739
11391,['Dreams/Sleep'],2014-06-12,1404
11392,"['Weird', 'Places', 'Beings']",2021-10-13,4084
11393,"['Monsters', 'Nature', 'Television']",2014-03-08,1308
11394,"['Lovecraftian', 'Monsters', 'Nature']",2016-08-04,2188
11395,['Mental Illness'],2014-10-23,1537
11396,['Historical Archive/PD'],2018-08-13,2927
11397,['Diary/Journal'],2013-03-29,964
11398,['Places'],2013-10-28,1177
11399,"['Weird', 'Science', 'Dismemberment', 'Disappearances']",2018-01-19,2721
11400,"['Videos', 'Historical Archive/PD']",2018-08-14,2928
11401,"['Mental Illness', 'Weird']",2015-04-29,1725
11402,['Weird'],2012-09-29,783
11403,['Dismemberment'],2013-03-14,949
11404,['Reality'],2013-07-25,1082
11405,"['Disappearances', 'Dreams/Sleep', 'Ghosts']",2013-01-20,896
11406,['Demon/Devil'],2014-06-14,1406
11407,"['Demon/Devil', 'History']",2011-07-31,357
11408,"['Dreams/Sleep', 'Items/Objects']",2013-08-28,1116
11409,"['Mental Illness', 'Dreams/Sleep', 'Beings']",2013-05-15,1011
11410,"['StalkerShrike', 'Beings']",2021-04-26,3914
11411,"['Mental Illness', 'Dismemberment']",2013-12-24,1234
11412,"['Places', 'Monsters']",2011-06-28,324
11413,"['Disappearances', 'Dismemberment']",2020-07-17,3631
11414,"['Historical Archive/PD', 'Longpasta']",2017-09-21,2601
11415,"['Crime', 'History', 'Disappearances', 'Reality']",2012-05-20,651
11416,"['Items/Objects', 'Dreams/Sleep']",2012-02-10,551
11417,['Beings'],2021-01-09,3807
11418,['HPL'],2012-04-04,605
11419,"['Places', 'Beings', 'Mental Illness', 'Nature']",2016-04-18,2080
11420,['Demon/Devil'],2011-05-20,285
11421,"['Dreams/Sleep', 'Beings']",2012-07-24,716
11422,"['Places', 'Weird']",2023-08-22,4762
11423,['Weird'],2018-04-29,2821
11424,"['AGB', 'Ghosts']",2012-06-10,672
11425,"['Beings', 'Mental Illness']",2014-07-08,1430
11426,"['Ritual', 'Beings']",2014-10-29,1543
11427,"['Beings', 'Suggested Reading', 'Historical Archive']",2010-11-06,90
11428,"['PotM', 'Suggested Reading', 'Reddit Pastas', 'Reality', 'Diary/Journal', 'Computers and Internet', 'Beings']",2012-09-09,763
11429,['Animals'],2016-08-03,2187
11430,['HPL'],2012-04-04,605
11431,"['Ghosts', 'Places', 'Micropasta']",2014-12-17,1592
11432,['Historical Archive/PD'],2017-12-27,2698
11433,"['Reality', 'Weird']",2014-03-23,1323
11434,"['Historical Archive/PD', 'Longpasta']",2018-09-01,2946
11435,"['Places', 'Ghosts', 'Reality', 'Mental Illness']",2012-09-13,767
11436,"['Monsters', ""The Vesper's Bell""]",2023-03-25,4612
11437,"['Items/Objects', 'Dismemberment']",2018-08-10,2924
11438,"['Beings', 'Lovecraftian', 'Places']",2021-02-08,3837
11439,['Dismemberment'],2011-12-15,494
11440,['Reality'],2017-02-18,2386
11441,"['Dreams/Sleep', 'Places']",2013-04-22,988
11442,"['History', 'Historical Archive']",2010-11-07,91
11443,"['Reality', 'Photography']",2013-08-18,1106
11444,"['Computers and Internet', 'Mental Illness', 'NSFW']",2015-04-18,1714
11445,"['Beings', 'Items/Objects']",2015-05-12,1738
11446,['AGB'],2018-07-10,2893
11447,"['Reddit Pastas', 'Dismemberment', 'Places', 'Beings', 'Animals']",2015-07-14,1801
11448,"['Gods', 'Ritual']",2013-08-28,1116
11449,"['Banned In CP', 'Beings', 'Mental Illness', 'Nature', 'Ritual']",2018-08-30,2944
11450,"['Banned In CP', 'Beings', 'Mental Illness', 'Nature', 'Ritual']",2018-08-31,2945
11451,"['Banned In CP', 'Beings', 'Mental Illness', 'Nature', 'Ritual']",2018-08-31,2945
11452,"['Banned In CP', 'Beings', 'Mental Illness', 'Nature', 'Ritual']",2018-08-31,2945
11453,['Nature'],2012-06-30,692
11454,['Ritual'],2016-04-15,2077
11455,"['Dismemberment', 'Reality', 'NSFW']",2013-09-29,1148
11456,"['Monsters', 'Disappearances', 'Nature', 'Micropasta']",2014-06-22,1414
11457,['Ghosts'],2016-03-11,2042
11458,"['Science', 'History']",2013-05-28,1024
11459,"['Monsters', 'Places', ""The Vesper's Bell""]",2020-10-11,3717
11460,"['Gods', 'Dismemberment', 'Dreams/Sleep', 'Mental Illness']",2013-07-10,1067
11461,"['Mental Illness', 'Micropasta']",2011-11-06,455
11462,['Weird'],2012-01-25,535
11463,['Diary/Journal'],2021-10-16,4087
11464,['Video Games'],2013-05-09,1005
11465,['EAP'],2012-05-01,632
11466,"['Animals', 'Weird', 'NSFW']",2012-04-02,603
11467,"['Vehicles', 'Ghosts']",2018-06-05,2858
11468,"['Mental Illness', 'Monsters']",2013-06-13,1040
11469,['Longpasta'],2022-12-25,4522
11470,"['Lovecraftian', 'Beings', 'Places']",2021-03-25,3882
11471,"['Lovecraftian', 'Beings']",2021-03-27,3884
11472,"['Television', 'Ghosts', 'History', 'Theory', 'Items/Objects']",2012-12-27,872
11473,"['Monsters', 'Disappearances', 'Dismemberment']",2016-08-11,2195
11474,"['Dismemberment', 'Gods', 'Lovecraftian', 'Ritual', 'Spotlighted Pastas']",2012-04-16,617
11475,['Demon/Devil'],2022-08-19,4394
11476,"['Mental Illness', 'Items/Objects']",2015-01-30,1636
11477,['Mental Illness'],2013-03-24,959
11478,"['Dismemberment', 'Monsters']",2017-02-15,2383
11479,"['Beings', 'Memes']",2011-12-09,488
11480,"['Beings', 'Nature']",2020-08-20,3665
11481,['Memes'],2012-04-13,614
11482,"['Reality', 'Monsters']",2014-05-24,1385
11483,"['Animals', 'Mental Illness']",2012-09-15,769
11484,['Cryptids'],2018-08-18,2932
11485,"['CertainShadows', 'Dismemberment', 'Videos', 'Weird']",2020-04-15,3538
11486,"['Mental Illness', 'Reality', 'Disappearances', 'Dismemberment']",2018-05-24,2846
11487,"['Weird', 'Micropasta']",2011-03-20,224
11488,"['Wheel of Misfortune 2022', 'Dismemberment', 'Mental Illness']",2022-04-15,4268
11489,['Disappearances'],2017-02-27,2395
11490,"['Poetry', 'Mental Illness', 'Banned In CP']",2013-09-17,1136
11491,['Beings'],2013-10-08,1157
11492,"['Beings', 'Weird', 'Micropasta']",2012-07-24,716
11493,"['Beings', 'Mirrors', 'Dreams/Sleep']",2014-07-05,1427
11494,"['Television', 'Mental Illness']",2013-07-01,1058
11495,"['Television', 'Items/Objects']",2013-08-26,1114
11496,"['Mental Illness', 'EAP', 'Suggested Reading']",2011-07-03,329
11497,['HPL'],2012-04-04,605
11498,"['Lovecraftian', 'Gods', 'Places']",2017-01-31,2368
11499,['Ghosts'],2012-03-20,590
11500,['Demon/Devil'],2014-08-08,1461
11501,['Poetry'],2019-12-16,3417
11502,"['Computers and Internet', 'Weird']",2023-11-22,4854
11503,['Beings'],2013-05-31,1027
11504,"['Ghosts', 'HPL']",2012-03-24,594
11505,['Historical Archive/PD'],2019-11-18,3389
11506,['Reality'],2014-03-05,1305
11507,"['Ghosts', 'Ritual', 'Mental Illness', 'Dreams/Sleep', 'Longpasta']",2016-11-02,2278
11508,"['Military', 'Beings', 'History']",2014-05-24,1385
11509,"['Lovecraftian', 'Monsters']",2017-06-21,2509
11510,['Mental Illness'],2014-08-21,1474
11511,"['DFPC15', 'Demon/Devil', 'Reality', 'History']",2014-08-30,1483
11512,['Mental Illness'],2014-07-16,1438
11513,"['Historical Archive', 'Video Games', 'Memes']",2010-10-10,63
11514,"['Music', 'History', 'Mental Illness']",2013-10-15,1164
11515,"['Monsters', 'Places', 'Dismemberment']",2020-07-10,3624
11516,"['Animals', 'Mental Illness']",2021-12-14,4146
11517,['Beings'],2015-07-22,1809
11518,"['Mental Illness', 'Beings']",2018-08-22,2936
11519,['Cryptids'],2012-10-30,814
11520,"['Monsters', 'Suggested Reading', 'Historical Archive', 'Nature', 'Places']",2011-01-02,147
11521,['Beings'],2014-11-06,1551
11522,['AGB'],2018-07-10,2893
11523,['Lovecraftian'],2013-03-17,952
11524,"['Monsters', 'Dreams/Sleep', 'Micropasta']",2012-04-27,628
11525,"['Beings', 'Disappearances']",2014-09-21,1505
11526,['Beings'],2012-10-29,813
11527,"['Beings', 'Diary/Journal', 'Lovecraftian']",2012-04-14,615
11528,['Historical Archive/PD'],2012-09-07,761
11529,"['Monsters', 'Historical Archive', 'Animals', 'Nature']",2011-07-02,328
11530,['Beings'],2014-06-05,1397
11531,"['Historical Archive', 'Beings']",2010-08-17,9
11532,"['Beings', 'Diary/Journal', 'Mental Illness']",2012-02-04,545
11533,"['HPL', 'Mental Illness', 'Beings', 'Videos', 'Longpasta']",2012-04-05,606
11534,"['Beings', 'Television']",2015-08-30,1848
11535,"['Computers and Internet', 'Monsters']",2012-12-04,849
11536,['Science'],2021-05-25,3943
11537,['Beings'],2013-05-22,1018
11538,['Mental Illness'],2014-05-24,1385
11539,['Lost Episodes'],2014-03-24,1324
11540,"['Dreams/Sleep', 'Video Games']",2021-12-13,4145
11541,"['Liminal Spaces 2022', 'Dreams/Sleep', 'Weird', 'Mmpratt99 deviantart']",2022-08-30,4405
11542,"['Items/Objects', 'Diary/Journal']",2015-03-11,1676
11543,"['Historical Archive', 'Ritual', 'Mirrors', 'Beings', 'Micropasta']",2011-06-13,309
11544,"['Gods', 'Micropasta']",2014-06-10,1402
11545,['Mental Illness'],2013-03-05,940
11546,['Places'],2014-06-15,1407
11547,['Mental Illness'],2014-10-24,1538
11548,"['Ghosts', 'Hospitals', 'Jdeschene']",2021-02-21,3850
11549,['Mental Illness'],2013-10-17,1166
11550,"['Reddit Pastas', 'Monsters', 'Places', 'Items/Objects']",2019-06-08,3226
11551,['EAP'],2012-05-01,632
11552,['Historical Archive/PD'],2018-06-16,2869
11553,"['Mental Illness', 'Beings']",2012-08-09,732
11554,"['Historical Archive', 'Beings']",2011-07-01,327
11555,['Demon/Devil'],2015-08-02,1820
11556,['Monsters'],2013-06-19,1046
11557,['Poetry'],2013-02-12,919
11558,"['Dismemberment', 'Animals']",2014-10-11,1525
11559,"['Diary/Journal', 'Disappearances', 'Ghosts', 'Places']",2012-04-04,605
11560,"['Places', 'Mental Illness', 'Beings', 'Dismemberment']",2011-06-20,316
11561,"['Historical Archive', 'History', 'Books', 'Micropasta']",2014-07-25,1447
11562,"['Beings', 'Dismemberment']",2012-09-13,767
11563,"['Beings', 'Dismemberment']",2012-11-05,820
11564,['Beings'],2013-01-18,894
11565,['Historical Archive/PD'],2018-09-01,2946
11566,['HPL'],2012-04-05,606
11567,"['Animals', 'Nature', 'Beings', 'The Hooded Werewolf']",2012-05-05,636
11568,['Beings'],2022-02-12,4206
11569,"['Beings', 'Dreams/Sleep']",2015-02-03,1640
11570,"['Dreams/Sleep', 'Monsters']",2021-03-09,3866
11571,['Items/Objects'],2013-02-22,929
11572,"['Places', 'Mental Illness']",2013-06-05,1032
11573,['Ghosts'],2012-05-20,651
11574,"['Beings', 'Places', 'Weird']",2023-05-08,4656
11575,"['Mental Illness', 'Demon/Devil', 'Animals', 'Cruel Fate 2020']",2020-02-01,3464
11576,"['Poetry', 'Banned In CP']",2018-04-10,2802
11577,"['Reddit Pastas', 'Weird', 'Places', 'Monsters']",2020-11-09,3746
11578,"['Monsters', 'Ritual', 'Places', 'Weird']",2020-11-16,3753
11579,"['Nature', 'Places', 'MakRalston']",2022-03-12,4234
11580,"['Disappearances', 'Nature', 'Places']",2014-01-04,1245
11581,"['Disappearances', 'Places']",2018-06-24,2877
11582,"['Historical Archive', 'Places', 'Beings', 'Lovecraftian', 'Micropasta']",2011-03-21,225
11583,"['Diary/Journal', 'Monsters', 'Nature']",2013-07-20,1077
11584,"['Beings', 'Dreams/Sleep']",2020-03-05,3497
11585,['Mental Illness'],2018-04-15,2807
11586,"['Historical Archive', 'Ritual', 'Dreams/Sleep', 'Micropasta']",2011-03-20,224
11587,"['Animals', 'Disappearances', 'Vehicles', 'Postuhenin']",2020-05-09,3562
11588,"['Nature', 'Beings', 'Dismemberment', 'Places']",2015-07-06,1793
11589,['Ghosts'],2013-08-19,1107
11590,"['Ghosts', 'Places', 'Micropasta']",2012-11-23,838
11591,['Dismemberment'],2013-08-12,1100
11592,"['Disappearances', 'Mental Illness', 'Beings']",2014-05-04,1365
11593,"['HPL', 'Books', 'History']",2012-04-05,606
11594,['Diary/Journal'],2013-05-09,1005
11595,"['Disappearances', 'Dreams/Sleep', 'HPL', 'Items/Objects', 'Reality', 'Longpasta']",2017-09-22,2602
11596,"['Mirrors', 'Ritual', 'Lovecraftian', 'Monsters']",2011-09-07,395
11597,"['Beings', 'Memes']",2012-03-27,597
11598,['Demon/Devil'],2017-03-15,2411
11599,['HPL'],2012-04-07,608
11600,"['Nature', 'Disappearances', 'Beings']",2011-12-20,499
11601,"['HPL', 'Videos']",2018-01-05,2707
11602,"['Nature', 'Weird']",2017-08-18,2567
11603,"['Military', 'History', 'Diary/Journal', 'Monsters']",2014-01-06,1247
11604,['Beings'],2014-03-29,1329
11605,"['Kafka', 'NSFW', 'Longpasta']",2017-07-31,2549
11606,['Mental Illness'],2013-04-06,972
11607,['Beings'],2012-01-29,539
11608,"['Television', 'Computers and Internet', 'Vehicles', 'HopelessNightOwl']",2018-03-30,2791
11609,"['Mental Illness', 'Items/Objects', 'Demon/Devil', 'NSFW']",2011-10-31,449
11610,"['Beings', 'Disappearances']",2012-08-20,743
11611,"['Ritual', 'Disappearances', 'Vehicles', 'Micropasta']",2011-10-29,447
11612,"['Dreams/Sleep', 'Nature', 'Vehicles', 'We Go Bump 3']",2015-01-02,1608
11613,"['NSFW', 'Crime', 'Dismemberment', 'Computers and Internet']",2015-01-03,1609
11614,['Reality'],2014-09-23,1507
11615,"['Crime', 'Dismemberment', 'Disappearances', 'Demon/Devil', 'Places', 'Animals']",2018-06-05,2858
11616,"['Video Games', 'Theory']",2011-06-30,326
11617,"['Video Games', 'Theory', 'Micropasta']",2013-06-29,1056
11618,"['Demon/Devil', 'Places']",2012-11-30,845
11619,['Items/Objects'],2012-07-07,699
11620,"['Reality', 'Demon/Devil']",2014-08-27,1480
11621,['Dismemberment'],2013-08-31,1119
11622,['Places'],2017-02-13,2381
11623,['Places'],2012-08-12,735
11624,"['Diary/Journal', 'Places', 'Disappearances', 'Dismemberment']",2012-06-14,676
11625,"['Monsters', 'Mental Illness', 'Reality', 'Micropasta']",2013-12-02,1212
11626,"['Beings', 'Historical Archive', 'Nature', 'Places', 'Reality']",2010-08-08,0
11627,"['Historical Archive', 'Places', 'Disappearances']",2010-08-16,8
11628,['Demon/Devil'],2012-10-23,807
11629,"['Mental Illness', 'Dismemberment']",2014-04-26,1357
11630,"['Monsters', 'Places']",2014-06-29,1421
11631,"['Mental Illness', 'Vehicles']",2015-07-09,1796
11632,"['FearAddict', 'Reality', 'Ritual']",2019-10-19,3359
11633,['Beings'],2014-10-12,1526
11634,"['Animals', 'Poetry', 'Dismemberment']",2012-05-01,632
11635,"['Beings', 'Items/Objects']",2016-07-07,2160
11636,['Poetry'],2013-02-12,919
11637,"['Micropasta', 'Mental Illness', 'Dismemberment']",2023-07-08,4717
11638,"['Beings', 'Reality', 'Micropasta']",2014-01-13,1254
11639,['PokéMon'],2012-11-09,824
11640,['Gods'],2015-06-22,1779
11641,"['Military', 'Beings']",2013-10-04,1153
11642,['Monsters'],2017-11-11,2652
11643,"['Weird', 'Fairly7Local']",2019-01-02,3069
11644,"['Places', 'Computers and Internet']",2012-12-12,857
11645,"['Diary/Journal', 'Demon/Devil', 'Lovecraftian']",2012-11-22,837
11646,['Video Games'],2013-03-21,956
11647,"['Places', 'Ghosts', 'History']",2011-09-25,413
11648,"['Disappearances', 'Places']",2015-07-06,1793
11649,['Monsters'],2020-08-01,3646
11650,"['Disappearances', 'Monsters']",2012-05-19,650
11651,"['Beings', 'Reddit Pastas', 'Dismemberment', 'Lovecraftian', 'Science', 'Space']",2023-03-24,4611
11652,"['Beings', 'Reality', 'Science']",2015-02-05,1642
11653,['Beings'],2013-05-31,1027
11654,"['Beings', 'Diary/Journal', 'Mental Illness']",2013-05-30,1026
11655,['Science'],2014-09-28,1512
11656,"['Animals', 'Diary/Journal']",2015-01-17,1623
11657,"['Science', 'Places']",2012-12-18,863
11658,"['Diary/Journal', 'Military', 'Beings']",2013-05-07,1003
11659,"['Historical Archive', 'Places', 'Ritual', 'Micropasta']",2010-08-21,13
11660,['HPL'],2012-04-07,608
11661,"['Diary/Journal', 'EmpyrealInvective', 'Mental Illness', 'Videos']",2015-10-27,1906
11662,"['EAP', 'Science', 'Space', 'Beings', 'Disappearances', 'Longpasta']",2017-11-09,2650
11663,"['Places', 'Reality', 'Crime', 'Dreams/Sleep']",2012-06-11,673
11664,"['Places', 'Ritual', 'Micropasta']",2011-03-21,225
11665,"['Beings', 'Reality', 'Dreams/Sleep', 'Micropasta']",2012-10-19,803
11666,['Beings'],2017-02-07,2375
11667,['Mental Illness'],2014-12-24,1599
11668,['Mental Illness'],2014-09-24,1508
11669,"['Mental Illness', 'Diary/Journal', 'Poetry']",2014-07-15,1437
11670,['Ghosts'],2012-06-28,690
11671,['Historical Archive/PD'],2018-06-19,2872
11672,"['Ghosts', 'Reddit Pastas']",2018-09-25,2970
11673,"['Beings', 'History']",2014-07-28,1450
11674,"['Science', 'Places', 'Mental Illness', 'Disappearances', 'Reality']",2018-08-13,2927
11675,"['Disappearances', 'Places']",2015-05-13,1739
11676,"['Science', 'History']",2014-11-28,1573
11677,"['EAP', 'Poetry']",2017-12-13,2684
11678,"['Places', 'Monsters', 'Lovecraftian', 'Nature']",2012-05-12,643
11679,['Dismemberment'],2013-06-28,1055
11680,"['DFPC15', 'Computers and Internet', 'Ghosts']",2013-08-03,1091
11681,['Beings'],2013-01-26,902
11682,['Historical Archive/PD'],2018-09-03,2948
11683,"['Dismemberment', 'Mental Illness', 'NSFW']",2015-04-29,1725
11684,"['Places', 'Disappearances']",2013-05-06,1002
11685,"['Nature', 'Beings', 'Disappearances']",2018-04-12,2804
11686,"['Mental Illness', 'Computers and Internet', 'Historical Archive']",2011-12-07,486
11687,"['Computers and Internet', 'DrBobSmith', 'Reality', 'Science', 'Space']",2018-10-07,2982
11688,"['Ghosts', 'Places', 'Ritual']",2013-01-08,884
11689,"['Ghosts', 'Gods', ""The Vesper's Bell""]",2022-10-29,4465
11690,['Disappearances'],2012-09-14,768
11691,['Mental Illness'],2013-05-16,1012
11692,"['Demon/Devil', 'Dismemberment', 'Ritual', 'CPWDemonDevil2015']",2015-06-29,1786
11693,['HPL'],2012-04-07,608
11694,"['Computers and Internet', 'Dreams/Sleep', 'Beings']",2013-03-19,954
11695,"['Theory', 'Mental Illness']",2013-10-03,1152
11696,"['Military', 'Ghosts']",2013-06-13,1040
11697,"['Historical Archive', 'Reality', 'Places', 'Items/Objects', 'Micropasta']",2010-08-16,8
11698,['Dismemberment'],2012-09-13,767
11699,"['Television', 'Items/Objects']",2018-05-05,2827
11700,['Beings'],2013-04-12,978
11701,"['Dreams/Sleep', 'Beings', 'Memes']",2014-01-08,1249
11702,"['Places', 'Mental Illness', 'Dreams/Sleep']",2013-06-04,1031
11703,['Places'],2013-11-26,1206
11704,['Items/Objects'],2013-03-20,955
11705,"['Dismemberment', 'Items/Objects', 'Mental Illness', 'Music']",2014-06-06,1398
11706,"['Music', 'Beings']",2023-10-16,4817
11707,['Video Games'],2014-09-25,1509
11708,"['Weird', 'Diary/Journal']",2023-10-17,4818
11709,"['Ghosts', 'Mental Illness', 'NSFW']",2013-06-25,1052
11710,['Beings'],2017-03-19,2415
11711,"['Crime', 'Demon/Devil', 'Mmpratt99 deviantart', 'Places', 'Longpasta']",2013-04-14,980
11712,"['Liminal Spaces 2022', 'Items/Objects', 'Photography', 'Places', 'Science', 'Videos', 'Kolpik']",2022-09-05,4411
11713,"['Historical Archive/PD', 'Longpasta']",2019-12-27,3428
11714,['Beings'],2011-03-21,225
11715,['Beings'],2013-12-30,1240
11716,"['Beings', 'Mental Illness']",2012-06-18,680
11717,"['Historical Archive/PD', 'Videos']",2018-06-18,2871
11718,"['REH', 'Longpasta']",2018-01-12,2714
11719,['Mental Illness'],2014-02-13,1285
11720,"['Mental Illness', 'Beings']",2021-04-29,3917
11721,"['REH', 'Poetry']",2018-01-12,2714
11722,['Diary/Journal'],2012-10-02,786
11723,"['Places', 'Dreams/Sleep', 'Diary/Journal']",2012-11-10,825
11724,"['Ritual', 'Halloween', 'Beings', 'Mirrors', 'Historical Archive', 'Micropasta']",2010-12-27,141
11725,"['Reality', 'Vehicles']",2014-04-12,1343
11726,['Items/Objects'],2012-11-12,827
11727,['Monsters'],2011-08-22,379
11728,['Cryptids'],2018-08-14,2928
11729,"['Gods', 'Videos']",2021-04-29,3917
11730,['Ritual'],2023-05-12,4660
11731,['Beings'],2014-04-27,1358
11732,"['Beings', 'Disappearances', 'Micropasta']",2013-08-01,1089
11733,"['Ritual', 'Places', 'Historical Archive', 'Micropasta']",2011-03-20,224
11734,['Beings'],2012-10-25,809
11735,"['Ghosts', 'Mental Illness']",2013-01-11,887
11736,"['Beings', 'Dismemberment']",2013-11-17,1197
11737,['Monsters'],2013-11-03,1183
11738,['Monsters'],2014-02-10,1282
11739,['Mental Illness'],2013-12-02,1212
11740,['Beings'],2011-09-17,405
11741,"['Computers and Internet', 'Beings', 'Dreams/Sleep', 'Photography', 'Mental Illness', 'Historical Archive']",2010-11-26,110
11742,"['Beings', 'Halloween']",2010-09-04,27
11743,"['Places', 'Mental Illness', 'Dismemberment']",2013-04-10,976
11744,"['DoctorBleed', 'Gods', 'Weird']",2016-09-10,2225
11745,"['Dreams/Sleep', 'Diary/Journal', 'Dismemberment']",2013-05-04,1000
11746,"['Items/Objects', 'Places']",2013-02-14,921
11747,['Ritual'],2014-02-19,1291
11748,['Weird'],2013-01-28,904
11749,['Mental Illness'],2016-12-16,2322
11750,"['Beings', 'Nature', 'Ritual']",2014-02-09,1281
11751,"['Lovecraftian', 'Places', 'Beings']",2020-08-17,3662
11752,"['Animals', 'Micropasta']",2012-11-25,840
11753,"['Dreams/Sleep', 'Items/Objects', 'Ghosts', 'Raidra', 'Videos']",2013-10-23,1172
11754,"['Beings', 'Photography']",2017-05-29,2486
11755,"['Places', 'Beings']",2015-06-04,1761
11756,['Beings'],2013-07-30,1087
11757,['Beings'],2014-05-21,1382
11758,"['Ghosts', 'Reality', 'Jdeschene', 'Videos']",2018-08-06,2920
11759,"['Places', 'Micropasta']",2013-11-21,1201
11760,"['Cryptids', 'Mental Illness']",2015-06-10,1767
11761,"['Dreams/Sleep', 'Places']",2013-02-23,930
11762,"['Demon/Devil', 'Mmpratt99 deviantart', 'Places', 'Longpasta']",2016-04-06,2068
11763,"['Jdeschene', 'Nature', 'Gods']",2018-04-27,2819
11764,"['Mental Illness', 'Gods']",2013-08-07,1095
11765,['Monsters'],2014-09-14,1498
11766,"['Computers and Internet', 'Mental Illness']",2013-08-03,1091
11767,"['Beings', 'Dreams/Sleep']",2012-09-10,764
11768,['Monsters'],2011-10-19,437
11769,['Items/Objects'],2013-06-09,1036
11770,['Items/Objects'],2012-05-30,661
11771,"['Computers and Internet', 'Theory', 'Reality', 'Ritual']",2012-10-29,813
11772,['Dreams/Sleep'],2014-09-16,1500
11773,"['Places', 'Ghosts']",2010-09-30,53
11774,"['Monsters', 'Places', 'Diary/Journal']",2013-12-30,1240
11775,"['Places', 'Demon/Devil']",2011-03-08,212
11776,"['Cryptids', 'Nature', 'Dismemberment', 'Vehicles']",2012-12-23,868
11777,"['Demon/Devil', 'Items/Objects', 'Mmpratt99 deviantart']",2017-08-31,2580
11778,"['Monsters', ""The Vesper's Bell"", 'Videos']",2021-03-12,3869
11779,"['Items/Objects', 'Science']",2015-02-15,1652
11780,"['Ghosts', 'Nature', 'Places']",2020-08-07,3652
11781,['Beings'],2014-03-15,1315
11782,"['HPL', 'Longpasta']",2012-04-09,610
11783,['Items/Objects'],2012-12-03,848
11784,"['Beings', 'Dreams/Sleep']",2017-08-17,2566
11785,['Mental Illness'],2015-05-09,1735
11786,"['Mental Illness', 'Micropasta']",2013-05-26,1022
11787,"['Beings', 'Television']",2020-06-08,3592
11788,"['Beings', 'Disappearances']",2021-02-10,3839
11789,"['Vehicles', 'Disappearances', 'Places', 'Beings']",2018-08-29,2943
11790,['Disappearances'],2017-02-25,2393
11791,"['Disappearances', 'Dismemberment', 'Reality']",2019-12-27,3428
11792,['Ghosts'],2013-11-24,1204
11793,"['Animals', 'Nature', 'Diary/Journal']",2018-06-13,2866
11794,"['Television', 'Music']",2011-07-02,328
11795,"['Ritual', 'Ghosts']",2018-10-14,2989
11796,['Places'],2013-01-29,905
11797,"['Beings', 'Animals']",2024-02-20,4944
11798,['Ghosts'],2013-10-22,1171
11799,"['B4MV18', 'Reality', 'Beings', 'History']",2018-02-19,2752
11800,"['Diary/Journal', 'Animals']",2021-04-28,3916
11801,"['Animals', 'Mental Illness', 'Dreams/Sleep']",2014-08-08,1461
11802,['HPL'],2012-04-07,608
11803,"['Animals', 'Dreams/Sleep', 'Mental Illness']",2014-06-26,1418
11804,"['Beings', 'Nature']",2016-04-28,2090
11805,['Video Games'],2013-02-11,918
11806,"['Places', 'Ghosts', 'Videos', 'We Go Bump 3', 'Shadowswimmer77']",2014-07-07,1429
11807,"['Monsters', 'Mental Illness', 'William See']",2020-12-18,3785
11808,"['Beings', 'Nature']",2017-01-31,2368
11809,"['Monsters', 'Cruel Fate 2020', 'Videos']",2020-01-29,3461
11810,"['DrBobSmith', 'Computers and Internet', 'Gods', 'Reality']",2018-09-08,2953
11811,"['Ghosts', 'Places', 'Nature']",2013-04-07,973
11812,"['Diary/Journal', 'Beings', 'Micropasta']",2014-11-27,1572
11813,"['Diary/Journal', 'Monsters']",2014-09-13,1497
11814,"['Beings', 'Historical Archive', 'Dismemberment', 'Disappearances', 'Nature']",2011-01-02,147
11815,['Reality'],2015-05-01,1727
11816,"['Animals', 'Dreams/Sleep']",2013-01-13,889
11817,"['Beings', 'Places']",2018-10-08,2983
11818,"['MLycantrope', 'Dismemberment', 'NSFW', 'Photography']",2021-05-29,3947
11819,"['Places', 'Beings', 'Weird']",2022-04-05,4258
11820,"['NSFW', 'Videos', 'Weird']",2015-02-28,1665
11821,"['Theory', 'Science', 'Places', 'Beings', 'Diary/Journal']",2015-06-17,1774
11822,"['Ghosts', 'Dreams/Sleep']",2014-03-26,1326
11823,"['Ritual', 'Videos']",2013-06-06,1033
11824,"['Nature', 'Items/Objects']",2014-10-31,1545
11825,"['Items/Objects', 'Reality']",2013-01-03,879
11826,"['Weird', 'Micropasta']",2012-08-12,735
11827,"['Places', 'Ghosts']",2013-05-05,1001
11828,"['Beings', 'Historical Archive', 'Ritual', 'Nature', 'Places']",2010-11-07,91
11829,"['Weird', 'Spotlighted Pastas']",2016-08-11,2195
11830,"['Monsters', 'Weird']",2016-10-15,2260
11831,"['Beings', 'Lovecraftian', ""The Vesper's Bell""]",2021-06-14,3963
11832,"['Ghosts', 'History']",2022-10-29,4465
11833,"['Beings', 'Places']",2014-12-25,1600
11834,['Beings'],2013-02-11,918
11835,"['Halloween', 'Beings', 'Mental Illness']",2013-11-19,1199
11836,"['Monsters', 'Nature']",2020-07-24,3638
11837,"['Dreams/Sleep', 'Beings']",2012-08-11,734
11838,"['Reality', 'Mental Illness', 'Beings', 'Micropasta']",2018-01-05,2707
11839,"['Theory', 'Beings', 'Reality', 'Micropasta']",2012-04-14,615
11840,['Weird'],2019-06-16,3234
11841,['Monsters'],2014-04-06,1337
11842,"['Monsters', 'Animals', 'Nature']",2012-05-01,632
11843,['Mental Illness'],2021-03-11,3868
11844,"['Animals', 'Places']",2014-09-15,1499
11845,['Dreams/Sleep'],2021-03-03,3860
11846,['Weird'],2016-05-28,2120
11847,"['Photography', 'Mental Illness', 'Crime', 'Micropasta']",2011-03-24,228
11848,"['Ghosts', 'Items/Objects', 'Jdeschene']",2021-03-10,3867
11849,"['Beings', 'Mirrors']",2013-08-01,1089
11850,"['Television', 'Historical Archive', 'Crime', 'Micropasta']",2010-08-08,0
11851,"['Monsters', 'Nature', 'Places', 'NSFW', 'Dismemberment']",2013-12-16,1226
11852,"['Ghosts', 'Weird', 'Nature', 'Reddit Pastas']",2018-08-10,2924
11853,"['Mental Illness', 'Dreams/Sleep', 'Dismemberment', 'Monsters']",2012-04-05,606
11854,"['Weird', 'Science']",2022-10-17,4453
11855,"['Weird', 'Beings']",2015-01-20,1626
11856,"['Weird', 'Dreams/Sleep']",2014-11-09,1554
11857,"['Books', 'Reality', 'Mental Illness']",2023-08-20,4760
11858,['Diary/Journal'],2013-03-10,945
11859,"['Dorkpool', 'Computers and Internet']",2023-11-27,4859
11860,"['Dismemberment', 'Mental Illness']",2015-05-13,1739
11861,"['Ghosts', 'Places']",2018-03-11,2772
11862,['Beings'],2021-01-09,3807
11863,"['CertainShadows', 'Places', 'Ghosts', 'Diary/Journal', 'Nature']",2020-09-14,3690
11864,"['Animals', 'Reality', 'Beings']",2013-09-23,1142
11865,"['Mental Illness', 'Nature', 'Places']",2013-01-15,891
11866,['Beings'],2013-08-09,1097
11867,"['Mental Illness', 'Beings']",2013-10-13,1162
11868,"['Animals', 'Micropasta']",2012-03-23,593
11869,"['Beings', 'Reality', 'Jdeschene', 'Videos']",2021-01-30,3828
11870,"['DFPC15', 'Weird']",2014-04-20,1351
11871,"['Mental Illness', 'Music', 'RedNovaTyrant', 'Reality', 'Videos']",2018-08-22,2936
11872,['Animals'],2015-02-17,1654
11873,"['Monsters', 'Places']",2020-05-06,3559
11874,"['Animals', 'Dreams/Sleep', 'PotM']",2020-06-22,3606
11875,"['Dreams/Sleep', 'Dismemberment']",2016-09-23,2238
11876,"['Demon/Devil', 'Weird']",2020-10-27,3733
11877,"['Monsters', ""The Vesper's Bell"", 'Videos']",2020-07-15,3629
11878,['Weird'],2014-07-29,1451
11879,"['CertainShadows', 'Vehicles', 'Videos']",2020-06-14,3598
11880,"['Reality', 'Computers and Internet']",2020-01-26,3458
11881,['Weird'],2014-02-23,1295
11882,['Mental Illness'],2021-12-11,4143
11883,"['Computers and Internet', 'Disappearances']",2020-10-17,3723
11884,"['Television', 'Videos', 'Historical Archive', 'Micropasta']",2010-12-06,120
11885,"['Dismemberment', 'Dreams/Sleep', 'VerminGoat', 'Weird']",2014-03-22,1322
11886,"['Places', 'Ghosts', 'Dismemberment', 'Disappearances']",2018-04-08,2800
11887,"['Historical Archive/PD', 'Suggested Reading']",2012-02-02,543
11888,['Monsters'],2022-01-07,4170
11889,['Ritual'],2020-06-14,3598
11890,"['Animals', 'Dismemberment', 'Items/Objects']",2023-11-25,4857
11891,"['Photography', 'History', 'Diary/Journal']",2011-07-08,334
11892,"['Mental Illness', 'Animals', 'Items/Objects', 'Television', 'Noctevoire']",2017-01-09,2346
11893,"['Killahawke1', 'Monsters', 'Videos']",2015-10-27,1906
11894,['Monsters'],2017-03-04,2400
11895,"['Diary/Journal', 'Science', 'Mental Illness']",2015-10-04,1883
11896,"['Ghosts', 'Places']",2014-03-07,1307
11897,['Ghosts'],2013-11-25,1205
11898,"['Beings', 'RCainTales']",2019-10-31,3371
11899,"['Beings', 'Dreams/Sleep', 'Mirrors', 'Disappearances']",2016-03-02,2033
11900,"['Monsters', 'Dreams/Sleep', 'Mental Illness']",2013-08-31,1119
11901,['Monsters'],2015-09-30,1879
11902,"['Ghosts', 'Theory']",2014-12-31,1606
11903,"['Monsters', 'Mental Illness']",2014-05-21,1382
11904,"['Cryptids', 'Space', 'RCainTales']",2019-09-27,3337
11905,"['Items/Objects', 'Mental Illness', 'Weird']",2020-08-10,3655
11906,"['Places', 'Beings', 'Diary/Journal']",2013-01-02,878
11907,['Ghosts'],2020-05-09,3562
11908,"['Reddit Pastas', 'Ghosts', 'Micropasta']",2015-05-19,1745
11909,"['Dismemberment', 'Reality', 'Mental Illness']",2017-02-05,2373
11910,"['Ghosts', 'Micropasta']",2015-01-13,1619
11911,"['Demon/Devil', 'Items/Objects', 'Contest Winner', 'Spotlighted Pastas', 'CPWDemonDevil2015']",2015-07-07,1794
11912,"['Monsters', 'Places']",2021-11-29,4131
11913,"['Dismemberment', 'Mental Illness', 'Monsters']",2017-04-26,2453
11914,"['Beings', 'Dreams/Sleep']",2020-03-18,3510
11915,['Poetry'],2014-07-10,1432
11916,"['Weird', 'Beings', 'Mental Illness']",2016-10-15,2260
11917,"['Animals', 'Beings']",2020-03-23,3515
11918,['Video Games'],2012-12-17,862
11919,"['Animals', 'Dismemberment']",2013-04-24,990
11920,"['FearAddict', 'Demon/Devil', 'Reality']",2014-07-17,1439
11921,['Ritual'],2012-11-14,829
11922,['Beings'],2014-03-31,1331
11923,['Computers and Internet'],2013-11-23,1203
11924,['Places'],2015-01-24,1630
11925,"['Monsters', 'Science', 'Micropasta']",2014-06-15,1407
11926,"['Mirrors', 'Micropasta']",2013-09-22,1141
11927,"['Dismemberment', 'Mental Illness']",2016-06-07,2130
11928,"['Ghosts', 'Places']",2021-11-20,4122
11929,['Poetry'],2018-08-03,2917
11930,['Dismemberment'],2013-05-26,1022
11931,['Demon/Devil'],2014-11-06,1551
11932,['Mental Illness'],2016-04-02,2064
11933,['Places'],2017-08-29,2578
11934,"['Poetry', 'Nature']",2014-04-11,1342
11935,"['Diary/Journal', 'Dreams/Sleep', 'Beings']",2013-06-11,1038
11936,"['Mental Illness', 'Micropasta']",2012-10-15,799
11937,"['Parlour', 'Music', 'Places']",2019-08-18,3297
11938,"['Mental Illness', 'Reality', 'PotM', 'Historical Archive']",2010-08-08,0
11939,"['Memes', 'Video Games', 'Disappearances']",2012-06-01,663
11940,"['Reality', 'Beings']",2014-06-22,1414
11941,"['Ghosts', 'Vehicles', 'Mental Illness']",2015-05-18,1744
11942,"['GreyOwl', 'Demon/Devil', 'Videos']",2016-04-16,2078
11943,['Ghosts'],2012-08-10,733
11944,"['Poetry', 'Nature']",2012-12-14,859
11945,"['Ghosts', 'Dreams/Sleep', 'Places']",2013-06-14,1041
11946,"['Ghosts', 'Reality']",2014-06-04,1396
11947,"['Beings', 'Places']",2017-10-30,2640
11948,"['Dismemberment', 'Ghosts']",2013-06-01,1028
11949,"['Beings', 'Reality', 'Micropasta']",2014-04-12,1343
11950,"['Monsters', 'Reality']",2011-07-04,330
11951,"['Monsters', 'Items/Objects']",2011-03-21,225
11952,['Mental Illness'],2014-10-24,1538
11953,"['Disappearances', 'Places']",2013-01-02,878
11954,"['Beings', 'Mental Illness', 'Nature']",2013-01-01,877
11955,['Cryptids'],2014-08-31,1484
11956,['Beings'],2012-05-04,635
11957,"['Monsters', 'RCainTales']",2020-01-17,3449
11958,['Beings'],2011-10-06,424
11959,"['Nature', 'Cryptids', 'Reality', 'Videos']",2021-01-03,3801
11960,"['Killahawke1', 'Monsters', 'Videos']",2016-04-28,2090
11961,"['Beings', 'Vehicles', 'Places']",2016-01-19,1990
11962,['Items/Objects'],2015-03-02,1667
11963,"['Poetry', 'Beings', 'Mental Illness']",2012-11-30,845
11964,"['Historical Archive', 'Beings', 'Reality', 'Micropasta']",2011-04-16,251
11965,['Diary/Journal'],2024-01-06,4899
11966,"['Appealed Stories', 'Computers and Internet', 'Video Games']",2022-11-01,4468
11967,"['Animals', 'Monsters']",2019-07-24,3272
11968,"[' Disappearances', 'Cryptids', 'Places', 'Diary/Journal']",2014-09-02,1486
11969,"['Poetry', 'Animals', 'Ghosts']",2019-09-13,3323
11970,"['Beings', 'Computers and Internet', 'Disappearances', 'Mental Illness']",2013-01-13,889
11971,"['We Go Bump 3', 'Mental Illness', 'History', 'Places', 'Dismemberment']",2015-01-06,1612
11972,"['Beings', 'Micropasta']",2011-10-30,448
11973,"['Dreams/Sleep', 'Reality', 'Videos']",2014-02-18,1290
11974,['Monsters'],2022-11-05,4472
11975,"['Beings', 'Disappearances', 'Nature', 'Places']",2018-08-08,2922
11976,"['Space', 'The Hooded Werewolf', 'Reality']",2014-03-05,1305
11977,"['Beings', 'Dismemberment', 'Doom Vroom', 'Videos']",2016-12-01,2307
11978,['Reality'],2012-03-06,576
11979,"[""The Vesper's Bell"", 'Science', 'Videos']",2020-08-11,3656
11980,['Mental Illness'],2014-07-23,1445
11981,['Places'],2014-04-18,1349
11982,"['Weird', 'Beings', 'Reddit Pastas']",2017-01-31,2368
11983,['Items/Objects'],2014-03-27,1327
11984,"['Reality', 'Beings', 'Ritual']",2012-03-19,589
11985,['Beings'],2013-12-05,1215
11986,"['Dreams/Sleep', 'Demon/Devil']",2012-08-07,730
11987,"['Science', 'Computers and Internet']",2014-12-22,1597
11988,"['Computers and Internet', 'Weird', 'Tewahway']",2021-12-09,4141
11989,['Places'],2012-01-22,532
11990,['Weird'],2023-12-24,4886
11991,['Places'],2013-06-26,1053
11992,"['MakRalston', 'Weird']",2021-05-04,3922
11993,['Computers and Internet'],2014-04-27,1358
11994,"['Computers and Internet', 'Mental Illness']",2015-04-21,1717
11995,"['Disappearances', 'Beings']",2013-06-13,1040
11996,"['Hospitals', 'Reality']",2017-04-15,2442
11997,['Poetry'],2012-12-27,872
11998,"['Gods', 'Poetry', 'EtherBot']",2016-10-27,2272
11999,"['Theory', 'Dreams/Sleep']",2013-05-29,1025
12000,"['Ritual', 'Music']",2013-09-07,1126
12001,"['Places', 'Beings']",2014-02-20,1292
12002,"['Poetry', 'Beings', 'Dismemberment', 'Weird']",2013-07-11,1068
12003,"['Space', 'Reality', 'Micropasta']",2014-08-30,1483
12004,"['Mental Illness', 'Places']",2014-12-09,1584
12005,"['Ghosts', 'Monsters']",2015-01-23,1629
12006,"['Mental Illness', 'Reality']",2014-01-04,1245
12007,"['Ghosts', 'Historical Archive', 'Nature', 'Micropasta']",2010-08-18,10
12008,"['Demon/Devil', 'Reality']",2018-12-28,3064
12009,"['Places', 'Photography', 'Beings']",2012-08-09,732
12010,"['Television', 'Mental Illness']",2012-07-25,717
12011,"['Monsters', 'Dismemberment']",2015-05-26,1752
12012,"['Monsters', 'Mental Illness']",2023-02-05,4564
12013,"['Mirrors', 'Beings', 'Micropasta']",2010-08-19,11
12014,['Mental Illness'],2012-08-12,735
12015,"['Items/Objects', 'Places', 'Ghosts', 'Vehicles']",2015-05-17,1743
12016,"['Science', ""The Vesper's Bell""]",2021-01-23,3821
12017,"['Disappearances', 'Places', 'Reality']",2013-10-21,1170
12018,['Mental Illness'],2013-12-31,1241
12019,"['Reality', 'Mental Illness']",2013-01-29,905
12020,"['Ghosts', 'Dreams/Sleep', 'Micropasta']",2014-01-07,1248
12021,['Cryptids'],2016-09-21,2236
12022,"['Mirrors', 'beings']",2011-08-29,386
12023,"['Beings', 'Dreams/Sleep', 'Mental Illness']",2011-08-03,360
12024,"['Dreams/Sleep', 'Beings']",2013-03-08,943
12025,['Mental Illness'],2012-12-20,865
12026,"['Monsters', 'Micropasta']",2013-01-07,883
12027,"['Beings', 'Dismemberment']",2013-11-25,1205
12028,['Poetry'],2016-10-20,2265
12029,"['Ritual', 'Mirrors', 'Micropasta']",2019-07-07,3255
12030,['Beings'],2012-10-19,803
12031,['EAP'],2012-05-01,632
12032,"['Lovecraftian', 'Gods', 'Mental Illness']",2012-08-05,728
12033,['Reality'],2013-06-10,1037
12034,['Mental Illness'],2012-10-21,805
12035,"['History', 'Military', 'Diary/Journal', 'Micropasta']",2013-04-04,970
12036,"['Beings', 'Items/Objects']",2015-07-01,1788
12037,"['Beings', 'Dreams/Sleep']",2016-10-11,2256
12038,"['Dreams/Sleep', 'Mental Illness', 'Beings']",2013-02-24,931
12039,['Animals'],2013-01-29,905
12040,"['Weird', 'Micropasta']",2012-04-21,622
12041,"['Ghosts', 'Micropasta']",2012-09-28,782
12042,['Gods'],2016-05-11,2103
12043,['Dreams/Sleep'],2012-01-23,533
12044,"['Disappearances', 'Places', 'Beings', 'PotM']",2015-05-22,1748
12045,"['MLycantrope', 'Beings', 'NSFW']",2021-11-20,4122
12046,"['Ritual', 'Reddit Pastas']",2013-03-21,956
12047,"['Military', 'Ghosts', 'Places']",2014-01-21,1262
12048,"['Ritual', 'Mirrors']",2020-08-02,3647
12049,"['Stormlilly', 'Demon/Devil', 'Dismemberment']",2013-09-30,1149
12050,"['Animals', 'Places']",2012-03-24,594
12051,"['Television', 'Beings', 'Longpasta']",2015-12-21,1961
12052,['Lost Episodes'],2012-09-12,766
12053,['EAP'],2012-05-01,632
12054,['Monsters'],2013-01-02,878
12055,"['AGB', 'Military']",2017-10-28,2638
12056,"['Beings', 'Photography', 'Places']",2013-06-08,1035
12057,['Reality'],2016-02-06,2008
12058,['Lovecraftian'],2013-08-23,1111
12059,"['Computers and Internet', 'Music', 'Reality']",2013-07-27,1084
12060,['Ghosts'],2011-12-15,494
12061,['HPL'],2018-01-05,2707
12062,"['Beings', 'Dreams/Sleep', 'Weird', 'Micropasta']",2014-03-14,1314
12063,['Animals'],2012-08-18,741
12064,"['Disappearances', 'Mental Illness', 'Monsters']",2011-05-23,288
12065,['Beings'],2013-08-02,1090
12066,"['History', 'Mental Illness']",2013-05-19,1015
12067,['Dismemberment'],2017-01-27,2364
12068,"['ClericofMadness', 'Memes', 'Troll Pasta', 'Micropasta']",2011-03-31,235
12069,"['Beings', 'Historical Archive', 'Animals', 'Vehicles']",2010-08-18,10
12070,"['Reality', 'Micropasta']",2011-03-21,225
12071,['Mental Illness'],2014-09-02,1486
12072,"['Beings', 'Mental Illness', 'Weird']",2011-04-23,258
12073,"['Beings', 'Science']",2018-03-02,2763
12074,"['Mental Illness', 'Micropasta']",2013-04-08,974
12075,"['Weird', 'Icydice', 'Videos']",2017-08-31,2580
12076,['Beings'],2013-11-30,1210
12077,"['Beings', 'Micropasta']",2018-09-18,2963
12078,['PokéMon'],2011-09-09,397
12079,"['Beings', 'Television', 'Micropasta']",2013-01-06,882
12080,"['Beings', 'Reality', 'Mental Illness', 'Dismemberment']",2014-11-18,1563
12081,"['Items/Objects', 'Beings', 'Micropasta']",2010-12-14,128
12082,"['Dreams/Sleep', 'Items/Objects', 'Music']",2012-01-03,513
12083,"['Beings', 'Disappearances']",2018-08-19,2933
12084,"['Mental Illness', 'Diary/Journal']",2023-01-05,4533
12085,"['Beings', 'Killahawke1', 'Videos', 'Weird']",2016-12-07,2313
12086,"['Items/Objects', 'Ghosts']",2013-07-25,1082
12087,['Television'],2021-12-05,4137
12088,"['Beings', 'Diary/Journal', 'Mental Illness']",2011-10-30,448
12089,"['Appealed Stories', 'Video Games', 'Beings', 'Micropasta']",2014-05-09,1370
12090,"['Lovecraftian', 'Beings']",2013-09-04,1123
12091,"['DFPC15', 'Dreams/Sleep', 'Ghosts', 'Lovecraftian', 'Mental Illness']",2014-08-05,1458
12092,"['Ritual', 'Beings']",2012-08-21,744
12093,"['Places', 'Reality', 'Micropasta']",2012-09-26,780
12094,['Reality'],2013-04-16,982
12095,"['Weird', 'History', 'Theory']",2020-11-30,3767
12096,['Items/Objects'],2013-09-27,1146
12097,"['Music', 'Mental Illness', 'History']",2013-09-25,1144
12098,['Beings'],2020-02-12,3475
12099,"['Mental Illness', 'Ghosts', 'Places']",2013-09-15,1134
12100,"['Dreams/Sleep', 'Beings']",2011-12-24,503
12101,"['Beings', 'Computers and Internet']",2014-09-04,1488
12102,"['FearAddict', 'Mental Illness', 'Beings']",2014-10-15,1529
12103,['Mental Illness'],2013-10-18,1167
12104,['Ghosts'],2014-03-15,1315
12105,['Animals'],2015-04-26,1722
12106,"['Mental Illness', 'Dreams/Sleep', 'Dismemberment']",2013-01-11,887
12107,['Lost Episodes'],2013-08-02,1090
12108,"['Beings', 'Computers and Internet', 'Dourdan', 'NSFW', 'Longpasta']",2018-10-12,2987
12109,['Mental Illness'],2012-09-26,780
12110,"['NSFW', 'Disappearances', 'Reality']",2015-02-10,1647
12111,"['Disappearances', 'Ghosts', 'Mental Illness']",2012-09-26,780
12112,"['Demon/Devil', 'Dreams/Sleep']",2012-06-07,669
12113,['Beings'],2014-04-26,1357
12114,['Computers and Internet'],2012-06-10,672
12115,"['Weird', 'Reality']",2013-06-14,1041
12116,['Beings'],2012-04-11,612
12117,"['Ritual', 'Monsters']",2015-03-14,1679
12118,"['Monsters', 'Nature', 'Parlour']",2018-04-26,2818
12119,"['Reality', 'Micropasta']",2013-09-16,1135
12120,"['HPL', 'Poetry']",2018-01-05,2707
12121,"['Poetry', 'EtherBot']",2018-02-02,2735
12122,"['Reality', 'Gods', 'Dreams/Sleep']",2012-10-15,799
12123,['Mental Illness'],2017-04-08,2435
12124,"['Television', 'Items/Objects']",2013-03-07,942
12125,"['Television', 'Items/Objects', 'Beings']",2013-03-08,943
12126,"['HPL', 'Poetry']",2012-04-15,616
12127,['Mental Illness'],2011-03-23,227
12128,['Mental Illness'],2013-04-21,987
12129,"['Dreams/Sleep', 'Ghosts']",2012-05-15,646
12130,['Video Games'],2013-02-18,925
12131,"['Items/Objects', 'Theory', 'Micropasta']",2013-06-11,1038
12132,"['Places', 'Monsters']",2016-05-15,2107
12133,"['Theory', 'Diary/Journal', 'Mental Illness', 'Places']",2013-05-18,1014
12134,"['Monsters', 'Mental Illness']",2011-05-26,291
12135,['Items/Objects'],2014-11-24,1569
12136,"['Theory', 'History', 'Micropasta']",2015-06-19,1776
12137,"['Appealed Stories', 'Demon/Devil']",2014-06-22,1414
12138,['Mental Illness'],2013-01-16,892
12139,"['Mental Illness', 'Computers and Internet', 'Beings']",2015-05-03,1729
12140,"['EAP', 'Poetry']",2017-12-21,2692
12141,['Ghosts'],2014-04-11,1342
12142,"['Science', 'Space', 'Historical Archive']",2012-02-01,542
12143,"['Demon/Devil', 'Mental Illness', 'Items/Objects']",2012-05-01,632
12144,"['Historical Archive/PD', 'Micropasta']",2017-11-28,2669
12145,"['Beings', 'JohnathanNash', 'Science', 'Space']",2015-06-17,1774
12146,"['Demon/Devil', 'Dreams/Sleep', 'Mental Illness']",2013-03-11,946
12147,"['Demon/Devil', 'Ritual', 'Lovecraftian', 'Places', 'History', 'Videos', 'K. Banning Kellum', 'Longpasta']",2015-02-26,1663
12148,"['Demon/Devil', 'Places', 'Ritual', 'Lovecraftian', 'Dismemberment', 'Videos', 'K. Banning Kellum', 'Longpasta']",2015-08-19,1837
12149,"['Demon/Devil', 'Lovecraftian', 'Ritual', 'Items/Objects', 'Videos', 'K. Banning Kellum', 'Longpasta']",2015-04-08,1704
12150,"['Ritual', 'Places', 'Demon/Devil', 'Lovecraftian', 'Dismemberment', 'Videos', 'K. Banning Kellum', 'Longpasta']",2015-06-24,1781
12151,"['Ritual', 'Demon/Devil', 'Places', 'Lovecraftian', 'Gods', 'Videos', 'K. Banning Kellum', 'Longpasta']",2016-09-23,2238
12152,"['Demon/Devil', 'Ritual', 'Diary/Journal', 'History', 'Lovecraftian', 'Dreams/Sleep', 'Videos', 'K. Banning Kellum', 'Longpasta']",2015-02-04,1641
12153,"['Lovecraftian', 'Places', 'Ritual', 'Demon/Devil', 'Videos', 'K. Banning Kellum', 'Longpasta']",2016-03-13,2044
12154,"['Demon/Devil', 'Ritual', 'Lovecraftian', 'Dismemberment', 'Videos', 'K. Banning Kellum', 'Longpasta']",2015-04-14,1710
12155,"['Places', 'Dreams/Sleep', 'Beings', 'Lovecraftian', 'Demon/Devil', 'Ritual', 'Videos', 'K. Banning Kellum', 'Longpasta']",2015-11-22,1932
12156,"['Demon/Devil', 'Ritual', 'Places', 'Lovecraftian', 'Dreams/Sleep', 'Videos', 'K. Banning Kellum', 'Longpasta']",2015-05-17,1743
12157,"['Monsters', 'Items/Objects', 'Postuhenin']",2020-05-22,3575
12158,['Demon/Devil'],2013-05-19,1015
12159,"['Military', 'Items/Objects', 'History']",2021-06-15,3964
12160,['Monsters'],2014-05-11,1372
12161,['Lost Episodes'],2010-12-09,123
12162,['Lost Episodes'],2012-12-06,851
12163,"['Mental Illness', 'Dismemberment', 'Food', 'Jdeschene', 'Videos']",2018-04-10,2802
12164,['Dismemberment'],2012-04-07,608
12165,"['Beings', 'Disappearances', 'Places', 'History']",2012-01-18,528
12166,"['Places', 'Ritual', 'Weird', 'RTWC23', 'William See']",2023-08-28,4768
12167,"['AltLang', 'Poetry', 'Ritual', 'Historical Archive']",2012-07-23,715
12168,"['Beings', 'Diary/Journal']",2013-09-29,1148
12169,"['Dismemberment', 'Disappearances', 'Dreams/Sleep', 'Mental Illness', 'SnakeTongue237']",2015-07-26,1813
12170,"['Mental Illness', 'Dreams/Sleep']",2017-08-13,2562
12171,"['Diary/Journal', 'Science', 'Mental Illness', 'Beings']",2013-11-12,1192
12172,"['Monsters', 'NSFW', 'Nature', 'William See']",2020-02-11,3474
12173,"['Photography', 'Disappearances', 'Dismemberment']",2012-04-16,617
12174,"['Beings', 'Dismemberment', 'MalumLibrum958']",2022-11-24,4491
12175,"['Halloween', 'Beings']",2018-09-20,2965
12176,"['Weird', 'Micropasta']",2013-04-27,993
12177,['Mental Illness'],2012-05-20,651
12178,['Ghosts'],2015-03-08,1673
12179,"['Beings', 'Computers and Internet', 'Dismemberment', 'Dreams/Sleep', 'Nature']",2015-02-12,1649
12180,"['Disappearances', 'Dismemberment', 'Micropasta']",2015-05-22,1748
12181,['Mental Illness'],2015-03-11,1676
12182,['Poetry'],2013-11-29,1209
12183,"['Video Games', 'Disappearances']",2019-09-17,3327
12184,"['Mental Illness', 'Dismemberment', 'Micropasta']",2013-01-01,877
12185,"['Video Games', 'Videos']",2012-10-27,811
12186,"['Dreams/Sleep', 'Dismemberment', 'Monsters']",2018-07-12,2895
12187,"['Reality', 'Military', 'History', 'Vehicles']",2017-03-20,2416
12188,"['Weird', 'Micropasta']",2012-12-17,862
12189,['Mental Illness'],2012-12-10,855
12190,"['Items/Objects', 'Mental Illness']",2014-03-22,1322
12191,"['PokéMon', 'Historical Archive']",2012-02-20,561
12192,['Dismemberment'],2015-04-19,1715
12193,['Reality'],2014-09-15,1499
12194,"['Disappearances', 'Doom Vroom', 'Mental Illness', 'Nature', 'Videos']",2015-04-22,1718
12195,"['Beings', 'Disappearances', 'Dreams/Sleep']",2014-06-22,1414
12196,['Reality'],2013-04-24,990
12197,"['Mental Illness', 'NSFW', 'Dismemberment', 'Historical Archive']",2012-07-15,707
12198,"['Military', 'Dismemberment', 'Micropasta', 'MalumLibrum958']",2022-11-14,4481
12199,"['HPL', 'Poetry']",2012-04-15,616
12200,"['Space', 'D. Compton Ambrose']",2019-02-15,3113
12201,"['Video Games', 'Computers and Internet']",2020-08-06,3651
12202,"['EmpyrealInvective', 'Science', 'Videos']",2018-05-22,2844
12203,['Historical Archive/PD'],2018-06-26,2879
12204,['Video Games'],2012-11-17,832
12205,"['Historical Archive', 'Disappearances', 'Places', 'Micropasta']",2011-07-26,352
12206,"['Demon/Devil', 'Theory']",2013-04-05,971
12207,"['Ghosts', 'History', 'Dismemberment', 'Places']",2012-08-07,730
12208,"['Beings', 'Places', 'Disappearances', 'Television']",2015-09-17,1866
12209,"['Mental Illness', 'Places']",2012-02-10,551
12210,"['Dreams/Sleep', 'Demon/Devil', 'DoctorBleed']",2018-01-07,2709
12211,"['Beings', 'Items/Objects']",2013-04-13,979
12212,"['Diary/Journal', 'Disappearances']",2012-03-20,590
12213,['Weird'],2022-06-18,4332
12214,"['TheDoctorFF', 'Beings']",2017-12-10,2681
12215,['Ritual'],2021-08-31,4041
12216,['Disappearances'],2018-02-18,2751
12217,"['Ritual', 'Dismemberment']",2012-12-21,866
12218,"['2015 Creepypasta Freestyle Challenge', 'Items/Objects', 'Mmpratt99 deviantart', 'Places']",2015-02-11,1648
12219,['Disappearances'],2013-02-12,919
12220,"['Dismemberment', 'HLWerewolf2017', 'Mental Illness', 'Monsters', 'Science', 'Noctevoire']",2017-10-12,2622
12221,"['Ghosts', 'Dismemberment', 'Mental Illness']",2018-07-15,2898
12222,"['Diary/Journal', 'Animals', 'Mental Illness', 'Beings']",2011-12-13,492
12223,"['Diary/Journal', 'Computers and Internet', 'Monsters']",2012-04-29,630
12224,['Monsters'],2014-11-06,1551
12225,"['Beings', 'Dismemberment']",2014-05-10,1371
12226,['PokéMon'],2010-11-27,111
12227,"['Photography', 'Reality']",2014-08-12,1465
12228,"['Computers and Internet', 'Theory', 'Places', 'Micropasta']",2012-04-17,618
12229,"['Demon/Devil', 'Disappearances', 'Mirrors']",2015-01-13,1619
12230,"['Monsters', 'Weird', 'Micropasta']",2021-12-24,4156
12231,['PokéMon'],2012-09-29,783
12232,['Reality'],2021-06-07,3956
12233,"['Disappearances', 'Items/Objects']",2012-05-10,641
12234,"['Demon/Devil', 'NSFW']",2012-06-10,672
12235,"['Computers and Internet', 'Places', 'Weird']",2019-12-23,3424
12236,['Beings'],2013-10-18,1167
12237,"['Dreams/Sleep', 'Weird']",2018-02-22,2755
12238,"['Reality', 'Nature', 'Beings', 'Vehicles']",2014-08-20,1473
12239,['Nature'],2012-10-07,791
12240,"['Poetry', 'Nature', 'WaveDivisionMultiplexer']",2014-07-05,1427
12241,"['Beings', 'Places']",2012-09-21,775
12242,"['Weird', 'NSFW', 'Gomez Capulet', 'Disappearances', 'Science']",2018-05-24,2846
12243,['Weird'],2023-02-15,4574
12244,['PokéMon'],2012-05-26,657
12245,"['Beings', 'Halloween', 'Places', 'History', 'Historical Archive']",2010-11-07,91
12246,"['Mental Illness', 'Weird', 'Mirrors']",2020-08-13,3658
12247,"['Ghosts', 'Items/Objects']",2012-07-01,693
12248,"['Dreams/Sleep', 'Demon/Devil', 'Places']",2019-10-31,3371
12249,['Mental Illness'],2015-11-10,1920
12250,"['Disappearances', 'Mental Illness', 'Dismemberment']",2012-03-17,587
12251,"[""The Vesper's Bell""]",2023-02-18,4577
12252,"['Monsters', 'Dismemberment', 'Nature']",2013-02-14,921
12253,['Ghosts'],2014-07-15,1437
12254,['Weird'],2019-12-28,3429
12255,['Science'],2011-03-19,223
12256,"['Dreams/Sleep', 'Historical Archive']",2012-08-01,724
12257,['Mental Illness'],2014-05-23,1384
12258,['Monsters'],2012-04-08,609
12259,"['Historical Archive', 'Ritual', 'Places', 'Micropasta']",2011-01-08,153
12260,['Monsters'],2017-07-06,2524
12261,"['Demon/Devil', 'Videos', 'Micropasta']",2012-10-01,785
12262,"['Reality', 'Television', 'Micropasta']",2011-09-06,394
12263,"['Mental Illness', 'NSFW']",2015-08-31,1849
12264,['Mental Illness'],2014-04-09,1340
12265,"['Weird', 'Beings', 'Micropasta']",2015-07-08,1795
12266,['Video Games'],2015-07-01,1788
12267,"['Animals', 'EmpyrealInvective', 'Reality', 'Longpasta']",2014-07-26,1448
12268,['Mental Illness'],2011-10-13,431
12269,"['Reality', 'Computers and Internet', 'Historical Archive', 'Dreams/Sleep']",2010-11-15,99
12270,['PokéMon'],2011-08-07,364
12271,"['Beings', 'Theory', 'Reality', 'Micropasta']",2013-05-22,1018
12272,"['Ritual', 'Reality']",2017-03-31,2427
12273,['Beings'],2011-10-12,430
12274,"['Reality', 'Science', 'Theory']",2012-03-08,578
12275,"['EmpyrealInvective', 'Mental Illness', 'Weird', 'Longpasta']",2016-10-21,2266
12276,"['EmpyrealInvective', 'Mental Illness', 'Monsters', 'Longpasta']",2014-02-27,1299
12277,['Weird'],2022-11-03,4470
12278,"['Dreams/Sleep', 'Beings', 'Micropasta', 'Historical Archive']",2011-03-21,225
12279,"['Beings', 'Historical Archive', 'Mental Illness', 'Science', 'Suggested Reading']",2011-06-11,307
12280,"['Summer Creative Writing 2016', 'Monsters', 'Diary/Journal', 'Disappearances', 'Videos', 'Shadowswimmer77']",2016-07-16,2169
12281,"['Mental Illness', 'Places', 'Theory']",2012-01-19,529
12282,"['L0CKED334', 'Mental Illness', 'Videos', 'Dismemberment']",2018-09-12,2957
12283,"['L0CKED334', 'Weird', 'Videos']",2018-11-09,3015
12284,"['Computers and Internet', 'Videos', 'Beings', 'Items/Objects']",2012-11-18,833
12285,"['Dreams/Sleep', 'Beings']",2012-06-24,686
12286,"['Nature', 'Monsters']",2018-03-20,2781
12287,"['History', 'Music', 'Reality', 'Theory', 'Videos']",2012-04-19,620
12288,['Television'],2013-05-29,1025
12289,"['Ghosts', 'Dismemberment']",2013-04-01,967
12290,['Ghosts'],2014-08-06,1459
12291,"['DFPC15', 'Mental Illness', 'Places']",2014-09-16,1500
12292,"['Military', 'Mental Illness', 'Ghosts']",2014-05-25,1386
12293,"['Mental Illness', 'Places']",2013-01-23,899
12294,['Ghosts'],2014-03-11,1311
12295,"['Science', 'Monsters', 'Diary/Journal']",2013-09-28,1147
12296,['Mental Illness'],2013-10-17,1166
12297,"['NSFW', 'Hospitals', 'Beings', 'Mental Illness', 'Kolpik']",2018-03-26,2787
12298,"['Beings', 'Places']",2017-04-13,2440
12299,"['Mental Illness', 'Micropasta']",2023-01-28,4556
12300,"['Mental Illness', 'Items/Objects', 'Weird', 'Gomez Capulet']",2015-04-15,1711
12301,"['Mental Illness', 'Demon/Devil', 'Items/Objects']",2017-04-17,2444
12302,"['Monsters', 'Disappearances', 'Items/Objects']",2014-05-28,1389
12303,['Mental Illness'],2012-09-12,766
12304,['Mental Illness'],2013-09-28,1147
12305,"['Mental Illness', 'Diary/Journal', 'Disappearances', 'Beings']",2013-11-06,1186
12306,"['Weird', 'Micropasta']",2016-12-04,2310
12307,"['Dismemberment', 'Monsters', 'Science', 'Demon/Devil']",2020-03-15,3507
12308,"['Beings', 'Diary/Journal', 'Items/Objects']",2013-04-27,993
12309,"['AGB', 'Military']",2017-10-28,2638
12310,"['EmpyrealInvective', 'Space', 'Videos']",2013-11-08,1188
12311,"['Weird', 'Dismemberment', 'Mental Illness']",2012-12-13,858
12312,"['Monsters', 'Places']",2015-05-27,1753
12313,"['Beings', 'Mental Illness', 'Animals', 'Food']",2022-02-21,4215
12314,['Monsters'],2014-05-27,1388
12315,"['Reality', 'Animals', 'Ghosts']",2021-06-06,3955
12316,"['Mental Illness', 'Dismemberment', 'Disappearances']",2011-11-15,464
12317,['Weird'],2015-04-02,1698
12318,"['Diary/Journal', 'Vehicles', 'Mental Illness', 'Military', 'History']",2016-11-14,2290
12319,"['Killahawke1', 'Monsters', 'Music', 'Space', 'Videos']",2016-08-23,2207
12320,"['History', 'Vehicles', 'Ghosts']",2018-07-19,2902
12321,"['EAP', 'Poetry']",2017-10-27,2637
12322,['Video Games'],2012-12-02,847
12323,"['Computers and Internet', 'Diary/Journal', 'Disappearances', 'Television']",2014-04-29,1360
12324,"['EmpyrealInvective', 'Weird', 'Videos']",2014-01-05,1246
12325,"['Demon/Devil', 'Mmpratt99 deviantart', 'We Go Bump 3']",2014-11-24,1569
12326,"['Mental Illness', 'History']",2012-08-01,724
12327,"['Music', 'Dismemberment', 'Mental Illness', 'Computers and Internet']",2018-01-11,2713
12328,"['CertainShadows', 'Videos', 'Weird']",2020-04-14,3537
12329,['Dreams/Sleep'],2016-05-30,2122
12330,"['GreyOwl', 'Mental Illness', 'Vehicles', 'Videos']",2014-09-19,1503
12331,"['Gods', 'Items/Objects']",2022-10-10,4446
12332,"['Items/Objects', 'Computers and Internet', 'Dismemberment', 'Historical Archive']",2010-11-06,90
12333,"['Weird', 'Monsters', 'Gomez Capulet']",2018-05-22,2844
12334,"['Animals', 'Disappearances', 'Mental Illness', 'Dismemberment']",2017-06-21,2509
12335,['Beings'],2012-05-21,652
12336,['Ghosts'],2014-09-09,1493
12337,"['Beings', 'Jdeschene']",2020-06-06,3590
12338,"['Beings', 'Mental Illness', 'Diary/Journal', 'Weird']",2017-10-29,2639
12339,['Dreams/Sleep'],2021-02-21,3850
12340,['Beings'],2013-02-08,915
12341,['Mental Illness'],2013-06-17,1044
12342,"['Beings', 'Computers and Internet']",2015-08-24,1842
12343,['Diary/Journal'],2013-07-17,1074
12344,"['Monsters', 'Disappearances']",2018-01-18,2720
12345,"['Beings', 'Disappearances', 'Longpasta']",2017-06-06,2494
12346,"['Contest Winner', 'Dismemberment', 'Ghosts', 'HumboldtLycanthrope', 'Mental Illness', 'Music', 'NSFW', 'Places', 'CPWSong2015']",2015-05-26,1752
12347,"['Monsters', 'Micropasta']",2013-11-07,1187
12348,"['Places', 'Micropasta']",2013-02-28,935
12349,"['Beings', 'Items/Objects']",2014-06-19,1411
12350,"['Dreams/Sleep', 'Micropasta']",2018-04-25,2817
12351,"['Monsters', 'Dreams/Sleep']",2013-02-15,922
12352,"['HPL', 'Places', 'Gods', 'Dreams/Sleep', 'Reality', 'Longpasta']",2017-09-22,2602
12353,['Demon/Devil'],2013-04-25,991
12354,"['Monsters', 'Places']",2012-02-29,570
12355,"['Weird', 'Mental Illness', 'ZugZuwang', 'Videos']",2021-12-16,4148
12356,"['Weird', 'Dismemberment']",2018-05-15,2837
12357,"['Monsters', 'Dismemberment', 'Space']",2023-05-22,4670
12358,"['Ghosts', 'Mental Illness']",2012-10-25,809
12359,"['Monsters', 'Micropasta']",2013-01-01,877
12360,"['Dreams/Sleep', 'Monsters', 'Dismemberment']",2012-05-26,657
12361,['Mental Illness'],2017-08-21,2570
12362,"['Beings', 'Diary/Journal', 'Animals', 'Nature', 'Science', 'Vehicles', 'Places', 'Reality']",2018-06-23,2876
12363,"['Places', 'Beings']",2014-10-29,1543
12364,"['Reality', 'Beings', 'Dreams/Sleep']",2012-01-21,531
12365,"['RTWC23', 'Diary/Journal', 'Crime', 'Mental Illness', 'Science', 'Dismemberment']",2023-08-27,4767
12366,"['Dreams/Sleep', 'Reality', 'Beings', 'Science']",2011-08-06,363
12367,"['Dismemberment', 'History', 'Music', 'Videos', 'FlakyPorcupine']",2013-11-11,1191
12368,['Reality'],2013-09-21,1140
12369,"['Disappearances', 'Micropasta']",2013-01-30,906
12370,"['Historical Archive', 'Photography', 'Ghosts', 'Micropasta']",2011-03-24,228
12371,"['Items/Objects', 'Monsters']",2014-06-24,1416
12372,['Dreams/Sleep'],2014-01-13,1254
12373,['Ghosts'],2014-06-16,1408
12374,"['HopelessNightOwl', 'Dreams/Sleep', 'Weird']",2018-12-22,3058
12375,"['Items/Objects', 'Mental Illness']",2013-05-06,1002
12376,"['Weird', 'Beings', 'Disappearances']",2014-10-04,1518
12377,['Beings'],2013-10-03,1152
12378,"['Ritual', 'Disappearances']",2011-03-20,224
12379,"['Gomez Capulet', 'Monsters', 'Weird']",2022-09-07,4413
12380,"['Beings', 'Disappearances', 'Computers and Internet', 'Weird']",2018-07-24,2907
12381,['Video Games'],2013-07-17,1074
12382,['Monsters'],2017-03-03,2399
12383,['Diary/Journal'],2012-02-01,542
12384,"['Theory', 'Mental Illness', 'Reality', 'Diary/Journal']",2012-05-30,661
12385,"['Historical Archive', 'Items/Objects']",2010-11-07,91
12386,"['History', 'Military']",2013-03-27,962
12387,['Mental Illness'],2020-08-29,3674
12388,"['Animals', 'Beings', 'Ritual']",2013-11-25,1205
12389,['Beings'],2015-02-24,1661
12390,"['Beings', 'Mirrors', 'Reality', 'Micropasta']",2012-02-17,558
12391,"['Items/Objects', 'Beings']",2012-10-24,808
12392,"['Places', 'Lovecraftian']",2017-08-23,2572
12393,"['L0CKED334', 'Poetry', 'Monsters']",2018-10-21,2996
12394,"['Mental Illness', 'Reality']",2013-01-05,881
12395,['Reality'],2014-04-03,1334
12396,"['History', 'Vehicles', 'Micropasta']",2013-07-12,1069
12397,['Mental Illness'],2014-06-28,1420
12398,"['Places', 'Mental Illness']",2013-01-15,891
12399,['Reddit Pastas'],2017-02-19,2387
12400,"['Mental Illness', 'Computers and Internet']",2015-05-10,1736
12401,['Beings'],2017-04-16,2443
12402,"['Beings', 'Items/Objects', 'Dreams/Sleep']",2011-09-19,407
12403,"['Monsters', 'Reality', 'Dreams/Sleep', 'Mental Illness']",2014-06-08,1400
12404,"['Mental Illness', 'Dreams/Sleep']",2014-10-04,1518
12405,"['Mental Illness', 'Weird']",2014-03-04,1304
12406,['Monsters'],2013-02-04,911
12407,"['Mental Illness', 'Animals']",2011-03-24,228
12408,"['Computers and Internet', 'Videos']",2013-01-15,891
12409,"['Reality', 'Beings']",2018-12-28,3064
12410,"['Ritual', 'Beings']",2013-06-11,1038
12411,['Computers and Internet'],2014-02-24,1296
12412,"['CharminglyShallow', 'Demon/Devil', 'Mental Illness', 'Reality']",2014-08-16,1469
12413,"['L0CKED334', 'Ghosts']",2019-01-24,3091
12414,"['Josef K.', 'Historical Archive', 'Nature', 'Reality']",2010-12-09,123
12415,"['Places', 'Beings', 'Items/Objects', 'Disappearances']",2017-06-23,2511
12416,"['Kafka', 'Animals', 'Places']",2017-09-15,2595
12417,"['Theory', 'Music', 'Christmas']",2013-11-20,1200
12418,"['Computers and Internet', 'Beings', 'Reality']",2014-09-17,1501
12419,['Computers and Internet'],2013-05-24,1020
12420,"['Beings', 'Gods', 'Lovecraftian', 'Places', 'Longpasta']",2021-02-24,3853
12421,"['Beings', 'Reddit Pastas', 'Dismemberment', 'Reality']",2023-03-17,4604
12422,"['Beings', 'Historical Archive', 'Micropasta']",2010-08-09,1
12423,"['Dismemberment', 'Places', 'Monsters']",2013-10-30,1179
12424,"['ClericofMadness', 'Dreams/Sleep', 'Micropasta']",2010-09-21,44
12425,"['Places', 'Ghosts']",2014-04-13,1344
12426,"['Beings', 'Diary/Journal']",2013-08-14,1102
12427,['Mental Illness'],2019-06-10,3228
12428,"['Ghosts', 'Poetry']",2013-02-24,931
12429,['Computers and Internet'],2012-07-20,712
12430,"['Computers and Internet', 'Demon/Devil', 'Memes', 'Reality', 'Videos']",2010-12-08,122
12431,['Video Games'],2013-01-22,898
12432,"['Diary/Journal', 'Reality']",2013-08-18,1106
12433,['Items/Objects'],2011-07-08,334
12434,"['Video Games', 'Computers and Internet']",2012-07-09,701
12435,"['Mental Illness', 'Dismemberment']",2013-01-04,880
12436,"['Dismemberment', 'Mental Illness', 'NSFW', 'Beings']",2012-06-03,665
12437,['Disappearances'],2012-08-09,732
12438,"['Mental Illness', 'Ghosts', 'Dismemberment']",2012-02-13,554
12439,"['MLycantrope', 'Beings', 'Poetry']",2021-07-08,3987
12440,"['ClericofMadness', 'Monsters', 'Reality', 'Micropasta']",2010-12-13,127
12441,"['Dismemberment', 'Micropasta']",2013-03-02,937
12442,"['Ritual', 'Theory', 'Beings']",2014-03-08,1308
12443,"['Beings', 'Dreams/Sleep', 'Poetry', 'Fairy Tale 2015']",2015-05-14,1740
12444,"['Reddit Pastas', 'Monsters', 'Places']",2019-06-08,3226
12445,"['Dreams/Sleep', 'Science', 'Raidra']",2015-01-10,1616
12446,['Monsters'],2014-05-08,1369
12447,"['Weird', 'Dismemberment']",2023-06-04,4683
12448,['Computers and Internet'],2013-04-16,982
12449,"['Beings', 'MLycantrope']",2023-02-06,4565
12450,"['Ghosts', 'Micropasta']",2012-02-22,563
12451,"['Animals', 'Nature', 'Summer Creative Writing 2016']",2016-07-14,2167
12452,['Beings'],2013-12-11,1221
12453,['Computers and Internet'],2013-02-11,918
12454,"['Gods', 'Items/Objects', 'Tewahway', 'Videos', 'NSFW']",2021-12-01,4133
12455,"['PokéMon', 'Theory', 'Historical Archive']",2010-12-12,126
12456,['Mental Illness'],2016-12-19,2325
12457,['Beings'],2019-05-01,3188
12458,"['Ritual', 'Items/Objects', 'Beings', 'Monsters']",2018-08-04,2918
12459,['Dreams/Sleep'],2011-03-23,227
12460,"[""The Vesper's Bell"", 'Beings']",2022-08-05,4380
12461,"['Weird', 'Dreams/Sleep', 'Mental Illness', 'Gomez Capulet']",2018-05-20,2842
12462,"['Ritual', 'Beings', 'Dismemberment', 'Noctevoire']",2018-01-08,2710
12463,"['Beings', 'Dreams/Sleep', 'Mental Illness']",2012-10-29,813
12464,['Mental Illness'],2013-11-10,1190
12465,"['Lovecraftian', 'Weird', 'Gods', 'AustinDR', 'Longpasta']",2024-02-04,4928
12466,['Video Games'],2012-12-06,851
12467,"['Mental Illness', 'History', 'Beings']",2014-06-23,1415
12468,['Mental Illness'],2012-04-01,602
12469,"['Diary/Journal', 'Monsters', 'Dismemberment']",2011-07-10,336
12470,"['Dreams/Sleep', 'Items/Objects', 'Television']",2011-04-08,243
12471,['Items/Objects'],2013-07-21,1078
12472,"['Beings', 'Dismemberment', 'Television']",2014-06-25,1417
12473,"['Weird', 'Videos', 'ZugZuwang', 'PotM']",2021-11-29,4131
12474,"['AltLang', 'Beings']",2013-11-24,1204
12475,"['Items/Objects', 'Historical Archive']",2010-11-07,91
12476,"['Beings', 'Longpasta']",2018-03-06,2767
12477,"['Monsters', 'Crime']",2015-08-16,1834
12478,"['Places', 'Disappearances']",2013-03-11,946
12479,"['Poetry', 'Mental Illness', 'Dismemberment', 'FlakyPorcupine']",2013-11-09,1189
12480,"['MLycantrope', 'Animals', 'Beings']",2021-07-27,4006
12481,"['Ritual', 'Mirrors', 'Beings']",2015-01-11,1617
12482,['Video Games'],2013-01-04,880
12483,"['Demon/Devil', 'Mental Illness', 'Reality']",2012-04-07,608
12484,['Places'],2013-12-31,1241
12485,['Items/Objects'],2011-10-19,437
12486,"['Monsters', 'Mental Illness']",2014-11-09,1554
12487,['Demon/Devil'],2013-12-09,1219
12488,"['Beings', 'Items/Objects']",2022-09-18,4424
12489,"['L0CKED334', 'Video Games']",2018-09-24,2969
12490,"['Computers and Internet', 'Animals', 'Beings']",2011-11-27,476
12491,"['Video Games', 'Reality', 'Micropasta']",2012-11-24,839
12492,['Video Games'],2013-04-20,986
12493,"['Computers and Internet', 'Mental Illness']",2014-06-04,1396
12494,"['Diary/Journal', 'Mental Illness', 'Monsters']",2015-07-09,1796
12495,"['Ghosts', 'Places', 'Dreams/Sleep', 'Reality']",2015-03-25,1690
12496,['Items/Objects'],2012-12-10,855
12497,"['Mental Illness', 'Military', 'History', 'Micropasta']",2011-08-12,369
12498,"['Dreams/Sleep', 'Historical Archive']",2010-11-07,91
12499,"['Cornconic', 'HWC23', 'Halloween', 'Beings', 'Weird']",2023-10-28,4829
12500,"['GreyOwl', 'Mental Illness', 'Videos', 'Dismemberment']",2014-09-29,1513
12501,['Beings'],2012-12-24,869
12502,"['Reality', 'Science']",2013-04-18,984
12503,"['Beings', 'Dismemberment']",2013-11-15,1195
12504,"['Dreams/Sleep', 'L0CKED334', 'Videos']",2018-08-07,2921
12505,"['Animals', 'Monsters']",2022-09-13,4419
12506,"['Demon/Devil', 'JohnathanNash', 'Lovecraftian', 'Mental Illness']",2015-09-13,1862
12507,"['Weird', 'Mental Illness']",2015-02-03,1640
12508,['Ritual'],2016-03-11,2042
12509,"['Places', 'Theory']",2014-10-29,1543
12510,['Reality'],2013-02-28,935
12511,"['Lovecraftian', 'Weird', 'Vehicles']",2020-09-06,3682
12512,['Beings'],2013-10-16,1165
12513,['Weird'],2016-07-27,2180
12514,"['Reality', 'Nature', 'Micropasta']",2012-12-13,858
12515,"['Mental Illness', 'History', 'Diary/Journal']",2011-11-09,458
12516,"['Mental Illness', 'Diary/Journal']",2012-05-24,655
12517,"['Places', 'Demon/Devil']",2011-04-16,251
12518,['Weird'],2014-06-09,1401
12519,"['Television', 'Videos']",2014-12-07,1582
12520,['EAP'],2012-05-01,632
12521,['Mental Illness'],2012-03-06,576
12522,"['Beings', 'Dreams/Sleep', 'Historical Archive', 'Longpasta']",2011-06-22,318
12523,"['Animals', 'Suggested Reading']",2013-06-06,1033
12524,"['Troll Pasta', 'Memes', 'Historical Archive', 'PotM', 'Micropasta']",2010-08-11,3
12525,"['Dismemberment', 'Beings', 'Historical Archive']",2010-12-15,129
12526,"['Military', 'Computers and Internet', 'Disappearances', 'Science']",2014-06-08,1400
12527,['Lost Episodes'],2013-04-21,987
12528,"['Television', 'Ghosts']",2019-05-30,3217
12529,"['Dreams/Sleep', 'Places']",2012-01-27,537
12530,"['Monsters', 'Diary/Journal']",2012-08-28,751
12531,"['Gods', 'Places']",2011-10-22,440
12532,"['Mental Illness', 'Dreams/Sleep', 'Weird', 'NSFW', 'Nature']",2011-09-06,394
12533,['Beings'],2016-03-24,2055
12534,"['Beings', 'Micropasta']",2011-11-16,465
12535,"['Ghosts', 'Ritual', 'Disappearances']",2013-01-31,907
12536,"['Mental Illness', 'Weird']",2016-08-26,2210
12537,"['Dreams/Sleep', 'Television']",2012-02-07,548
12538,"['Reality', 'Dreams/Sleep', 'Micropasta']",2010-08-18,10
12539,"['Ghosts', 'Dreams/Sleep']",2012-10-29,813
12540,"['Demon/Devil', 'Dismemberment']",2016-11-28,2304
12541,"['Dreams/Sleep', 'Reality', 'Videos', 'Micropasta']",2020-03-16,3508
12542,"['Monsters', 'Micropasta']",2012-07-10,702
12543,"['Dreams/Sleep', 'EmpyrealInvective', 'Reality']",2014-04-19,1350
12544,"['Demon/Devil', 'Dreams/Sleep', 'Mental Illness']",2013-02-17,924
12545,"['Ghosts', 'Dreams/Sleep', 'Reality']",2012-02-06,547
12546,"['RTWC23', 'Contest Winner', 'StalkerShrike', 'Dreams/Sleep', 'Mental Illness', 'Beings', 'Weird']",2023-08-20,4760
12547,"['Places', 'Ghosts', 'Disappearances']",2014-04-19,1350
12548,"['Places', 'Nature', 'Ghosts']",2011-02-28,204
12549,"['Lovecraftian', 'Gods']",2013-08-02,1090
12550,['Mental Illness'],2021-01-08,3806
12551,"['STTWC15', 'Mental Illness', 'Reality', 'Disappearances']",2015-04-14,1710
12552,"['Monsters', 'Dismemberment', 'Items/Objects']",2014-07-07,1429
12553,['Dreams/Sleep'],2012-04-24,625
12554,['Animals'],2011-07-13,339
12555,"['Dreams/Sleep', 'Videos', 'Beings', 'Poetry']",2015-10-17,1896
12556,"['Animals', 'Mental Illness', 'Micropasta']",2013-12-24,1234
12557,"['Mental Illness', 'Weird', 'Postuhenin']",2020-05-11,3564
12558,"['Weird', 'Beings', 'Items/Objects', 'Micropasta']",2014-01-27,1268
12559,"['Ghosts', 'Items/Objects', 'NSFW']",2012-04-23,624
12560,"['Reddit Pastas', 'Places', 'Reality', 'Beings', 'Weird']",2017-08-30,2579
12561,"['Items/Objects', 'Mental Illness']",2015-06-12,1769
12562,['PokéMon'],2011-10-03,421
12563,['Gods'],2020-06-27,3611
12564,['Computers and Internet'],2017-05-09,2466
12565,"['Monsters', 'Micropasta']",2012-07-10,702
12566,"['Reality', 'Beings', 'Ritual', 'TheWizardOfTheWoods']",2018-07-07,2890
12567,"['Gods', 'Items/Objects', ""The Vesper's Bell""]",2022-06-22,4336
12568,"['Dreams/Sleep', 'Weird']",2018-04-27,2819
12569,"['CPWSong2015', 'Disappearances', 'Dismemberment', 'Doom Vroom', 'Military', 'Videos']",2015-05-30,1756
12570,['Military'],2013-03-07,942
12571,"['Appealed Stories', 'Military', 'Demon/Devil']",2013-02-01,908
12572,"['Beings', 'Places', 'Lovecraftian', 'Historical Archive']",2010-11-07,91
12573,['Gods'],2012-02-23,564
12574,"['Dreams/Sleep', 'Reddit Pastas', 'Hospitals', 'Longpasta']",2016-01-20,1991
12575,"['Places', 'Ghosts']",2015-04-07,1703
12576,"['Alparos-Lilah', 'Disappearances']",2023-04-23,4641
12577,"['Beings', 'Weird', 'MalumLibrum958']",2022-11-22,4489
12578,"['Demon/Devil', 'Items/Objects']",2011-10-31,449
12579,"['Science', 'Space']",2013-12-07,1217
12580,['Mental Illness'],2015-03-24,1689
12581,"['Weird', 'Jdeschene']",2021-03-07,3864
12582,['Dreams/Sleep'],2013-08-23,1111
12583,"['Beings', 'Nature', 'Space']",2012-07-11,703
12584,"['Weird', 'Beings']",2017-05-08,2465
12585,['Items/Objects'],2014-10-04,1518
12586,['Mental Illness'],2013-04-09,975
12587,"['HPL', 'Poetry']",2012-04-15,616
12588,"['Diary/Journal', 'EmpyrealInvective', 'We Go Bump 3']",2013-12-01,1211
12589,"['Mental Illness', 'Dismemberment']",2015-06-10,1767
12590,"['Historical Archive', 'Items/Objects', 'Weird', 'Micropasta']",2011-03-20,224
12591,"['Beings', 'Dreams/Sleep', 'Lovecraftian']",2015-01-21,1627
12592,"['Ghosts', 'Dismemberment']",2011-05-24,289
12593,"['DFPC15', 'Items/Objects', 'Television', 'Theory']",2014-07-23,1445
12594,"['Crime', 'Disappearances', 'Animals', 'Diary/Journal']",2013-09-07,1126
12595,"['Reality', 'Mental Illness']",2016-08-20,2204
12596,"['Ghosts', 'Places', 'Ritual']",2013-07-04,1061
12597,"['Beings', 'Reality', 'Micropasta']",2011-02-13,189
12598,"['Computers and Internet', 'Beings', 'Disappearances']",2015-04-17,1713
12599,['Ghosts'],2011-11-01,450
12600,"['Dreams/Sleep', 'Beings', 'Micropasta']",2012-12-23,868
12601,"['Beings', 'Mental Illness']",2012-05-18,649
12602,"['Cryptids', 'Reality', 'Micropasta']",2011-03-02,206
12603,"['Diary/Journal', 'Mental Illness']",2012-06-15,677
12604,"['Beings', 'Memes', 'Disappearances']",2011-10-05,423
12605,['Beings'],2013-06-09,1036
12606,"['Ghosts', 'Historical Archive', 'Mental Illness', 'Micropasta']",2010-08-09,1
12607,"['Weird', 'RedNovaTyrant', 'Micropasta']",2021-01-21,3819
12608,"['Nature', 'Disappearances', 'Monsters']",2019-12-01,3402
12609,['Mental Illness'],2020-11-04,3741
12610,['Nature'],2013-03-17,952
12611,"['NSFW', 'Mental Illness', 'Gods']",2013-08-27,1115
12612,"['Reality', 'Disappearances', 'Historical Archive', 'Micropasta']",2010-08-19,11
12613,"['Dismemberment', 'History', 'Military', 'Cornconic', 'Videos']",2018-11-11,3017
12614,['Nature'],2017-01-27,2364
12615,"['Beings', 'Disappearances']",2012-10-04,788
12616,"['Mental Illness', 'Weird']",2022-09-08,4414
12617,['Photography'],2020-10-27,3733
12618,"['Cryptids', 'History', 'MalumLibrum958']",2022-11-18,4485
12619,"['Longpasta', 'Cryptids']",2023-11-09,4841
12620,['Mental Illness'],2015-05-26,1752
12621,"['Hospitals', 'Ghosts', 'NSFW']",2019-11-15,3386
12622,"['Beings', 'Mental Illness', 'Reality']",2013-10-22,1171
12623,"['Mental Illness', 'Monsters', 'Crime']",2024-02-17,4941
12624,"['Science', 'Beings', 'Space']",2020-05-19,3572
12625,['Monsters'],2014-06-02,1394
12626,"['Beings', 'Dreams/Sleep']",2012-05-31,662
12627,"['Mental Illness', 'Demon/Devil']",2014-07-19,1441
12628,['Beings'],2014-06-12,1404
12629,['Beings'],2017-04-17,2444
12630,"['Monsters', 'Music', 'Mental Illness']",2010-10-01,54
12631,"['Diary/Journal', 'Mental Illness', 'Beings']",2013-07-20,1077
12632,['Disappearances'],2014-03-04,1304
12633,['Monsters'],2014-11-23,1568
12634,"['Mental Illness', 'Computers and Internet', 'Ghosts']",2018-07-03,2886
12635,['Mental Illness'],2016-03-30,2061
12636,"['Diary/Journal', 'Computers and Internet', 'Dreams/Sleep']",2012-05-06,637
12637,"['Mental Illness', 'Beings']",2011-06-30,326
12638,"['Science', 'Beings', 'Space', 'Historical Archive']",2010-11-29,113
12639,"['Dismemberment', 'Mental Illness', 'Micropasta']",2012-12-30,875
12640,"['Dismemberment', 'EmpyrealInvective', 'Mental Illness', 'Monsters', 'Longpasta']",2014-04-25,1356
12641,"['Gods', 'Reality']",2017-03-19,2415
12642,"['Beings', 'Disappearances']",2015-08-21,1839
12643,"['Weird', 'Micropasta']",2015-09-20,1869
12644,['Animals'],2013-03-05,940
12645,"['Hospitals', 'Reality']",2016-11-13,2289
12646,"['HLWerewolf2017', 'Monsters']",2017-10-26,2636
12647,"['Nature', 'Vehicles']",2014-03-16,1316
12648,['Computers and Internet'],2016-12-03,2309
12649,['Animals'],2013-01-28,904
12650,"['Computers and Internet', 'Ritual']",2017-06-23,2511
12651,['Ritual'],2013-08-23,1111
12652,"['ClericofMadness', 'Items/Objects', 'Micropasta']",2010-09-20,43
12653,"['Reality', 'Disappearances']",2015-07-07,1794
12654,"['Reality', 'Mental Illness', 'Beings', 'Items/Objects']",2013-05-22,1018
12655,"['Beings', 'Items/Objects', 'Dreams/Sleep']",2014-06-23,1415
12656,"['Places', 'Disappearances', 'Beings', 'Nature']",2017-09-17,2597
12657,"['Beings', 'Weird']",2023-05-22,4670
12658,"['Dismemberment', 'Ritual', 'NSFW']",2013-12-05,1215
12659,"['Disappearances', 'Dismemberment', 'Places', 'We Go Bump']",2013-01-29,905
12660,"['Reality', 'Photography']",2014-04-18,1349
12661,"['Computers and Internet', 'Places', 'Science']",2020-08-18,3663
12662,"['Weird', 'Dismemberment']",2023-12-18,4880
12663,['Historical Archive/PD'],2018-06-19,2872
12664,"['Beings', 'Places']",2015-09-15,1864
12665,"['Beings', 'Nature']",2015-02-17,1654
12666,"['Cryptids', 'Dreams/Sleep', 'Disappearances']",2013-05-18,1014
12667,['Cryptids'],2013-05-16,1012
12668,"['Ghosts', 'Places']",2014-09-15,1499
12669,"['Weird', 'Nature', 'Kolpik', 'Cryptids', 'Videos']",2018-04-10,2802
12670,"['Josef K.', 'Historical Archive', 'Beings', 'History', 'Diary/Journal', 'Military', 'Places', 'Nature', 'Dismemberment', 'Disappearances']",2010-11-07,91
12671,"['Beings', 'Hospitals']",2014-06-03,1395
12672,"['Animals', 'Weird']",2015-07-03,1790
12673,"['Animals', 'Monsters', 'Nature']",2019-04-09,3166
12674,"['MakRalston', 'Beings', 'Weird']",2022-09-04,4410
12675,['Disappearances'],2014-02-22,1294
12676,['Mental Illness'],2014-09-08,1492
12677,"['Monsters', 'Diary/Journal']",2011-11-19,468
12678,"['Dreams/Sleep', 'Videos']",2016-04-10,2072
12679,"['DrBobSmith', 'Monsters', 'Military', 'History', 'Videos']",2019-07-13,3261
12680,"['Gods', 'Beings']",2021-05-27,3945
12681,['Monsters'],2012-11-26,841
12682,"['Demon/Devil', 'Items/Objects']",2011-10-31,449
12683,['Books'],2016-11-27,2303
12684,['Mental Illness'],2013-10-17,1166
12685,"['Demon/Devil', 'Mental Illness']",2013-05-11,1007
12686,"['Ghosts', 'Theory', 'Micropasta']",2014-11-25,1570
12687,"['Beings', 'Reddit Pastas']",2013-07-25,1082
12688,['Mental Illness'],2013-04-24,990
12689,"['DFPC15', 'Mental Illness', 'Reality', 'Micropasta']",2014-02-11,1283
12690,"['Books', 'Mental Illness', 'Items/Objects', 'Weird']",2021-03-26,3883
12691,['Beings'],2016-05-30,2122
12692,"[""The Vesper's Bell""]",2023-01-15,4543
12693,"['Animals', 'Mental Illness', 'Dismemberment', 'Nature']",2014-12-17,1592
12694,['Dismemberment'],2012-05-04,635
12695,['Animals'],2016-12-13,2319
12696,"['Disappearances', 'Ghosts', 'Items/Objects']",2018-11-06,3012
12697,"['Military', 'Science']",2014-06-18,1410
12698,"['Historical Archive', 'Suggested Reading', 'Video Games', 'Weird']",2011-10-10,428
12699,['Beings'],2013-07-19,1076
12700,"['Mirrors', 'Beings', 'Reality']",2013-10-08,1157
12701,"['Ghosts', 'Mental Illness', 'Dismemberment']",2012-06-13,675
12702,"['Beings', 'Dismemberment']",2015-06-06,1763
12703,['Mental Illness'],2011-12-19,498
12704,"['Places', 'Ghosts']",2014-04-08,1339
12705,['Demon/Devil'],2016-01-14,1985
12706,['AGB'],2018-07-10,2893
12707,['Dreams/Sleep'],2019-10-17,3357
12708,"['Monsters', 'Theory', 'Micropasta']",2012-03-31,601
12709,"['Zelda', 'Theory']",2012-07-14,706
12710,"['Ritual', 'Beings']",2018-01-16,2718
12711,"['Mental Illness', 'Beings']",2013-03-08,943
12712,"['Reality', 'Demon/Devil']",2014-07-21,1443
12713,"['Dismemberment', 'Mental Illness', 'Computers and Internet', 'Music']",2012-08-18,741
12714,['Animals'],2014-03-21,1321
12715,"['Military', 'Places']",2012-09-28,782
12716,"['Demon/Devil', 'Killahawke1', 'Videos']",2015-11-02,1912
12717,"['Disappearances', 'Beings']",2011-12-04,483
12718,"['Reality', 'Mirrors', 'Micropasta']",2013-11-02,1182
12719,"['Demon/Devil', 'Poetry']",2020-12-16,3783
12720,"['Beings', 'RCainTales']",2020-10-12,3718
12721,"['NSFW', 'Reddit Pastas', 'Animals', 'Cryptids', 'Nature', 'Disappearances', 'Dismemberment', 'Diary/Journal']",2017-07-28,2546
12722,"['Beings', 'Places', 'Disappearances']",2013-04-03,969
12723,['Places'],2013-02-18,925
12724,"['Monsters', 'Reddit Pastas']",2017-01-16,2353
12725,"['Lovecraftian', 'Disappearances', 'Beings']",2018-02-13,2746
12726,"['Monsters', 'Items/Objects']",2019-07-03,3251
12727,['Ghosts'],2012-12-02,847
12728,"['Space', 'Science', 'Beings']",2015-03-08,1673
12729,"['Beings', 'Disappearances']",2022-09-10,4416
12730,"['Beings', 'Theory', 'Ritual', 'NSFW', 'Videos']",2013-05-20,1016
12731,"['EmpyrealInvective', 'Mental Illness', 'Videos']",2013-10-30,1179
12732,"['Mental Illness', 'Reality']",2015-07-23,1810
12733,"['DFPC15', 'Mirrors', 'Theory', 'Micropasta']",2014-07-08,1430
12734,['Beings'],2017-07-06,2524
12735,['Mental Illness'],2013-03-17,952
12736,"['Computers and Internet', 'Theory', 'Science', 'Reality']",2015-01-03,1609
12737,"['Crime', 'History', 'Tewahway']",2022-10-23,4459
12738,['Dismemberment'],2014-03-24,1324
12739,"['Beings', 'Places']",2018-07-15,2898
12740,"['Science', 'Videos', 'Raidra']",2014-03-21,1321
12741,"['Beings', 'Places']",2015-07-03,1790
12742,"['Mental Illness', 'Theory', 'Micropasta']",2014-07-23,1445
12743,"['Dismemberment', 'EmpyrealInvective', 'Space', 'Theory', 'Videos']",2014-05-25,1386
12744,"['Reality', 'Mirrors']",2013-09-12,1131
12745,['Ghosts'],2018-07-30,2913
12746,"['Beings', 'Theory']",2012-11-26,841
12747,"['Ghosts', 'Dreams/Sleep']",2015-05-06,1732
12748,"['Disappearances', 'Weird', 'Food', 'William See']",2019-12-02,3403
12749,['Beings'],2014-05-21,1382
12750,['Mental Illness'],2014-06-28,1420
12751,"['Reality', 'Beings', 'Poetry']",2012-01-14,524
12752,"['Reality', 'Weird']",2023-02-02,4561
12753,['Video Games'],2021-03-10,3867
12754,"['Theory', 'Reality']",2013-11-22,1202
12755,"['Weird', 'Jdeschene']",2020-06-15,3599
12756,"['Animals', 'Ghosts', 'Reality', 'Theory', 'Micropasta']",2012-01-02,512
12757,['Ghosts'],2014-05-23,1384
12758,"['Mental Illness', 'Music', 'WriterJosh']",2017-12-07,2678
12759,['HPL'],2012-04-07,608
12760,"['Jollytime Murderfest 2016', 'Monsters', 'Disappearances', 'Mental Illness', 'Videos', 'Shadowswimmer77']",2016-12-23,2329
12761,"['Beings', 'Lovecraftian']",2022-10-05,4441
12762,"['Science', 'Military']",2017-07-01,2519
12763,"['Demon/Devil', 'Items/Objects']",2020-11-06,3743
12764,"['Reddit Pastas', 'Weird', 'Beings']",2020-09-06,3682
12765,['Items/Objects'],2011-11-14,463
12766,"['Beings', 'Mental Illness', 'Reality']",2013-10-05,1154
12767,"['PotM', 'DFPC15', 'Weird', 'Reality', 'We Go Bump 3', 'CharminglyShallow']",2014-08-15,1468
12768,['Mental Illness'],2015-04-22,1718
12769,"['Beings', 'Mental Illness']",2014-02-08,1280
12770,['Beings'],2017-02-05,2373
12771,"['Animals', 'Beings', 'Cornconic', 'Poetry']",2023-02-16,4575
12772,"['Appealed Stories', 'History', 'Longpasta']",2021-07-08,3987
12773,"['Beings', 'Reality', 'Historical Archive']",2010-11-07,91
12774,"['Nature', 'Mental Illness', 'Dreams/Sleep', 'Dismemberment']",2015-07-16,1803
12775,['Mental Illness'],2014-06-04,1396
12776,"['Noctevoire', 'Mental Illness']",2021-06-06,3955
12777,['Mental Illness'],2014-11-08,1553
12778,['Mental Illness'],2015-05-11,1737
12779,"['Poetry', 'Nature', 'Kolpik', 'Videos']",2018-05-11,2833
12780,"['Dismemberment', 'Beings']",2012-11-21,836
12781,['Dreams/Sleep'],2012-09-17,771
12782,['Items/Objects'],2012-03-04,574
12783,"['Historical Archive/PD', 'Poetry']",2018-07-13,2896
12784,"['Nature', 'Weird', 'Spotlighted Pastas']",2023-03-29,4616
12785,"['Wheel of Misfortune 2022', 'Monsters', 'Military', ""The Vesper's Bell""]",2022-04-13,4266
12786,"['Beings', 'Lovecraftian', 'Places', 'Nature']",2018-05-02,2824
12787,['Mental Illness'],2018-01-17,2719
12788,"['Beings', 'Dreams/Sleep']",2012-06-07,669
12789,"['Disappearances', 'Reality']",2013-09-03,1122
12790,"['Beings', 'Reality']",2014-06-23,1415
12791,"['Places', 'Dreams/Sleep']",2013-04-05,971
12792,"['Television', 'Places', 'Historical Archive', 'Dismemberment']",2011-03-23,227
12793,['Disappearances'],2020-08-08,3653
12794,"['TheDoctorFF', 'Animals', 'Beings', 'Items/Objects', 'Monsters']",2018-03-25,2786
12795,"['Poetry', 'Weird']",2023-07-22,4731
12796,"['Monsters', 'Reality', 'Micropasta']",2013-12-15,1225
12797,"['Disappearances', 'Mental Illness']",2015-02-16,1653
12798,['Dismemberment'],2016-10-19,2264
12799,"['HPL', 'Poetry']",2012-04-15,616
12800,"['Beings', 'Places', 'Reality']",2013-06-17,1044
12801,"['Beings', 'Micropasta']",2011-12-31,510
12802,"['Disappearances', 'Dreams/Sleep', 'L0CKED334', 'Nature', 'NSFW', 'PotM']",2019-02-25,3123
12803,['Places'],2015-07-25,1812
12804,['Ghosts'],2018-04-28,2820
12805,"['Beings', 'Dreams/Sleep']",2020-07-30,3644
12806,"['Places', 'Disappearances']",2013-10-05,1154
12807,"['Ritual', 'Places']",2013-01-17,893
12808,"['Beings', 'Disappearances']",2014-06-08,1400
12809,"['Demon/Devil', 'Items/Objects', 'NSFW']",2011-10-31,449
12810,['Beings'],2015-10-16,1895
12811,['Animals'],2015-03-02,1667
12812,['Ghosts'],2018-04-19,2811
12813,['Beings'],2013-08-07,1095
12814,['Mental Illness'],2014-10-20,1534
12815,"['Places', 'Nature']",2023-08-29,4769
12816,"['Beings', 'EmpyrealInvective', 'Videos']",2017-08-17,2566
12817,"['Beings', 'EmpyrealInvective', 'Videos']",2014-03-17,1317
12818,"['Mental Illness', 'Ritual', 'Books', 'Diary/Journal']",2012-07-06,698
12819,['Beings'],2020-06-09,3593
12820,"['Weird', 'SCAnti-Cliche2016']",2016-09-23,2238
12821,['Diary/Journal'],2015-03-23,1688
12822,"['Ghosts', 'Music', 'Spotlighted Pastas']",2014-11-02,1547
12823,['Ghosts'],2012-07-22,714
12824,"['DFPC15', 'Mental Illness', 'Micropasta']",2014-04-28,1359
12825,"['L0CKED334', 'Christmas', 'Nature', 'Videos']",2018-11-16,3022
12826,"['Mental Illness', 'Beings']",2016-04-04,2066
12827,"['AustinDR', 'Beings', 'Videos']",2020-01-03,3435
12828,['Beings'],2012-09-30,784
12829,"['PokéMon', 'Historical Archive', 'Micropasta']",2011-04-28,263
12830,['Monsters'],2013-01-04,880
12831,['Ghosts'],2014-08-17,1470
12832,"['Monsters', 'Raidra']",2014-10-18,1532
12833,"['Lovecraftian', 'NSFW']",2013-08-02,1090
12834,"['Mental Illness', 'Hospitals']",2018-01-17,2719
12835,"['Diary/Journal', 'Beings', 'Mental Illness', 'Items/Objects']",2016-06-21,2144
12836,"['Mental Illness', 'Military']",2015-05-25,1751
12837,"['Beings', 'Computers and Internet']",2016-04-04,2066
12838,"['Beings', 'Ritual']",2014-08-30,1483
12839,"['Demon/Devil', 'Reality']",2014-10-16,1530
12840,"['Mental Illness', 'Places']",2012-03-31,601
12841,"['Ghosts', 'Mental Illness', 'Micropasta']",2012-10-13,797
12842,"['Animals', 'Dreams/Sleep']",2013-04-08,974
12843,"['Ghosts', 'Suggested Reading', 'Historical Archive']",2012-04-18,619
12844,"['Diary/Journal', 'Mental Illness']",2012-07-24,716
12845,"['Vehicles', 'Dismemberment', 'Ghosts']",2017-05-25,2482
12846,"['Mental Illness', 'Micropasta']",2012-03-30,600
12847,"['Reality', 'Micropasta']",2013-08-07,1095
12848,"['Items/Objects', 'Beings']",2012-06-16,678
12849,"['Beings', 'Animals']",2022-05-10,4293
12850,"['Places', 'Beings']",2014-01-19,1260
12851,['Mental Illness'],2014-03-13,1313
12852,['Monsters'],2016-01-25,1996
12853,['Ritual'],2013-10-04,1153
12854,"['Video Games', 'Theory']",2012-12-15,860
12855,"['Reality', 'Theory', 'Micropasta']",2014-03-24,1324
12856,"['Mental Illness', 'Science', 'Theory', 'Ghosts', 'Reality']",2013-02-21,928
12857,"['Mental Illness', 'Ghosts']",2012-06-12,674
12858,"['Troll Pasta', 'Memes', 'Micropasta']",2011-03-25,229
12859,"['Reality', 'Mental Illness']",2010-12-02,116
12860,['PokéMon'],2012-03-02,572
12861,['Lost Episodes'],2011-11-22,471
12862,['Mental Illness'],2015-10-28,1907
12863,['Animals'],2013-04-03,969
12864,"['Dreams/Sleep', 'Monsters']",2013-09-01,1120
12865,"['Ghosts', 'Dismemberment']",2018-01-28,2730
12866,"['Beings', 'Theory', 'Animals', 'Micropasta']",2014-08-27,1480
12867,['Computers and Internet'],2014-03-03,1303
12868,"['Items/Objects', 'Beings', 'Places']",2011-04-21,256
12869,"['Beings', 'Dreams/Sleep']",2014-06-05,1397
12870,"['Mental Illness', 'Crime', 'Weird']",2017-02-11,2379
12871,"['Reality', 'Spotlighted Pastas']",2016-08-11,2195
12872,"['Beings', 'Dreams/Sleep']",2018-08-06,2920
12873,"['Dreams/Sleep', 'Beings']",2018-05-22,2844
12874,[],2017-03-19,2415
12875,"['Ghosts', 'Dismemberment', 'Disappearances']",2012-05-17,648
12876,"['Appealed Spinoffs', 'Crime', 'Memes', 'Disappearances', 'Dismemberment', 'Mental Illness']",2014-05-17,1378
12877,"['Items/Objects', 'Music']",2017-09-26,2606
12878,"['Video Games', 'Videos', 'Fairly7Local']",2018-04-13,2805
12879,"['NSFW', 'Weird', 'Mental Illness']",2015-07-08,1795
12880,"['Cryptids', 'Dismemberment']",2018-06-03,2856
12881,[],2017-03-28,2424
12882,['Weird'],2020-12-07,3774
12883,['Dismemberment'],2015-08-22,1840
12884,"['Weird', 'Places']",2021-08-21,4031
12885,['Reality'],2015-05-09,1735
12886,"['Disappearances', 'Reality']",2017-11-12,2653
12887,"['Mental Illness', 'Weird', 'Places']",2015-10-11,1890
12888,"['Beings', 'Diary/Journal']",2013-08-24,1112
12889,"['Animals', 'Reddit Pastas', 'Mental Illness']",2016-10-16,2261
12890,['PokéMon'],2012-04-16,617
12891,"['Mental Illness', 'Beings', 'Military', 'Diary/Journal']",2015-08-04,1822
12892,"['Monsters', 'Mental Illness']",2015-06-13,1770
12893,"['Mental Illness', 'Animals']",2020-10-20,3726
12894,['Television'],2021-08-14,4024
12895,"['Items/Objects', 'Dreams/Sleep', 'Beings', 'PotM']",2014-08-15,1468
12896,"['Reality', 'Spotlighted Pastas']",2014-11-07,1552
12897,['Disappearances'],2012-04-30,631
12898,['EAP'],2012-05-01,632
12899,"['Beings', 'Mental Illness', 'Micropasta']",2011-11-17,466
12900,"['Dismemberment', 'Beings']",2014-08-13,1466
12901,"['Weird', 'NSFW', 'Jdeschene']",2018-07-11,2894
12902,"['Animals', 'Dismemberment', 'Disappearances']",2021-03-06,3863
12903,"[""The Vesper's Bell"", 'Animals', 'Places', 'Hospitals']",2020-10-24,3730
12904,"['Mental Illness', 'Items/Objects']",2014-09-15,1499
12905,"['Beings', 'Nature', 'Places']",2013-09-08,1127
12906,"['Mental Illness', 'Weird']",2012-11-25,840
12907,"['Stormlilly', 'Appealed Spinoffs', 'Video Games']",2014-05-19,1380
12908,"['Mental Illness', 'Dreams/Sleep', 'Monsters']",2011-03-20,224
12909,['Mental Illness'],2014-06-11,1403
12910,"['History', 'Monsters']",2013-07-24,1081
12911,['Ghosts'],2014-08-21,1474
12912,"['Beings', 'Dismemberment', 'Nature']",2020-05-01,3554
12913,"['Glisario', 'Mental Illness', 'Halloween']",2018-08-28,2942
12914,['EAP'],2012-05-01,632
12915,"['Ritual', 'Beings']",2017-03-15,2411
12916,"['Nature', 'Diary/Journal']",2013-05-25,1021
12917,['Lost Episodes'],2012-12-06,851
12918,['Mental Illness'],2014-05-19,1380
12919,"['Diary/Journal', 'Items/Objects', 'Mental Illness', 'Micropasta']",2012-10-25,809
12920,['Zelda'],2013-06-19,1046
12921,"['Disappearances', 'Monsters', 'Nature', 'Parlour', 'Places']",2018-12-28,3064
12922,"['Ghosts', 'Mental Illness', 'Places']",2014-10-06,1520
12923,['Beings'],2014-06-04,1396
12924,"['Beings', 'Mental Illness']",2012-05-03,634
12925,"['Video Games', 'Historical Archive']",2011-08-14,371
12926,"['Monsters', 'Places']",2021-07-31,4010
12927,"['Nature', 'Micropasta']",2013-02-28,935
12928,"['HPL', 'Diary/Journal']",2017-10-05,2615
12929,"['Ghosts', 'Music']",2013-08-27,1115
12930,"['Monsters', 'Dismemberment', 'Mental Illness', 'REH', 'Longpasta']",2017-08-15,2564
12931,"['Science', 'Reality', 'Micropasta']",2012-05-08,639
12932,"['AltLang', 'Beings', 'Mental Illness', 'Videos']",2013-09-30,1149
12933,['Weird'],2020-11-15,3752
12934,['Monsters'],2016-12-22,2328
12935,['Dreams/Sleep'],2015-04-14,1710
12936,['Poetry'],2018-03-27,2788
12937,['Poetry'],2013-09-28,1147
12938,['Weird'],2016-09-11,2226
12939,"['Beings', 'Weird']",2023-04-04,4622
12940,"['Science', 'Micropasta']",2013-01-03,879
12941,['Demon/Devil'],2014-06-12,1404
12942,"['Dreams/Sleep', 'Mental Illness']",2014-07-16,1438
12943,['REH'],2018-01-12,2714
12944,['Ritual'],2015-03-28,1693
12945,"['Beings', 'Items/Objects', 'Computers and Internet']",2013-09-14,1133
12946,"['Beings', 'Memes']",2012-10-08,792
12947,"['Beings', 'Dreams/Sleep']",2013-05-21,1017
12948,"['Demon/Devil', 'Reality']",2011-02-13,189
12949,"['Diary/Journal', 'Beings']",2012-12-16,861
12950,"['Demon/Devil', 'Places', 'Beings']",2015-07-28,1815
12951,"[""The Vesper's Bell"", 'Ghosts']",2023-04-15,4633
12952,"['Lovecraftian', 'Beings', 'Monsters']",2020-02-08,3471
12953,"['JohnathanNash', 'Mental Illness', 'Micropasta']",2015-06-30,1787
12954,"['Beings', 'Crime', 'Dreams/Sleep', 'Items/Objects']",2013-08-23,1111
12955,"['Beings', 'Weird']",2023-03-27,4614
12956,"['Beings', 'Animals']",2013-07-17,1074
12957,"['Dismemberment', 'Monsters', 'Vehicles']",2014-06-25,1417
12958,"['Beings', 'Weird']",2013-11-04,1184
12959,"['Dreams/Sleep', 'Disappearances', 'Beings', 'Mental Illness']",2014-05-29,1390
12960,['Computers and Internet'],2012-07-06,698
12961,['Places'],2014-04-09,1340
12962,"['Beings', 'Dreams/Sleep', 'Longpasta']",2019-06-11,3229
12963,"['Beings', 'Dismemberment', 'Icydice', 'Videos']",2018-10-14,2989
12964,"['Monsters', 'Dismemberment', 'Disappearances']",2013-02-21,928
12965,"['Animals', 'Demon/Devil', 'Dismemberment']",2013-05-07,1003
12966,"['Places', 'Cryptids', 'Dismemberment', 'Nature', 'Animals']",2012-12-02,847
12967,"['Monsters', 'REH', 'Places']",2013-03-06,941
12968,"['Beings', 'Places']",2021-10-06,4077
12969,"['FearAddict', 'Ghosts']",2015-05-29,1755
12970,"['Animals', 'Ritual']",2017-12-02,2673
12971,['Dreams/Sleep'],2012-05-02,633
12972,"['Beings', 'Mental Illness']",2012-05-01,632
12973,"['Nature', 'Beings']",2018-07-15,2898
12974,['Mental Illness'],2013-05-24,1020
12975,['Monsters'],2012-05-08,639
12976,['Monsters'],2013-06-19,1046
12977,"['We Go Bump', 'Disappearances', 'Dismemberment', 'Places']",2013-03-13,948
12978,"['Diary/Journal', 'Dismemberment', 'Beings']",2013-11-06,1186
12979,"['Diary/Journal', 'Disappearances', 'Dismemberment']",2020-07-09,3623
12980,"['Diary/Journal', 'Demon/Devil', 'Items/Objects']",2014-08-03,1456
12981,"['Places', 'Beings']",2021-07-30,4009
12982,"['Weird', 'Micropasta']",2017-10-31,2641
12983,"['Icydice', 'Weird']",2022-05-08,4291
12984,"['Disappearances', 'Mental Illness', 'Micropasta']",2013-11-30,1210
12985,"['Computers and Internet', 'Dreams/Sleep']",2019-09-28,3338
12986,"['Dreams/Sleep', 'Diary/Journal']",2013-02-26,933
12987,['Disappearances'],2016-10-13,2258
12988,"['Mental Illness', 'Science']",2014-02-21,1293
12989,"['Weird', 'Beings', 'Gomez Capulet']",2018-05-20,2842
12990,"['AltLang', 'Computers and Internet', 'Music', 'Videos']",2012-02-03,544
12991,['Animals'],2013-05-08,1004
12992,"['Monsters', 'Weird', 'MalumLibrum958']",2022-11-22,4489
12993,"['Dreams/Sleep', 'Beings']",2013-05-21,1017
12994,"['Animals', 'Places', 'William See']",2020-05-06,3559
12995,"['Weird', 'Reality']",2017-03-26,2422
12996,"['Mental Illness', 'Beings', 'Micropasta']",2013-02-18,925
12997,"['Nature', 'Cornconic', 'Videos']",2019-05-30,3217
12998,['Items/Objects'],2018-09-02,2947
12999,"['Diary/Journal', 'Beings', 'Dreams/Sleep']",2012-12-10,855
13000,['Diary/Journal'],2013-09-17,1136
13001,"['Gods', 'Nature', 'Places']",2017-02-08,2376
13002,"['Ghosts', 'Historical Archive', 'Hospitals']",2010-08-10,2
13003,"['Mental Illness', 'Demon/Devil']",2021-06-02,3951
13004,"['Books', 'Mental Illness']",2013-02-03,910
13005,"['ClericofMadness', 'Weird', 'Reality', 'Micropasta']",2010-09-21,44
13006,['Computers and Internet'],2014-07-18,1440
13007,['Beings'],2011-07-01,327
13008,"['Vehicles', 'Beings']",2017-01-29,2366
13009,"['Historical Archive', 'Items/Objects', 'Micropasta']",2010-08-19,11
13010,['EAP'],2012-05-01,632
13011,"['Weird', 'Beings']",2012-03-07,577
13012,['Video Games'],2011-12-17,496
13013,"['Gods', 'Space', 'Lovecraftian', 'Items/Objects']",2015-12-16,1956
13014,"['Zelda', 'Historical Archive']",2012-01-30,540
13015,"['HopelessNightOwl', 'Nature']",2023-01-08,4536
13016,"['Cryptids', 'Nature']",2013-04-04,970
13017,['Lovecraftian'],2015-07-18,1805
13018,"['Beings', 'Dreams/Sleep', 'Diary/Journal']",2012-12-30,875
13019,"['Mental Illness', 'Ghosts']",2015-05-26,1752
13020,"['Demon/Devil', 'Places']",2013-08-04,1092
13021,['Science'],2013-08-26,1114
13022,['Ghosts'],2014-10-27,1541
13023,"['Reality', 'Places']",2011-12-06,485
13024,"['Mental Illness', 'Dreams/Sleep']",2013-04-25,991
13025,"['Cryptids', 'Places']",2015-04-13,1709
13026,['Mental Illness'],2013-04-22,988
13027,"['Dreams/Sleep', 'Reality', 'Weird', 'Jdeschene']",2018-06-29,2882
13028,"['Ghosts', 'History']",2013-07-01,1058
13029,['Mental Illness'],2013-05-23,1019
13030,"['Demon/Devil', 'Disappearances']",2015-12-24,1964
13031,"['Dismemberment', 'Mental Illness']",2010-11-06,90
13032,"['Beings', 'Micropasta']",2012-06-20,682
13033,"['Items/Objects', 'Ghosts']",2012-04-18,619
13034,['Reality'],2014-04-27,1358
13035,"['Places', 'Reddit Pastas', 'Beings']",2016-04-27,2089
13036,['Ghosts'],2014-05-25,1386
13037,['Beings'],2014-03-27,1327
13038,"['Beings', 'Dreams/Sleep']",2011-04-22,257
13039,"['Beings', 'Items/Objects']",2022-02-22,4216
13040,"['Beings', 'Reality']",2013-04-25,991
13041,"['Demon/Devil', 'Mental Illness']",2013-07-31,1088
13042,['Beings'],2017-03-05,2401
13043,"['Theory', 'Videos', 'Video Games']",2014-09-23,1507
13044,"['Monsters', 'Dreams/Sleep']",2013-04-16,982
13045,"['History', 'Military']",2013-10-28,1177
13046,"['Reality', 'Micropasta']",2020-05-14,3567
13047,"['Food', 'Weird']",2020-09-25,3701
13048,"['Dreams/Sleep', 'Mental Illness']",2014-06-22,1414
13049,"['Mental Illness', 'Dismemberment']",2012-10-12,796
13050,"['NSFW', 'Mental Illness', 'Dismemberment']",2015-04-20,1716
13051,"['Dreams/Sleep', 'Ghosts']",2013-08-26,1114
13052,['Demon/Devil'],2013-08-12,1100
13053,['Beings'],2014-05-09,1370
13054,"['Mental Illness', 'Beings']",2014-04-11,1342
13055,"['Beings', 'Micropasta']",2012-10-08,792
13056,"['Dreams/Sleep', 'Monsters', 'Micropasta']",2014-08-30,1483
13057,"['Reality', 'Dreams/Sleep', 'Micropasta']",2014-11-26,1571
13058,['Ghosts'],2013-04-04,970
13059,"['Beings', 'Science']",2020-05-11,3564
13060,['Computers and Internet'],2021-03-04,3861
13061,"['Ritual', 'Ghosts', 'Reality', 'Mental Illness']",2014-06-04,1396
13062,"['Beings', 'Micropasta']",2012-09-18,772
13063,['Mental Illness'],2017-05-20,2477
13064,"['Dismemberment', 'Mental Illness']",2017-03-07,2403
13065,['Ghosts'],2013-09-29,1148
13066,"['Theory', 'Reality', 'Micropasta']",2012-03-18,588
13067,"['Computers and Internet', 'Micropasta']",2014-11-05,1550
13068,['Places'],2014-06-17,1409
13069,"['Cryptids', 'Nature', 'Jdeschene', 'Videos']",2018-10-01,2976
13070,"['Mental Illness', 'Historical Archive']",2010-11-06,90
13071,"['Mental Illness', 'Reality', 'Ghosts']",2014-07-12,1434
13072,"['Weird', 'Micropasta']",2012-09-22,776
13073,"['Monsters', ""The Vesper's Bell""]",2021-07-22,4001
13074,"['Dreams/Sleep', 'Beings']",2020-01-26,3458
13075,"['Dismemberment', 'Mental Illness', 'NSFW']",2013-07-14,1071
13076,['Beings'],2021-06-11,3960
13077,['Reddit Pastas'],2019-05-17,3204
13078,['Mental Illness'],2013-01-27,903
13079,"['Dismemberment', 'Monsters', 'Nature']",2012-04-29,630
13080,"['Diary/Journal', 'Monsters']",2013-10-12,1161
13081,"['Dismemberment', 'Monsters']",2017-02-20,2388
13082,"['Places', 'Dismemberment']",2017-03-17,2413
13083,"['Ritual', 'Mirrors', 'Micropasta']",2011-10-15,433
13084,['Dismemberment'],2014-03-02,1302
13085,"['Spotlighted Pastas', 'Disappearances', 'Weird']",2023-04-14,4632
13086,['Monsters'],2021-05-15,3933
13087,['Historical Archive/PD'],2018-06-03,2856
13088,"['Cornconic', 'Science', 'Weird', 'Videos']",2021-02-25,3854
13089,"['Computers and Internet', 'Mental Illness']",2012-08-10,733
13090,['Television'],2015-06-12,1769
13091,"['Diary/Journal', 'Mental Illness']",2015-04-25,1721
13092,"['Beings', 'Reality']",2014-04-06,1337
13093,"['Gods', 'Dreams/Sleep', 'Reality']",2014-06-24,1416
13094,['Video Games'],2013-09-05,1124
13095,"['Ritual', 'Beings']",2013-07-29,1086
13096,"['Mental Illness', 'Diary/Journal']",2013-12-06,1216
13097,['Disappearances'],2014-02-19,1291
13098,['Mental Illness'],2012-08-14,737
13099,"['Computers and Internet', 'Reality']",2013-06-07,1034
13100,"['Mental Illness', 'Monsters', 'Crime']",2020-08-18,3663
13101,"['Gods', 'Reality']",2015-09-06,1855
13102,"['Monsters', 'Reality', 'Micropasta']",2012-04-14,615
13103,['Mental Illness'],2015-03-01,1666
13104,"['History', 'Reality']",2016-08-12,2196
13105,"['Items/Objects', 'Weird']",2013-11-18,1198
13106,"['Weird', 'Reality', 'Tewahway', 'Places']",2022-03-17,4239
13107,"['History', 'Military', 'Diary/Journal']",2020-12-08,3775
13108,"['Videos', 'Historical Archive/PD']",2018-08-13,2927
13109,['Computers and Internet'],2014-06-17,1409
13110,"['Places', 'Items/Objects', 'Ghosts']",2014-05-08,1369
13111,"['Beings', 'Memes', 'Photography', 'Videos']",2011-02-23,199
13112,['Zelda'],2010-11-30,114
13113,['Science'],2014-10-05,1519
13114,"['Places', 'Monsters']",2020-04-06,3529
13115,['Weird'],2012-04-20,621
13116,"['Halloween', 'Dismemberment', 'Disappearances', 'Monsters', 'Diary/Journal']",2012-09-17,771
13117,"['Animals', 'Items/Objects', 'Nature', 'Science']",2013-01-07,883
13118,"['Crime', 'Diary/Journal']",2012-05-31,662
13119,"['Mental Illness', 'Poetry']",2021-02-07,3836
13120,"['Cryptids', 'D. Compton Ambrose', 'Disappearances', 'Longpasta']",2017-12-14,2685
13121,"['Animals', 'D. Compton Ambrose', 'Places', 'Science']",2018-07-31,2914
13122,['PokéMon'],2011-10-30,448
13123,"['AltLang', 'NSFW', 'Ritual', 'Demon/Devil']",2013-03-08,943
13124,['Monsters'],2016-05-12,2104
13125,"['AltLang', 'Poetry', 'Beings']",2012-05-16,647
13126,['Mental Illness'],2013-04-02,968
13127,"['Liminal Spaces 2022', 'Dgrady237', 'Beings', 'Places']",2022-09-04,4410
